> Task :gradle-plugin:settings-plugin:checkKotlinGradlePluginConfigurationErrors
> Task :gradle-plugin:shared:checkKotlinGradlePluginConfigurationErrors
> Task :gradle-plugin:shared:compileKotlin UP-TO-DATE
> Task :gradle-plugin:shared:compileJava NO-SOURCE
> Task :gradle-plugin:shared:processResources NO-SOURCE
> Task :gradle-plugin:shared:classes UP-TO-DATE
> Task :gradle-plugin:shared:jar UP-TO-DATE
> Task :gradle-plugin:settings-plugin:compileKotlin UP-TO-DATE
> Task :gradle-plugin:settings-plugin:compileJava NO-SOURCE
> Task :gradle-plugin:settings-plugin:pluginDescriptors UP-TO-DATE
> Task :gradle-plugin:settings-plugin:processResources UP-TO-DATE
> Task :gradle-plugin:settings-plugin:classes UP-TO-DATE
> Task :gradle-plugin:settings-plugin:jar UP-TO-DATE
> Task :gradle-plugin:react-native-gradle-plugin:checkKotlinGradlePluginConfigurationErrors
> Task :gradle-plugin:react-native-gradle-plugin:compileKotlin UP-TO-DATE
> Task :gradle-plugin:react-native-gradle-plugin:compileJava NO-SOURCE
> Task :gradle-plugin:react-native-gradle-plugin:pluginDescriptors UP-TO-DATE
> Task :gradle-plugin:react-native-gradle-plugin:processResources UP-TO-DATE
> Task :gradle-plugin:react-native-gradle-plugin:classes UP-TO-DATE
> Task :gradle-plugin:react-native-gradle-plugin:jar UP-TO-DATE

> Configure project :expo

Using expo modules
  - [32mexpo-application[0m (6.0.2)
  - [32mexpo-asset[0m (11.0.5)
  - [32mexpo-blur[0m (14.0.3)
  - [32mexpo-camera[0m (16.0.18)
  - [32mexpo-constants[0m (17.0.8)
  - [32mexpo-device[0m (7.0.3)
  - [32mexpo-file-system[0m (18.0.12)
  - [32mexpo-font[0m (13.0.4)
  - [32mexpo-haptics[0m (14.0.1)
  - [32mexpo-image-loader[0m (5.0.0)
  - [32mexpo-image-picker[0m (16.0.6)
  - [32mexpo-keep-awake[0m (14.0.3)
  - [32mexpo-linear-gradient[0m (14.0.2)
  - [32mexpo-location[0m (18.0.10)
  - [32mexpo-modules-core[0m (2.2.3)
  - [32mexpo-notifications[0m (0.29.14)
  - [32mexpo-system-ui[0m (4.0.9)


> Configure project :react-native-reanimated
Android gradle plugin: 8.6.0
Gradle: 8.10.2

> Task :app:clean
> Task :expo:clean
> Task :expo-application:clean
> Task :expo-asset:clean
> Task :expo-blur:clean
> Task :expo-camera:clean
> Task :expo-constants:clean
> Task :expo-device:clean
> Task :expo-file-system:clean
> Task :expo-font:clean
> Task :expo-haptics:clean
> Task :expo-image-loader:clean
> Task :expo-image-picker:clean
> Task :expo-keep-awake:clean
> Task :expo-linear-gradient:clean
> Task :expo-location:clean
> Task :expo-modules-core:externalNativeBuildCleanDebug

> Task :expo-modules-core:externalNativeBuildCleanRelease
Clean expo-modules-core-armeabi-v7a
Clean expo-modules-core-arm64-v8a
Clean expo-modules-core-x86
Clean expo-modules-core-x86_64

> Task :expo-modules-core:clean
> Task :expo-notifications:clean
> Task :expo-system-ui:clean
> Task :lottie-react-native:clean
> Task :react-native-async-storage_async-storage:clean
> Task :react-native-community_netinfo:clean
> Task :react-native-community_slider:clean
> Task :react-native-gesture-handler:clean
> Task :react-native-maps:clean
> Task :react-native-reanimated:cleanCmakeCache
> Task :react-native-reanimated:externalNativeBuildCleanDebug
> Task :react-native-reanimated:externalNativeBuildCleanRelease
> Task :react-native-reanimated:clean
> Task :react-native-safe-area-context:clean
> Task :react-native-screens:externalNativeBuildCleanDebug

> Task :react-native-screens:externalNativeBuildCleanRelease
Clean rnscreens-armeabi-v7a
Clean rnscreens-arm64-v8a
Clean rnscreens-x86
Clean rnscreens-x86_64

> Task :react-native-screens:clean
> Task :react-native-svg:clean
> Task :sentry_react-native:clean
> Task :stripe_stripe-react-native:clean
> Task :app:checkKotlinGradlePluginConfigurationErrors
> Task :app:generateAutolinkingPackageList
> Task :app:generateCodegenSchemaFromJavaScript SKIPPED
> Task :app:generateCodegenArtifactsFromSchema SKIPPED
> Task :app:preBuild
> Task :app:preReleaseBuild
> Task :app:generateReleaseBuildConfig
> Task :expo:generateExpoModulesPackageListTask
> Task :expo:preBuild
> Task :expo:preReleaseBuild
> Task :expo-application:preBuild UP-TO-DATE
> Task :expo-application:preReleaseBuild UP-TO-DATE
> Task :expo:writeReleaseAarMetadata
> Task :expo-asset:preBuild UP-TO-DATE
> Task :expo-asset:preReleaseBuild UP-TO-DATE
> Task :expo-application:writeReleaseAarMetadata
> Task :expo-blur:preBuild UP-TO-DATE
> Task :expo-blur:preReleaseBuild UP-TO-DATE
> Task :expo-asset:writeReleaseAarMetadata
> Task :expo-camera:preBuild UP-TO-DATE
> Task :expo-camera:preReleaseBuild UP-TO-DATE
> Task :expo-blur:writeReleaseAarMetadata
> Task :expo-camera:writeReleaseAarMetadata

> Task :expo-constants:createExpoConfig
The NODE_ENV environment variable is required but was not specified. Ensure the project is bundled with Expo CLI or NODE_ENV is set.
Proceeding without mode-specific .env
env: load .env
env: export EXPO_PUBLIC_SUPABASE_URL EXPO_PUBLIC_SUPABASE_ANON_KEY EXPO_PUBLIC_GOOGLE_MAPS_API_KEY EXPO_PUBLIC_STRIPE_PUBLISHABLE_KEY EXPO_PUBLIC_MAPBOX_ACCESS_TOKEN

> Task :expo-constants:preBuild
> Task :expo-constants:preReleaseBuild
> Task :expo-device:preBuild UP-TO-DATE
> Task :expo-device:preReleaseBuild UP-TO-DATE
> Task :expo-constants:writeReleaseAarMetadata
> Task :expo-file-system:preBuild UP-TO-DATE
> Task :expo-file-system:preReleaseBuild UP-TO-DATE
> Task :expo-device:writeReleaseAarMetadata
> Task :expo-font:preBuild UP-TO-DATE
> Task :expo-font:preReleaseBuild UP-TO-DATE
> Task :expo-file-system:writeReleaseAarMetadata
> Task :expo-haptics:preBuild UP-TO-DATE
> Task :expo-haptics:preReleaseBuild UP-TO-DATE
> Task :expo-font:writeReleaseAarMetadata
> Task :expo-image-loader:preBuild UP-TO-DATE
> Task :expo-image-loader:preReleaseBuild UP-TO-DATE
> Task :expo-image-picker:preBuild UP-TO-DATE
> Task :expo-image-picker:preReleaseBuild UP-TO-DATE
> Task :expo-image-loader:writeReleaseAarMetadata
> Task :expo-haptics:writeReleaseAarMetadata
> Task :expo-image-picker:writeReleaseAarMetadata
> Task :expo-keep-awake:preBuild UP-TO-DATE
> Task :expo-keep-awake:preReleaseBuild UP-TO-DATE
> Task :expo-linear-gradient:preBuild UP-TO-DATE
> Task :expo-linear-gradient:preReleaseBuild UP-TO-DATE
> Task :expo-location:preBuild UP-TO-DATE
> Task :expo-location:preReleaseBuild UP-TO-DATE
> Task :expo-keep-awake:writeReleaseAarMetadata
> Task :expo-modules-core:preBuild UP-TO-DATE
> Task :expo-modules-core:preReleaseBuild UP-TO-DATE
> Task :expo-linear-gradient:writeReleaseAarMetadata
> Task :expo-modules-core:writeReleaseAarMetadata
> Task :expo-notifications:preBuild UP-TO-DATE
> Task :expo-notifications:preReleaseBuild UP-TO-DATE
> Task :expo-location:writeReleaseAarMetadata
> Task :expo-system-ui:preBuild UP-TO-DATE
> Task :expo-system-ui:preReleaseBuild UP-TO-DATE
> Task :lottie-react-native:preBuild UP-TO-DATE
> Task :expo-notifications:writeReleaseAarMetadata
> Task :lottie-react-native:preReleaseBuild UP-TO-DATE
> Task :expo-system-ui:writeReleaseAarMetadata
> Task :react-native-async-storage_async-storage:preBuild UP-TO-DATE
> Task :react-native-async-storage_async-storage:preReleaseBuild UP-TO-DATE
> Task :react-native-community_netinfo:preBuild UP-TO-DATE
> Task :react-native-community_netinfo:preReleaseBuild UP-TO-DATE
> Task :react-native-community_slider:preBuild UP-TO-DATE
> Task :react-native-community_slider:preReleaseBuild UP-TO-DATE
> Task :react-native-gesture-handler:preBuild UP-TO-DATE
> Task :react-native-gesture-handler:preReleaseBuild UP-TO-DATE
> Task :react-native-async-storage_async-storage:writeReleaseAarMetadata
> Task :react-native-community_netinfo:writeReleaseAarMetadata
> Task :lottie-react-native:writeReleaseAarMetadata
> Task :react-native-community_slider:writeReleaseAarMetadata
> Task :react-native-maps:preBuild UP-TO-DATE
> Task :react-native-gesture-handler:writeReleaseAarMetadata
> Task :react-native-maps:preReleaseBuild UP-TO-DATE
> Task :react-native-reanimated:assertLatestReactNativeWithNewArchitectureTask SKIPPED
> Task :react-native-maps:writeReleaseAarMetadata
> Task :react-native-reanimated:assertMinimalReactNativeVersionTask SKIPPED
> Task :react-native-reanimated:prepareReanimatedHeadersForPrefabs
> Task :react-native-reanimated:prepareWorkletsHeadersForPrefabs
> Task :react-native-reanimated:preBuild
> Task :react-native-reanimated:preReleaseBuild
> Task :react-native-safe-area-context:preBuild UP-TO-DATE
> Task :react-native-safe-area-context:preReleaseBuild UP-TO-DATE
> Task :react-native-reanimated:writeReleaseAarMetadata
> Task :react-native-screens:preBuild UP-TO-DATE
> Task :react-native-screens:preReleaseBuild UP-TO-DATE
> Task :react-native-safe-area-context:writeReleaseAarMetadata
> Task :react-native-svg:preBuild UP-TO-DATE
> Task :react-native-screens:writeReleaseAarMetadata
> Task :react-native-svg:preReleaseBuild UP-TO-DATE
> Task :sentry_react-native:preBuild UP-TO-DATE
> Task :sentry_react-native:preReleaseBuild UP-TO-DATE
> Task :react-native-svg:writeReleaseAarMetadata
> Task :stripe_stripe-react-native:preBuild UP-TO-DATE
> Task :stripe_stripe-react-native:preReleaseBuild UP-TO-DATE
> Task :sentry_react-native:writeReleaseAarMetadata
> Task :stripe_stripe-react-native:writeReleaseAarMetadata
> Task :app:checkReleaseAarMetadata

> Task :app:createBundleReleaseJsAndAssets
env: load .env
env: export EXPO_PUBLIC_SUPABASE_URL EXPO_PUBLIC_SUPABASE_ANON_KEY EXPO_PUBLIC_GOOGLE_MAPS_API_KEY EXPO_PUBLIC_STRIPE_PUBLISHABLE_KEY EXPO_PUBLIC_MAPBOX_ACCESS_TOKEN
Starting Metro Bundler
warning: Bundler cache is empty, rebuilding (this may take a minute)
Android Bundled 49140ms apps/rider/index.js (1683 modules)
Writing bundle output to: /Users/kingtay/Desktop/g taxi rider/apps/rider/android/app/build/generated/assets/createBundleReleaseJsAndAssets/index.android.bundle
Writing sourcemap output to: /Users/kingtay/Desktop/g taxi rider/apps/rider/android/app/build/intermediates/sourcemaps/react/release/index.android.bundle.packager.map
Copying 27 asset files
Done writing bundle output
Done writing sourcemap output
/Users/kingtay/Desktop/g taxi rider/apps/rider/android/app/build/generated/assets/createBundleReleaseJsAndAssets/index.android.bundle:3976:16: warning: the variable "SharedArrayBuffer" was not declared in function "from"
    if (typeof SharedArrayBuffer !== 'undefined' && (isInstance(value, Shared...
               ^~~~~~~~~~~~~~~~~
/Users/kingtay/Desktop/g taxi rider/apps/rider/android/app/build/generated/assets/createBundleReleaseJsAndAssets/index.android.bundle:7864:23: warning: the variable "DebuggerInternal" was not declared in function "__shouldPauseOnThrow"
        return typeof DebuggerInternal !== 'undefined' && DebuggerInternal.sh...
                      ^~~~~~~~~~~~~~~~
/Users/kingtay/Desktop/g taxi rider/apps/rider/android/app/build/generated/assets/createBundleReleaseJsAndAssets/index.android.bundle:18219:7: warning: the variable "setTimeout" was not declared in function "logCapturedError"
      setTimeout(function () {
      ^~~~~~~~~~
/Users/kingtay/Desktop/g taxi rider/apps/rider/android/app/build/generated/assets/createBundleReleaseJsAndAssets/index.android.bundle:16453:31: warning: the variable "nativeFabricUIManager" was not declared in anonymous function " 391#"
  var _nativeFabricUIManage = nativeFabricUIManager,
                              ^~~~~~~~~~~~~~~~~~~~~
/Users/kingtay/Desktop/g taxi rider/apps/rider/android/app/build/generated/assets/createBundleReleaseJsAndAssets/index.android.bundle:16481:21: warning: the variable "clearTimeout" was not declared in anonymous function " 391#"
    cancelTimeout = clearTimeout;
                    ^~~~~~~~~~~~
/Users/kingtay/Desktop/g taxi rider/apps/rider/android/app/build/generated/assets/createBundleReleaseJsAndAssets/index.android.bundle:16494:51: warning: the variable "RN$enableMicrotasksInReact" was not declared in anonymous function " 391#"
... "undefined" !== typeof RN$enableMicrotasksInReact && !!RN$enableMicrotask...
                           ^~~~~~~~~~~~~~~~~~~~~~~~~~
/Users/kingtay/Desktop/g taxi rider/apps/rider/android/app/build/generated/assets/createBundleReleaseJsAndAssets/index.android.bundle:16495:47: warning: the variable "queueMicrotask" was not declared in anonymous function " 391#"
...otask = "function" === typeof queueMicrotask ? queueMicrotask : scheduleTi...
                                 ^~~~~~~~~~~~~~
/Users/kingtay/Desktop/g taxi rider/apps/rider/android/app/build/generated/assets/createBundleReleaseJsAndAssets/index.android.bundle:20916:30: warning: the variable "__REACT_DEVTOOLS_GLOBAL_HOOK__" was not declared in anonymous function " 391#"
  if ("undefined" !== typeof __REACT_DEVTOOLS_GLOBAL_HOOK__) {
                             ^~~~~~~~~~~~~~~~~~~~~~~~~~~~~~
/Users/kingtay/Desktop/g taxi rider/apps/rider/android/app/build/generated/assets/createBundleReleaseJsAndAssets/index.android.bundle:22350:5: warning: the variable "setImmediate" was not declared in function "handleResolved"
    setImmediate(function () {
    ^~~~~~~~~~~~
/Users/kingtay/Desktop/g taxi rider/apps/rider/android/app/build/generated/assets/createBundleReleaseJsAndAssets/index.android.bundle:25616:5: warning: the variable "fetch" was not declared in anonymous function " 614#"
    fetch,
    ^~~~~
/Users/kingtay/Desktop/g taxi rider/apps/rider/android/app/build/generated/assets/createBundleReleaseJsAndAssets/index.android.bundle:25617:5: warning: the variable "Headers" was not declared in anonymous function " 614#"
    Headers,
    ^~~~~~~
/Users/kingtay/Desktop/g taxi rider/apps/rider/android/app/build/generated/assets/createBundleReleaseJsAndAssets/index.android.bundle:25618:5: warning: the variable "Request" was not declared in anonymous function " 614#"
    Request,
    ^~~~~~~
/Users/kingtay/Desktop/g taxi rider/apps/rider/android/app/build/generated/assets/createBundleReleaseJsAndAssets/index.android.bundle:25619:5: warning: the variable "Response" was not declared in anonymous function " 614#"
    Response
    ^~~~~~~~
/Users/kingtay/Desktop/g taxi rider/apps/rider/android/app/build/generated/assets/createBundleReleaseJsAndAssets/index.android.bundle:25776:24: warning: the variable "FileReader" was not declared in function "readBlobAsArrayBuffer"
      var reader = new FileReader();
                       ^~~~~~~~~~
/Users/kingtay/Desktop/g taxi rider/apps/rider/android/app/build/generated/assets/createBundleReleaseJsAndAssets/index.android.bundle:25831:44: warning: the variable "URLSearchParams" was not declared in anonymous function " 625#"
...e if (support.searchParams && URLSearchParams.prototype.isPrototypeOf(body...
                                 ^~~~~~~~~~~~~~~
/Users/kingtay/Desktop/g taxi rider/apps/rider/android/app/build/generated/assets/createBundleReleaseJsAndAssets/index.android.bundle:25950:26: warning: the variable "AbortController" was not declared in anonymous function " 631#"
          var ctrl = new AbortController();
                         ^~~~~~~~~~~~~~~
/Users/kingtay/Desktop/g taxi rider/apps/rider/android/app/build/generated/assets/createBundleReleaseJsAndAssets/index.android.bundle:26084:23: warning: the variable "XMLHttpRequest" was not declared in anonymous function " 635#"
        var xhr = new XMLHttpRequest();
                      ^~~~~~~~~~~~~~
/Users/kingtay/Desktop/g taxi rider/apps/rider/android/app/build/generated/assets/createBundleReleaseJsAndAssets/index.android.bundle:25629:71: warning: the variable "self" was not declared in anonymous function " 617#"
...undefined' && globalThis || typeof self !== 'undefined' && self ||
                                      ^~~~
/Users/kingtay/Desktop/g taxi rider/apps/rider/android/app/build/generated/assets/createBundleReleaseJsAndAssets/index.android.bundle:28471:26: warning: the variable "navigator" was not declared in anonymous function " 794#"
  "undefined" !== typeof navigator && undefined !== navigator.scheduling && u...
                         ^~~~~~~~~
/Users/kingtay/Desktop/g taxi rider/apps/rider/android/app/build/generated/assets/createBundleReleaseJsAndAssets/index.android.bundle:28581:37: warning: the variable "MessageChannel" was not declared in anonymous function " 794#"
  };else if ("undefined" !== typeof MessageChannel) {
                                    ^~~~~~~~~~~~~~
/Users/kingtay/Desktop/g taxi rider/apps/rider/android/app/build/generated/assets/createBundleReleaseJsAndAssets/index.android.bundle:28596:34: warning: the variable "nativeRuntimeScheduler" was not declared in anonymous function " 794#"
... = "undefined" !== typeof nativeRuntimeScheduler ? nativeRuntimeScheduler....
                             ^~~~~~~~~~~~~~~~~~~~~~
/Users/kingtay/Desktop/g taxi rider/apps/rider/android/app/build/generated/assets/createBundleReleaseJsAndAssets/index.android.bundle:38445:34: warning: the variable "requestAnimationFrame" was not declared in function "start 9#"
...    this._animationFrame = requestAnimationFrame(this.onUpdate.bind(this));
                              ^~~~~~~~~~~~~~~~~~~~~
/Users/kingtay/Desktop/g taxi rider/apps/rider/android/app/build/generated/assets/createBundleReleaseJsAndAssets/index.android.bundle:43443:49: warning: the variable "reportError" was not declared in anonymous function " 1196#"
...alError = "function" === typeof reportError ? reportError : function (erro...
                                   ^~~~~~~~~~~
/Users/kingtay/Desktop/g taxi rider/apps/rider/android/app/build/generated/assets/createBundleReleaseJsAndAssets/index.android.bundle:58263:38: warning: the variable "document" was not declared in anonymous function " 1940#"
...r useClientLayoutEffect = typeof document !== 'undefined' || typeof naviga...
                                    ^~~~~~~~
/Users/kingtay/Desktop/g taxi rider/apps/rider/android/app/build/generated/assets/createBundleReleaseJsAndAssets/index.android.bundle:95953:48: warning: the variable "CSSRule" was not declared in function "adoptStyleSheets"
              rules: Array.from(sheet.rules || CSSRule, (r, index) => ({
                                               ^~~~~~~
/Users/kingtay/Desktop/g taxi rider/apps/rider/android/app/build/generated/assets/createBundleReleaseJsAndAssets/index.android.bundle:102489:33: warning: the variable "WeakRef" was not declared in function "addWindow 1#"
          this.windows.push(new WeakRef(win));
                                ^~~~~~~
/Users/kingtay/Desktop/g taxi rider/apps/rider/android/app/build/generated/assets/createBundleReleaseJsAndAssets/index.android.bundle:102558:11: warning: the variable "cancelAnimationFrame" was not declared in anonymous arrow function " 3495#"
          cancelAnimationFrame(rafId);
          ^~~~~~~~~~~~~~~~~~~~
/Users/kingtay/Desktop/g taxi rider/apps/rider/android/app/build/generated/assets/createBundleReleaseJsAndAssets/index.android.bundle:102637:13: warning: the variable "createImageBitmap" was not declared in anonymous arrow function " 3499#"
            createImageBitmap(canvas).then(bitmap => {
            ^~~~~~~~~~~~~~~~~
/Users/kingtay/Desktop/g taxi rider/apps/rider/android/app/build/generated/assets/createBundleReleaseJsAndAssets/index.android.bundle:126781:20: warning: the variable "WebSocket" was not declared in function "detectEnvironment"
        if (typeof WebSocket !== 'undefined') {
                   ^~~~~~~~~
/Users/kingtay/Desktop/g taxi rider/apps/rider/android/app/build/generated/assets/createBundleReleaseJsAndAssets/index.android.bundle:129206:12: warning: the variable "btoa" was not declared in arrow function "arrayBufferToBase64"
    return btoa(binary);
           ^~~~
/Users/kingtay/Desktop/g taxi rider/apps/rider/android/app/build/generated/assets/createBundleReleaseJsAndAssets/index.android.bundle:129370:20: warning: the variable "CloseEvent" was not declared in function "close 12#"
        if (typeof CloseEvent !== "undefined") {
                   ^~~~~~~~~~
/Users/kingtay/Desktop/g taxi rider/apps/rider/android/app/build/generated/assets/createBundleReleaseJsAndAssets/index.android.bundle:129946:16: warning: the variable "location" was not declared in function "protocol"
        return location.protocol.match(/^https/) ? "wss" : "ws";
               ^~~~~~~~
/Users/kingtay/Desktop/g taxi rider/apps/rider/android/app/build/generated/assets/createBundleReleaseJsAndAssets/index.android.bundle:131702:27: warning: the variable "ReadableStream" was not declared in function "?anon_0_ 154#"
              if ((typeof ReadableStream !== "undefined" && body instanceof R...
                          ^~~~~~~~~~~~~~
/Users/kingtay/Desktop/g taxi rider/apps/rider/android/app/build/generated/assets/createBundleReleaseJsAndAssets/index.android.bundle:132758:20: warning: the variable "Buffer" was not declared in function "toBase64"
        if (typeof Buffer !== "undefined") return Buffer.from(data).toString(...
                   ^~~~~~
/Users/kingtay/Desktop/g taxi rider/apps/rider/android/app/build/generated/assets/createBundleReleaseJsAndAssets/index.android.bundle:137578:16: warning: the variable "crypto" was not declared in function "generatePKCEVerifier"
    if (typeof crypto === 'undefined') {
               ^~~~~~
/Users/kingtay/Desktop/g taxi rider/apps/rider/android/app/build/generated/assets/createBundleReleaseJsAndAssets/index.android.bundle:145653:7: warning: the variable "__magic__" was not declared in function "polyfillGlobalThis"
      __magic__.globalThis = __magic__;
      ^~~~~~~~~
/Users/kingtay/Desktop/g taxi rider/apps/rider/android/app/build/generated/assets/createBundleReleaseJsAndAssets/index.android.bundle:145856:16: warning: the variable "PublicKeyCredential" was not declared in function "deserializeCredentialCreationOptions"
    if (typeof PublicKeyCredential !== 'undefined' && 'parseCreationOptionsFr...
               ^~~~~~~~~~~~~~~~~~~
/Users/kingtay/Desktop/g taxi rider/apps/rider/android/app/build/generated/assets/createBundleReleaseJsAndAssets/index.android.bundle:146716:37: warning: the variable "AbortSignal" was not declared in function "identifyRegistrationError"
      if (options.signal instanceof AbortSignal) {
                                    ^~~~~~~~~~~
/Users/kingtay/Desktop/g taxi rider/apps/rider/android/app/build/generated/assets/createBundleReleaseJsAndAssets/index.android.bundle:151290:25: warning: the variable "Atomics" was not declared in anonymous function " 5305#"
    '%Atomics%': typeof Atomics === 'undefined' ? undefined : Atomics,
                        ^~~~~~~
/Users/kingtay/Desktop/g taxi rider/apps/rider/android/app/build/generated/assets/createBundleReleaseJsAndAssets/index.android.bundle:151305:30: warning: the variable "Float16Array" was not declared in anonymous function " 5305#"
    '%Float16Array%': typeof Float16Array === 'undefined' ? undefined : Float...
                             ^~~~~~~~~~~~
/Users/kingtay/Desktop/g taxi rider/apps/rider/android/app/build/generated/assets/createBundleReleaseJsAndAssets/index.android.bundle:151308:38: warning: the variable "FinalizationRegistry" was not declared in anonymous function " 5305#"
...lizationRegistry%': typeof FinalizationRegistry === 'undefined' ? undefine...
                              ^~~~~~~~~~~~~~~~~~~~
/Users/kingtay/Desktop/g taxi rider/apps/rider/android/app/build/generated/assets/createBundleReleaseJsAndAssets/index.android.bundle:159363:11: warning: the variable "_WORKLET" was not declared in function "assertEasingIsWorklet"
      if (_WORKLET) {
          ^~~~~~~~
/Users/kingtay/Desktop/g taxi rider/apps/rider/android/app/build/generated/assets/createBundleReleaseJsAndAssets/index.android.bundle:161608:12: warning: the variable "__reanimatedLoggerConfig" was not declared in function "replaceLoggerImplementation"
        ...__reanimatedLoggerConfig,
           ^~~~~~~~~~~~~~~~~~~~~~~~
/Users/kingtay/Desktop/g taxi rider/apps/rider/android/app/build/generated/assets/createBundleReleaseJsAndAssets/index.android.bundle:162209:26: warning: Direct call to eval(), but lexical scope is not supported.
            workletFun = eval('(' + initData.code + '\n)');
                         ^~~~~~~~~~~~~~~~~~~~~~~~~~~~~~~~~
/Users/kingtay/Desktop/g taxi rider/apps/rider/android/app/build/generated/assets/createBundleReleaseJsAndAssets/index.android.bundle:162232:112: warning: the variable "_toString" was not declared in function "valueUnpacker"
...recognized by value unpacker: "${_toString(objectToUnpack)}".`);
                                    ^~~~~~~~~
/Users/kingtay/Desktop/g taxi rider/apps/rider/android/app/build/generated/assets/createBundleReleaseJsAndAssets/index.android.bundle:179202:26: warning: the variable "structuredClone" was not declared in function "createAnimationWithInitialValues"
    var animationStyle = structuredClone(_config.AnimationsData[animationName...
                         ^~~~~~~~~~~~~~~
/Users/kingtay/Desktop/g taxi rider/apps/rider/android/app/build/generated/assets/createBundleReleaseJsAndAssets/index.android.bundle:179643:24: warning: the variable "MutationObserver" was not declared in function "addHTMLMutationObserver"
    var observer = new MutationObserver(mutationsList => {
                       ^~~~~~~~~~~~~~~~
/Users/kingtay/Desktop/g taxi rider/apps/rider/android/app/build/generated/assets/createBundleReleaseJsAndAssets/index.android.bundle:179688:41: warning: the variable "getComputedStyle" was not declared in function "fixElementPosition"
...entBorderTopValue = parseInt(getComputedStyle(parent).borderTopWidth);
                                ^~~~~~~~~~~~~~~~
/Users/kingtay/Desktop/g taxi rider/apps/rider/android/app/build/generated/assets/createBundleReleaseJsAndAssets/index.android.bundle:183660:5: warning: the variable "jest" was not declared in arrow function "beforeTest"
    jest.useFakeTimers();
    ^~~~
/Users/kingtay/Desktop/g taxi rider/apps/rider/android/app/build/generated/assets/createBundleReleaseJsAndAssets/index.android.bundle:184236:26: warning: the variable "_getAnimationTimestamp" was not declared in function "computeEasingProgress"
      var elapsedTime = (_getAnimationTimestamp() - startingTimestamp) / 1000;
                         ^~~~~~~~~~~~~~~~~~~~~~

> Task :app:generateReleaseResValues
> Task :expo:generateReleaseResValues
> Task :expo:generateReleaseResources
> Task :expo:packageReleaseResources
> Task :expo-application:generateReleaseResValues
> Task :expo-application:generateReleaseResources
> Task :expo-application:packageReleaseResources
> Task :expo-asset:generateReleaseResValues
> Task :expo-asset:generateReleaseResources
> Task :expo-asset:packageReleaseResources
> Task :expo-blur:generateReleaseResValues
> Task :expo-blur:generateReleaseResources
> Task :expo-blur:packageReleaseResources
> Task :expo-camera:generateReleaseResValues
> Task :expo-camera:generateReleaseResources
> Task :expo-camera:packageReleaseResources
> Task :expo-constants:generateReleaseResValues
> Task :expo-constants:generateReleaseResources
> Task :expo-constants:packageReleaseResources
> Task :expo-device:generateReleaseResValues
> Task :expo-device:generateReleaseResources
> Task :expo-device:packageReleaseResources
> Task :expo-file-system:generateReleaseResValues
> Task :expo-file-system:generateReleaseResources
> Task :expo-file-system:packageReleaseResources
> Task :expo-font:generateReleaseResValues
> Task :expo-font:generateReleaseResources
> Task :expo-font:packageReleaseResources
> Task :expo-haptics:generateReleaseResValues
> Task :expo-haptics:generateReleaseResources
> Task :expo-haptics:packageReleaseResources
> Task :expo-image-loader:generateReleaseResValues
> Task :expo-image-loader:generateReleaseResources
> Task :expo-image-loader:packageReleaseResources
> Task :expo-image-picker:generateReleaseResValues
> Task :expo-image-picker:generateReleaseResources
> Task :expo-image-picker:packageReleaseResources
> Task :expo-keep-awake:generateReleaseResValues
> Task :expo-keep-awake:generateReleaseResources
> Task :expo-keep-awake:packageReleaseResources
> Task :expo-linear-gradient:generateReleaseResValues
> Task :expo-linear-gradient:generateReleaseResources
> Task :expo-linear-gradient:packageReleaseResources
> Task :expo-location:generateReleaseResValues
> Task :expo-location:generateReleaseResources
> Task :expo-location:packageReleaseResources
> Task :expo-modules-core:generateReleaseResValues
> Task :expo-modules-core:generateReleaseResources
> Task :expo-modules-core:packageReleaseResources
> Task :expo-notifications:generateReleaseResValues
> Task :expo-notifications:generateReleaseResources
> Task :expo-notifications:packageReleaseResources
> Task :expo-system-ui:generateReleaseResValues
> Task :expo-system-ui:generateReleaseResources
> Task :expo-system-ui:packageReleaseResources
> Task :lottie-react-native:generateReleaseResValues
> Task :lottie-react-native:generateReleaseResources
> Task :lottie-react-native:packageReleaseResources
> Task :react-native-async-storage_async-storage:generateReleaseResValues
> Task :react-native-async-storage_async-storage:generateReleaseResources
> Task :react-native-async-storage_async-storage:packageReleaseResources
> Task :react-native-community_netinfo:generateReleaseResValues
> Task :react-native-community_netinfo:generateReleaseResources
> Task :react-native-community_netinfo:packageReleaseResources
> Task :react-native-community_slider:generateReleaseResValues
> Task :react-native-community_slider:generateReleaseResources
> Task :react-native-community_slider:packageReleaseResources
> Task :react-native-gesture-handler:generateReleaseResValues
> Task :react-native-gesture-handler:generateReleaseResources
> Task :react-native-gesture-handler:packageReleaseResources
> Task :react-native-maps:generateReleaseResValues
> Task :react-native-maps:generateReleaseResources
> Task :react-native-maps:packageReleaseResources
> Task :react-native-reanimated:generateReleaseResValues
> Task :react-native-reanimated:generateReleaseResources
> Task :react-native-reanimated:packageReleaseResources
> Task :react-native-safe-area-context:generateReleaseResValues
> Task :react-native-safe-area-context:generateReleaseResources
> Task :react-native-safe-area-context:packageReleaseResources
> Task :react-native-screens:generateReleaseResValues
> Task :react-native-screens:generateReleaseResources
> Task :react-native-screens:packageReleaseResources
> Task :react-native-svg:generateReleaseResValues
> Task :react-native-svg:generateReleaseResources
> Task :react-native-svg:packageReleaseResources
> Task :sentry_react-native:generateReleaseResValues
> Task :sentry_react-native:generateReleaseResources
> Task :sentry_react-native:packageReleaseResources
> Task :stripe_stripe-react-native:generateReleaseResValues
> Task :stripe_stripe-react-native:generateReleaseResources
> Task :stripe_stripe-react-native:packageReleaseResources
> Task :app:mapReleaseSourceSetPaths
> Task :app:generateReleaseResources
> Task :app:packageReleaseResources
> Task :app:createReleaseCompatibleScreenManifests
> Task :app:extractDeepLinksRelease
> Task :expo:extractDeepLinksRelease
> Task :expo-application:extractDeepLinksRelease
> Task :app:parseReleaseLocalResources
> Task :expo:processReleaseManifest
> Task :expo-asset:extractDeepLinksRelease
> Task :expo-application:processReleaseManifest
> Task :expo-blur:extractDeepLinksRelease
> Task :expo-asset:processReleaseManifest
> Task :expo-camera:extractDeepLinksRelease
> Task :expo-blur:processReleaseManifest
> Task :expo-constants:extractDeepLinksRelease
> Task :expo-camera:processReleaseManifest
> Task :expo-device:extractDeepLinksRelease
> Task :expo-constants:processReleaseManifest
> Task :expo-file-system:extractDeepLinksRelease
> Task :expo-device:processReleaseManifest

> Task :expo-file-system:processReleaseManifest
/Users/kingtay/Desktop/g taxi rider/apps/rider/node_modules/expo-file-system/android/src/main/AndroidManifest.xml:6:9-8:20 Warning:
	provider#expo.modules.filesystem.FileSystemFileProvider@android:authorities was tagged at AndroidManifest.xml:6 to replace other declarations but no other declaration present

> Task :expo-font:extractDeepLinksRelease
> Task :expo-font:processReleaseManifest
> Task :expo-haptics:extractDeepLinksRelease
> Task :expo-image-loader:extractDeepLinksRelease
> Task :expo-haptics:processReleaseManifest
> Task :expo-image-picker:extractDeepLinksRelease
> Task :expo-image-loader:processReleaseManifest
> Task :expo-keep-awake:extractDeepLinksRelease
> Task :expo-image-picker:processReleaseManifest
> Task :expo-linear-gradient:extractDeepLinksRelease
> Task :expo-keep-awake:processReleaseManifest
> Task :expo-location:extractDeepLinksRelease
> Task :expo-linear-gradient:processReleaseManifest
> Task :expo-modules-core:extractDeepLinksRelease
> Task :expo-location:processReleaseManifest
> Task :expo-notifications:extractDeepLinksRelease

> Task :expo-modules-core:processReleaseManifest
/Users/kingtay/Desktop/g taxi rider/apps/rider/node_modules/expo-modules-core/android/src/main/AndroidManifest.xml:8:9-11:45 Warning:
	meta-data#com.facebook.soloader.enabled@android:value was tagged at AndroidManifest.xml:8 to replace other declarations but no other declaration present

> Task :expo-system-ui:extractDeepLinksRelease
> Task :expo-notifications:processReleaseManifest
> Task :expo-system-ui:processReleaseManifest
> Task :lottie-react-native:extractDeepLinksRelease
> Task :react-native-async-storage_async-storage:extractDeepLinksRelease
> Task :lottie-react-native:processReleaseManifest
> Task :react-native-community_netinfo:extractDeepLinksRelease

> Task :react-native-async-storage_async-storage:processReleaseManifest
package="com.reactnativecommunity.asyncstorage" found in source AndroidManifest.xml: /Users/kingtay/Desktop/g taxi rider/apps/rider/node_modules/@react-native-async-storage/async-storage/android/src/main/AndroidManifest.xml.
Setting the namespace via the package attribute in the source AndroidManifest.xml is no longer supported, and the value is ignored.
Recommendation: remove package="com.reactnativecommunity.asyncstorage" from the source AndroidManifest.xml: /Users/kingtay/Desktop/g taxi rider/apps/rider/node_modules/@react-native-async-storage/async-storage/android/src/main/AndroidManifest.xml.

> Task :react-native-community_slider:extractDeepLinksRelease

> Task :react-native-community_netinfo:processReleaseManifest
package="com.reactnativecommunity.netinfo" found in source AndroidManifest.xml: /Users/kingtay/Desktop/g taxi rider/node_modules/@react-native-community/netinfo/android/src/main/AndroidManifest.xml.
Setting the namespace via the package attribute in the source AndroidManifest.xml is no longer supported, and the value is ignored.
Recommendation: remove package="com.reactnativecommunity.netinfo" from the source AndroidManifest.xml: /Users/kingtay/Desktop/g taxi rider/node_modules/@react-native-community/netinfo/android/src/main/AndroidManifest.xml.

> Task :react-native-gesture-handler:extractDeepLinksRelease

> Task :react-native-community_slider:processReleaseManifest
package="com.reactnativecommunity.slider" found in source AndroidManifest.xml: /Users/kingtay/Desktop/g taxi rider/apps/rider/node_modules/@react-native-community/slider/android/src/main/AndroidManifest.xml.
Setting the namespace via the package attribute in the source AndroidManifest.xml is no longer supported, and the value is ignored.
Recommendation: remove package="com.reactnativecommunity.slider" from the source AndroidManifest.xml: /Users/kingtay/Desktop/g taxi rider/apps/rider/node_modules/@react-native-community/slider/android/src/main/AndroidManifest.xml.

> Task :react-native-maps:extractDeepLinksRelease
> Task :react-native-gesture-handler:processReleaseManifest
> Task :react-native-reanimated:extractDeepLinksRelease
> Task :react-native-maps:processReleaseManifest
> Task :react-native-safe-area-context:extractDeepLinksRelease
> Task :react-native-reanimated:processReleaseManifest
> Task :react-native-screens:extractDeepLinksRelease

> Task :react-native-safe-area-context:processReleaseManifest
package="com.th3rdwave.safeareacontext" found in source AndroidManifest.xml: /Users/kingtay/Desktop/g taxi rider/apps/rider/node_modules/react-native-safe-area-context/android/src/main/AndroidManifest.xml.
Setting the namespace via the package attribute in the source AndroidManifest.xml is no longer supported, and the value is ignored.
Recommendation: remove package="com.th3rdwave.safeareacontext" from the source AndroidManifest.xml: /Users/kingtay/Desktop/g taxi rider/apps/rider/node_modules/react-native-safe-area-context/android/src/main/AndroidManifest.xml.

> Task :react-native-svg:extractDeepLinksRelease

> Task :react-native-screens:processReleaseManifest
package="com.swmansion.rnscreens" found in source AndroidManifest.xml: /Users/kingtay/Desktop/g taxi rider/apps/rider/node_modules/react-native-screens/android/src/main/AndroidManifest.xml.
Setting the namespace via the package attribute in the source AndroidManifest.xml is no longer supported, and the value is ignored.
Recommendation: remove package="com.swmansion.rnscreens" from the source AndroidManifest.xml: /Users/kingtay/Desktop/g taxi rider/apps/rider/node_modules/react-native-screens/android/src/main/AndroidManifest.xml.

> Task :sentry_react-native:extractDeepLinksRelease

> Task :react-native-svg:processReleaseManifest
package="com.horcrux.svg" found in source AndroidManifest.xml: /Users/kingtay/Desktop/g taxi rider/apps/rider/node_modules/react-native-svg/android/src/main/AndroidManifest.xml.
Setting the namespace via the package attribute in the source AndroidManifest.xml is no longer supported, and the value is ignored.
Recommendation: remove package="com.horcrux.svg" from the source AndroidManifest.xml: /Users/kingtay/Desktop/g taxi rider/apps/rider/node_modules/react-native-svg/android/src/main/AndroidManifest.xml.

> Task :stripe_stripe-react-native:extractDeepLinksRelease

> Task :sentry_react-native:processReleaseManifest
package="io.sentry.react" found in source AndroidManifest.xml: /Users/kingtay/Desktop/g taxi rider/apps/rider/node_modules/@sentry/react-native/android/src/main/AndroidManifest.xml.
Setting the namespace via the package attribute in the source AndroidManifest.xml is no longer supported, and the value is ignored.
Recommendation: remove package="io.sentry.react" from the source AndroidManifest.xml: /Users/kingtay/Desktop/g taxi rider/apps/rider/node_modules/@sentry/react-native/android/src/main/AndroidManifest.xml.

> Task :expo:compileReleaseLibraryResources

> Task :stripe_stripe-react-native:processReleaseManifest
package="com.reactnativestripesdk" found in source AndroidManifest.xml: /Users/kingtay/Desktop/g taxi rider/apps/rider/node_modules/@stripe/stripe-react-native/android/src/main/AndroidManifest.xml.
Setting the namespace via the package attribute in the source AndroidManifest.xml is no longer supported, and the value is ignored.
Recommendation: remove package="com.reactnativestripesdk" from the source AndroidManifest.xml: /Users/kingtay/Desktop/g taxi rider/apps/rider/node_modules/@stripe/stripe-react-native/android/src/main/AndroidManifest.xml.

> Task :expo:parseReleaseLocalResources
> Task :expo-application:compileReleaseLibraryResources

> Task :app:processReleaseMainManifest
/Users/kingtay/Desktop/g taxi rider/apps/rider/android/app/src/main/AndroidManifest.xml Warning:
	provider#expo.modules.filesystem.FileSystemFileProvider@android:authorities was tagged at AndroidManifest.xml:0 to replace other declarations but no other declaration present

> Task :app:processReleaseManifest
> Task :app:processReleaseManifestForPackage
> Task :expo:generateReleaseRFile
> Task :expo-asset:compileReleaseLibraryResources
> Task :expo-application:parseReleaseLocalResources
> Task :expo-asset:parseReleaseLocalResources
> Task :expo-blur:compileReleaseLibraryResources
> Task :expo-application:generateReleaseRFile
> Task :expo-camera:compileReleaseLibraryResources
> Task :expo-blur:parseReleaseLocalResources
> Task :expo-asset:generateReleaseRFile
> Task :expo-camera:parseReleaseLocalResources
> Task :expo-blur:generateReleaseRFile
> Task :expo-constants:compileReleaseLibraryResources
> Task :expo-camera:generateReleaseRFile
> Task :expo-device:compileReleaseLibraryResources
> Task :expo-constants:parseReleaseLocalResources
> Task :expo-device:parseReleaseLocalResources
> Task :expo-constants:generateReleaseRFile
> Task :expo-font:compileReleaseLibraryResources
> Task :expo-device:generateReleaseRFile
> Task :expo-file-system:parseReleaseLocalResources
> Task :expo-file-system:compileReleaseLibraryResources
> Task :expo-font:parseReleaseLocalResources
> Task :expo-font:generateReleaseRFile
> Task :expo-haptics:compileReleaseLibraryResources
> Task :expo-haptics:parseReleaseLocalResources
> Task :expo-file-system:generateReleaseRFile
> Task :expo-image-loader:compileReleaseLibraryResources
> Task :expo-haptics:generateReleaseRFile
> Task :expo-image-loader:parseReleaseLocalResources
> Task :expo-keep-awake:compileReleaseLibraryResources
> Task :expo-image-loader:generateReleaseRFile
> Task :expo-keep-awake:parseReleaseLocalResources
> Task :expo-linear-gradient:compileReleaseLibraryResources
> Task :expo-image-picker:parseReleaseLocalResources
> Task :expo-location:compileReleaseLibraryResources
> Task :expo-image-picker:compileReleaseLibraryResources
> Task :expo-linear-gradient:parseReleaseLocalResources
> Task :expo-keep-awake:generateReleaseRFile
> Task :expo-image-picker:generateReleaseRFile
> Task :expo-linear-gradient:generateReleaseRFile
> Task :expo-location:parseReleaseLocalResources
> Task :expo-modules-core:compileReleaseLibraryResources
> Task :expo-modules-core:parseReleaseLocalResources
> Task :expo-location:generateReleaseRFile
> Task :expo-notifications:compileReleaseLibraryResources
> Task :expo-modules-core:generateReleaseRFile
> Task :expo-system-ui:compileReleaseLibraryResources
> Task :expo-notifications:parseReleaseLocalResources
> Task :expo-system-ui:parseReleaseLocalResources
> Task :lottie-react-native:compileReleaseLibraryResources
> Task :expo-notifications:generateReleaseRFile
> Task :expo-system-ui:generateReleaseRFile
> Task :lottie-react-native:parseReleaseLocalResources
> Task :react-native-async-storage_async-storage:compileReleaseLibraryResources
> Task :react-native-community_netinfo:compileReleaseLibraryResources
> Task :react-native-async-storage_async-storage:parseReleaseLocalResources
> Task :lottie-react-native:generateReleaseRFile
> Task :react-native-community_slider:compileReleaseLibraryResources
> Task :react-native-gesture-handler:compileReleaseLibraryResources
> Task :react-native-maps:compileReleaseLibraryResources
> Task :react-native-community_netinfo:parseReleaseLocalResources
> Task :react-native-maps:parseReleaseLocalResources
> Task :react-native-community_slider:parseReleaseLocalResources
> Task :react-native-gesture-handler:parseReleaseLocalResources
> Task :react-native-async-storage_async-storage:generateReleaseRFile
> Task :react-native-reanimated:compileReleaseLibraryResources
> Task :react-native-community_netinfo:generateReleaseRFile
> Task :react-native-community_slider:generateReleaseRFile
> Task :react-native-gesture-handler:generateReleaseRFile
> Task :react-native-safe-area-context:compileReleaseLibraryResources
> Task :react-native-maps:generateReleaseRFile
> Task :react-native-reanimated:parseReleaseLocalResources
> Task :react-native-safe-area-context:parseReleaseLocalResources
> Task :react-native-reanimated:generateReleaseRFile
> Task :react-native-safe-area-context:generateReleaseRFile
> Task :react-native-svg:compileReleaseLibraryResources
> Task :react-native-screens:compileReleaseLibraryResources
> Task :react-native-screens:parseReleaseLocalResources
> Task :react-native-svg:parseReleaseLocalResources
> Task :sentry_react-native:compileReleaseLibraryResources
> Task :react-native-screens:generateReleaseRFile
> Task :app:mergeReleaseResources
> Task :react-native-svg:generateReleaseRFile
> Task :sentry_react-native:parseReleaseLocalResources
> Task :sentry_react-native:generateReleaseRFile
> Task :stripe_stripe-react-native:compileReleaseLibraryResources
> Task :expo:checkKotlinGradlePluginConfigurationErrors
> Task :stripe_stripe-react-native:parseReleaseLocalResources
> Task :expo:generateReleaseBuildConfig
> Task :expo-application:checkKotlinGradlePluginConfigurationErrors
> Task :expo-application:generateReleaseBuildConfig
> Task :expo-modules-core:checkKotlinGradlePluginConfigurationErrors
> Task :stripe_stripe-react-native:generateReleaseRFile
> Task :expo-modules-core:generateReleaseBuildConfig
> Task :expo-modules-core:javaPreCompileRelease
> Task :expo-asset:checkKotlinGradlePluginConfigurationErrors
> Task :expo-application:javaPreCompileRelease
> Task :expo-asset:generateReleaseBuildConfig
> Task :expo-blur:checkKotlinGradlePluginConfigurationErrors
> Task :expo-asset:javaPreCompileRelease
> Task :expo-blur:generateReleaseBuildConfig
> Task :expo-camera:checkKotlinGradlePluginConfigurationErrors
> Task :expo-blur:javaPreCompileRelease
> Task :expo-camera:generateReleaseBuildConfig
> Task :expo-constants:checkKotlinGradlePluginConfigurationErrors
> Task :expo-camera:javaPreCompileRelease
> Task :expo-constants:generateReleaseBuildConfig
> Task :expo-device:checkKotlinGradlePluginConfigurationErrors
> Task :expo-constants:javaPreCompileRelease
> Task :expo-device:generateReleaseBuildConfig
> Task :expo-file-system:checkKotlinGradlePluginConfigurationErrors
> Task :expo-device:javaPreCompileRelease
> Task :expo-file-system:generateReleaseBuildConfig
> Task :expo-font:checkKotlinGradlePluginConfigurationErrors
> Task :expo-file-system:javaPreCompileRelease
> Task :expo-font:generateReleaseBuildConfig
> Task :expo-haptics:checkKotlinGradlePluginConfigurationErrors
> Task :expo-font:javaPreCompileRelease
> Task :expo-haptics:generateReleaseBuildConfig
> Task :expo-image-loader:checkKotlinGradlePluginConfigurationErrors
> Task :expo-haptics:javaPreCompileRelease
> Task :expo-image-loader:generateReleaseBuildConfig
> Task :expo-image-picker:checkKotlinGradlePluginConfigurationErrors
> Task :expo-image-loader:javaPreCompileRelease
> Task :expo-image-picker:generateReleaseBuildConfig
> Task :expo-keep-awake:checkKotlinGradlePluginConfigurationErrors
> Task :expo-image-picker:javaPreCompileRelease
> Task :expo-keep-awake:generateReleaseBuildConfig
> Task :expo-keep-awake:javaPreCompileRelease
> Task :expo-linear-gradient:checkKotlinGradlePluginConfigurationErrors
> Task :expo-linear-gradient:generateReleaseBuildConfig
> Task :expo-location:checkKotlinGradlePluginConfigurationErrors
> Task :expo-linear-gradient:javaPreCompileRelease
> Task :expo-location:generateReleaseBuildConfig
> Task :expo-notifications:checkKotlinGradlePluginConfigurationErrors
> Task :expo-location:javaPreCompileRelease
> Task :expo-notifications:generateReleaseBuildConfig
> Task :expo-system-ui:checkKotlinGradlePluginConfigurationErrors
> Task :expo-notifications:javaPreCompileRelease
> Task :expo-system-ui:generateReleaseBuildConfig
> Task :expo-system-ui:javaPreCompileRelease
> Task :lottie-react-native:checkKotlinGradlePluginConfigurationErrors
> Task :expo:javaPreCompileRelease
> Task :lottie-react-native:generateReleaseBuildConfig
> Task :lottie-react-native:javaPreCompileRelease
> Task :react-native-async-storage_async-storage:generateReleaseBuildConfig
> Task :react-native-async-storage_async-storage:javaPreCompileRelease
> Task :react-native-community_netinfo:generateReleaseBuildConfig

> Task :react-native-async-storage_async-storage:compileReleaseJavaWithJavac
/Users/kingtay/Desktop/g taxi rider/apps/rider/node_modules/@react-native-async-storage/async-storage/android/src/main/java/com/reactnativecommunity/asyncstorage/AsyncStorageModule.java:84: warning: [removal] onCatalystInstanceDestroy() in NativeModule has been deprecated and marked for removal
  public void onCatalystInstanceDestroy() {
              ^
Note: Some input files use or override a deprecated API.
Note: Recompile with -Xlint:deprecation for details.
Note: /Users/kingtay/Desktop/g taxi rider/apps/rider/node_modules/@react-native-async-storage/async-storage/android/src/javaPackage/java/com/reactnativecommunity/asyncstorage/AsyncStoragePackage.java uses unchecked or unsafe operations.
Note: Recompile with -Xlint:unchecked for details.
1 warning

> Task :react-native-community_netinfo:javaPreCompileRelease
> Task :react-native-async-storage_async-storage:bundleLibCompileToJarRelease
> Task :react-native-community_slider:generateReleaseBuildConfig

> Task :react-native-community_netinfo:compileReleaseJavaWithJavac
/Users/kingtay/Desktop/g taxi rider/node_modules/@react-native-community/netinfo/android/src/main/java/com/reactnativecommunity/netinfo/NetInfoModule.java:47: warning: [removal] onCatalystInstanceDestroy() in NativeModule has been deprecated and marked for removal
    public void onCatalystInstanceDestroy() {
                ^
Note: Some input files use or override a deprecated API.
Note: Recompile with -Xlint:deprecation for details.
1 warning

> Task :react-native-gesture-handler:checkKotlinGradlePluginConfigurationErrors
> Task :react-native-community_slider:javaPreCompileRelease
> Task :react-native-community_netinfo:bundleLibCompileToJarRelease

> Task :react-native-community_slider:compileReleaseJavaWithJavac
Note: Some input files use or override a deprecated API.
Note: Recompile with -Xlint:deprecation for details.
Note: /Users/kingtay/Desktop/g taxi rider/apps/rider/node_modules/@react-native-community/slider/android/src/oldarch/java/com/reactnativecommunity/slider/ReactSliderManager.java uses unchecked or unsafe operations.
Note: Recompile with -Xlint:unchecked for details.

> Task :react-native-gesture-handler:generateReleaseBuildConfig
> Task :react-native-community_slider:bundleLibCompileToJarRelease
> Task :react-native-reanimated:generateReleaseBuildConfig
> Task :react-native-reanimated:packageNdkLibs NO-SOURCE
> Task :react-native-reanimated:javaPreCompileRelease
> Task :react-native-gesture-handler:javaPreCompileRelease

> Task :react-native-reanimated:compileReleaseJavaWithJavac
Note: Some input files use or override a deprecated API.
Note: Recompile with -Xlint:deprecation for details.
Note: Some input files use unchecked or unsafe operations.
Note: Recompile with -Xlint:unchecked for details.

> Task :react-native-maps:generateReleaseBuildConfig
> Task :react-native-safe-area-context:checkKotlinGradlePluginConfigurationErrors
> Task :react-native-maps:javaPreCompileRelease
> Task :react-native-safe-area-context:generateReleaseBuildConfig
> Task :react-native-reanimated:bundleLibCompileToJarRelease

> Task :lottie-react-native:compileReleaseKotlin
w: file:///Users/kingtay/Desktop/g%20taxi%20rider/apps/rider/node_modules/lottie-react-native/android/src/main/java/com/airbnb/android/react/lottie/LottieAnimationViewManagerImpl.kt:12:34 'MapBuilder' is deprecated. Deprecated in Java
w: file:///Users/kingtay/Desktop/g%20taxi%20rider/apps/rider/node_modules/lottie-react-native/android/src/main/java/com/airbnb/android/react/lottie/LottieAnimationViewManagerImpl.kt:21:17 'MapBuilder' is deprecated. Deprecated in Java
w: file:///Users/kingtay/Desktop/g%20taxi%20rider/apps/rider/node_modules/lottie-react-native/android/src/main/java/com/airbnb/android/react/lottie/LottieAnimationViewManagerImpl.kt:72:16 'MapBuilder' is deprecated. Deprecated in Java
w: file:///Users/kingtay/Desktop/g%20taxi%20rider/apps/rider/node_modules/lottie-react-native/android/src/main/java/com/airbnb/android/react/lottie/LottieAnimationViewManagerImpl.kt:74:13 'MapBuilder' is deprecated. Deprecated in Java
w: file:///Users/kingtay/Desktop/g%20taxi%20rider/apps/rider/node_modules/lottie-react-native/android/src/main/java/com/airbnb/android/react/lottie/LottieAnimationViewManagerImpl.kt:76:13 'MapBuilder' is deprecated. Deprecated in Java
w: file:///Users/kingtay/Desktop/g%20taxi%20rider/apps/rider/node_modules/lottie-react-native/android/src/main/java/com/airbnb/android/react/lottie/LottieAnimationViewManagerImpl.kt:78:13 'MapBuilder' is deprecated. Deprecated in Java
w: file:///Users/kingtay/Desktop/g%20taxi%20rider/apps/rider/node_modules/lottie-react-native/android/src/main/java/com/airbnb/android/react/lottie/LottieAnimationViewPropertyManager.kt:20:38 'ReactFontManager' is deprecated. Deprecated in Java
w: file:///Users/kingtay/Desktop/g%20taxi%20rider/apps/rider/node_modules/lottie-react-native/android/src/main/java/com/airbnb/android/react/lottie/LottieAnimationViewPropertyManager.kt:72:24 'ReactFontManager' is deprecated. Deprecated in Java
w: file:///Users/kingtay/Desktop/g%20taxi%20rider/apps/rider/node_modules/lottie-react-native/android/src/main/java/com/airbnb/android/react/lottie/LottieAnimationViewPropertyManager.kt:86:24 'ReactFontManager' is deprecated. Deprecated in Java

> Task :app:processReleaseResources

> Task :react-native-maps:compileReleaseJavaWithJavac
Note: Some input files use or override a deprecated API.
Note: Recompile with -Xlint:deprecation for details.
Note: Some input files use unchecked or unsafe operations.
Note: Recompile with -Xlint:unchecked for details.

> Task :lottie-react-native:compileReleaseJavaWithJavac
> Task :lottie-react-native:bundleLibCompileToJarRelease
> Task :react-native-maps:bundleLibCompileToJarRelease
> Task :react-native-screens:checkKotlinGradlePluginConfigurationErrors
> Task :react-native-safe-area-context:javaPreCompileRelease
> Task :react-native-screens:generateReleaseBuildConfig
> Task :react-native-screens:javaPreCompileRelease
> Task :react-native-svg:generateReleaseBuildConfig
> Task :react-native-svg:javaPreCompileRelease
> Task :sentry_react-native:generateReleaseBuildConfig

> Task :react-native-svg:compileReleaseJavaWithJavac
/Users/kingtay/Desktop/g taxi rider/apps/rider/node_modules/react-native-svg/android/src/main/java/com/horcrux/svg/RenderableViewManager.java:388: warning: [removal] processTransform(ReadableArray,double[]) in TransformHelper has been deprecated and marked for removal
    TransformHelper.processTransform(transforms, sTransformDecompositionArray);
                   ^
Note: Some input files use or override a deprecated API.
Note: Recompile with -Xlint:deprecation for details.
Note: Some input files use unchecked or unsafe operations.
Note: Recompile with -Xlint:unchecked for details.
1 warning

> Task :stripe_stripe-react-native:checkKotlinGradlePluginConfigurationErrors
> Task :sentry_react-native:javaPreCompileRelease
> Task :stripe_stripe-react-native:dataBindingMergeDependencyArtifactsRelease
> Task :react-native-svg:bundleLibCompileToJarRelease

> Task :sentry_react-native:compileReleaseJavaWithJavac
Note: Some input files use or override a deprecated API.
Note: Recompile with -Xlint:deprecation for details.
Note: /Users/kingtay/Desktop/g taxi rider/apps/rider/node_modules/@sentry/react-native/android/src/main/java/io/sentry/react/RNSentryOnDrawReporterManager.java uses unchecked or unsafe operations.
Note: Recompile with -Xlint:unchecked for details.

> Task :sentry_react-native:bundleLibCompileToJarRelease
> Task :stripe_stripe-react-native:dataBindingGenBaseClassesRelease
> Task :stripe_stripe-react-native:generateReleaseBuildConfig
> Task :stripe_stripe-react-native:javaPreCompileRelease
> Task :app:buildKotlinToolingMetadata
> Task :app:javaPreCompileRelease
> Task :app:extractProguardFiles
> Task :expo:extractProguardFiles
> Task :expo-application:extractProguardFiles
> Task :expo-modules-core:extractProguardFiles
> Task :expo-modules-core:prepareLintJarForPublish UP-TO-DATE
> Task :expo-application:prepareLintJarForPublish UP-TO-DATE
> Task :expo-asset:extractProguardFiles
> Task :expo-asset:prepareLintJarForPublish UP-TO-DATE
> Task :expo-blur:extractProguardFiles
> Task :expo-blur:prepareLintJarForPublish UP-TO-DATE
> Task :expo-camera:extractProguardFiles
> Task :expo-camera:prepareLintJarForPublish UP-TO-DATE
> Task :expo-constants:extractProguardFiles
> Task :expo-constants:prepareLintJarForPublish UP-TO-DATE
> Task :expo-device:extractProguardFiles
> Task :expo-device:prepareLintJarForPublish UP-TO-DATE
> Task :expo-file-system:extractProguardFiles
> Task :expo-file-system:prepareLintJarForPublish UP-TO-DATE
> Task :expo-font:extractProguardFiles
> Task :expo-font:prepareLintJarForPublish UP-TO-DATE
> Task :expo-haptics:extractProguardFiles
> Task :expo-haptics:prepareLintJarForPublish UP-TO-DATE
> Task :expo-image-loader:extractProguardFiles
> Task :expo-image-loader:prepareLintJarForPublish UP-TO-DATE
> Task :expo-image-picker:extractProguardFiles
> Task :expo-image-picker:prepareLintJarForPublish UP-TO-DATE
> Task :expo-keep-awake:extractProguardFiles
> Task :expo-keep-awake:prepareLintJarForPublish UP-TO-DATE
> Task :expo-linear-gradient:extractProguardFiles
> Task :expo-linear-gradient:prepareLintJarForPublish UP-TO-DATE
> Task :expo-location:extractProguardFiles
> Task :expo-location:prepareLintJarForPublish UP-TO-DATE
> Task :expo-notifications:extractProguardFiles
> Task :expo-notifications:prepareLintJarForPublish UP-TO-DATE
> Task :expo-system-ui:extractProguardFiles
> Task :expo-system-ui:prepareLintJarForPublish UP-TO-DATE
> Task :expo:prepareLintJarForPublish UP-TO-DATE
> Task :lottie-react-native:bundleLibRuntimeToJarRelease
> Task :lottie-react-native:processReleaseJavaRes
> Task :lottie-react-native:createFullJarRelease
> Task :lottie-react-native:extractProguardFiles
> Task :lottie-react-native:generateReleaseLintModel
> Task :lottie-react-native:prepareLintJarForPublish UP-TO-DATE
> Task :react-native-async-storage_async-storage:processReleaseJavaRes NO-SOURCE
> Task :react-native-async-storage_async-storage:extractProguardFiles
> Task :react-native-async-storage_async-storage:bundleLibRuntimeToJarRelease
> Task :react-native-async-storage_async-storage:generateReleaseLintModel
> Task :react-native-async-storage_async-storage:createFullJarRelease
> Task :react-native-async-storage_async-storage:prepareLintJarForPublish UP-TO-DATE
> Task :react-native-community_netinfo:bundleLibRuntimeToJarRelease
> Task :react-native-community_netinfo:processReleaseJavaRes NO-SOURCE
> Task :react-native-community_netinfo:createFullJarRelease
> Task :react-native-community_netinfo:extractProguardFiles
> Task :react-native-community_netinfo:generateReleaseLintModel
> Task :react-native-community_netinfo:prepareLintJarForPublish UP-TO-DATE
> Task :react-native-community_slider:bundleLibRuntimeToJarRelease
> Task :react-native-community_slider:processReleaseJavaRes NO-SOURCE
> Task :react-native-community_slider:createFullJarRelease
> Task :react-native-community_slider:extractProguardFiles
> Task :react-native-community_slider:generateReleaseLintModel
> Task :react-native-community_slider:prepareLintJarForPublish UP-TO-DATE
> Task :react-native-gesture-handler:extractProguardFiles
> Task :react-native-reanimated:processReleaseJavaRes NO-SOURCE
> Task :react-native-reanimated:extractProguardFiles
> Task :react-native-reanimated:bundleLibRuntimeToJarRelease
> Task :react-native-reanimated:generateReleaseLintModel
> Task :react-native-reanimated:createFullJarRelease
> Task :react-native-reanimated:prepareLintJarForPublish UP-TO-DATE
> Task :react-native-gesture-handler:prepareLintJarForPublish UP-TO-DATE
> Task :react-native-maps:bundleLibRuntimeToJarRelease
> Task :react-native-maps:processReleaseJavaRes NO-SOURCE
> Task :react-native-maps:createFullJarRelease
> Task :react-native-maps:extractProguardFiles
> Task :react-native-maps:generateReleaseLintModel
> Task :react-native-maps:prepareLintJarForPublish UP-TO-DATE
> Task :react-native-safe-area-context:extractProguardFiles
> Task :react-native-safe-area-context:prepareLintJarForPublish UP-TO-DATE
> Task :react-native-screens:extractProguardFiles
> Task :react-native-screens:prepareLintJarForPublish UP-TO-DATE
> Task :react-native-svg:bundleLibRuntimeToJarRelease
> Task :react-native-svg:processReleaseJavaRes NO-SOURCE
> Task :react-native-svg:createFullJarRelease
> Task :react-native-svg:extractProguardFiles
> Task :react-native-svg:generateReleaseLintModel
> Task :react-native-svg:prepareLintJarForPublish UP-TO-DATE
> Task :sentry_react-native:bundleLibRuntimeToJarRelease
> Task :sentry_react-native:processReleaseJavaRes NO-SOURCE
> Task :sentry_react-native:createFullJarRelease
> Task :sentry_react-native:extractProguardFiles
> Task :sentry_react-native:generateReleaseLintModel
> Task :sentry_react-native:prepareLintJarForPublish UP-TO-DATE
> Task :stripe_stripe-react-native:extractProguardFiles
> Task :stripe_stripe-react-native:prepareLintJarForPublish UP-TO-DATE
> Task :stripe_stripe-react-native:mergeReleaseJniLibFolders
> Task :stripe_stripe-react-native:mergeReleaseNativeLibs NO-SOURCE
> Task :stripe_stripe-react-native:stripReleaseDebugSymbols NO-SOURCE
> Task :stripe_stripe-react-native:copyReleaseJniLibsProjectAndLocalJars
> Task :stripe_stripe-react-native:extractDeepLinksForAarRelease UP-TO-DATE
> Task :stripe_stripe-react-native:mergeReleaseShaders
> Task :stripe_stripe-react-native:compileReleaseShaders NO-SOURCE
> Task :stripe_stripe-react-native:generateReleaseAssets UP-TO-DATE
> Task :stripe_stripe-react-native:packageReleaseAssets
> Task :stripe_stripe-react-native:prepareReleaseArtProfile UP-TO-DATE
> Task :expo:mergeReleaseJniLibFolders
> Task :expo:mergeReleaseNativeLibs NO-SOURCE
> Task :expo:stripReleaseDebugSymbols NO-SOURCE
> Task :expo:copyReleaseJniLibsProjectAndLocalJars
> Task :expo:extractDeepLinksForAarRelease UP-TO-DATE
> Task :expo:mergeReleaseShaders
> Task :expo:compileReleaseShaders NO-SOURCE
> Task :expo:generateReleaseAssets UP-TO-DATE
> Task :expo:packageReleaseAssets
> Task :expo:prepareReleaseArtProfile UP-TO-DATE
> Task :lottie-react-native:mergeReleaseJniLibFolders
> Task :lottie-react-native:mergeReleaseNativeLibs NO-SOURCE
> Task :lottie-react-native:stripReleaseDebugSymbols NO-SOURCE
> Task :lottie-react-native:copyReleaseJniLibsProjectAndLocalJars
> Task :lottie-react-native:extractDeepLinksForAarRelease UP-TO-DATE
> Task :lottie-react-native:extractReleaseAnnotations
> Task :lottie-react-native:mergeReleaseGeneratedProguardFiles UP-TO-DATE
> Task :lottie-react-native:mergeReleaseConsumerProguardFiles UP-TO-DATE
> Task :lottie-react-native:mergeReleaseShaders
> Task :lottie-react-native:compileReleaseShaders NO-SOURCE
> Task :lottie-react-native:generateReleaseAssets UP-TO-DATE
> Task :lottie-react-native:packageReleaseAssets
> Task :lottie-react-native:prepareReleaseArtProfile UP-TO-DATE
> Task :lottie-react-native:mergeReleaseJavaResource
> Task :lottie-react-native:syncReleaseLibJars
> Task :lottie-react-native:bundleReleaseLocalLintAar

> Task :react-native-safe-area-context:compileReleaseKotlin
w: file:///Users/kingtay/Desktop/g%20taxi%20rider/apps/rider/node_modules/react-native-safe-area-context/android/src/main/java/com/th3rdwave/safeareacontext/SafeAreaContextPackage.kt:27:11 'constructor ReactModuleInfo(String, String, Boolean, Boolean, Boolean, Boolean, Boolean)' is deprecated. use ReactModuleInfo(String, String, boolean, boolean, boolean, boolean)]
w: file:///Users/kingtay/Desktop/g%20taxi%20rider/apps/rider/node_modules/react-native-safe-area-context/android/src/main/java/com/th3rdwave/safeareacontext/SafeAreaContextPackage.kt:33:27 'getter for hasConstants: Boolean' is deprecated. This property is unused and it's planning to be removed in a future version of
        React Native. Please refrain from using it.
w: file:///Users/kingtay/Desktop/g%20taxi%20rider/apps/rider/node_modules/react-native-safe-area-context/android/src/main/java/com/th3rdwave/safeareacontext/SafeAreaView.kt:59:23 'getter for uiImplementation: UIImplementation!' is deprecated. Deprecated in Java

> Task :react-native-gesture-handler:mergeReleaseJniLibFolders

> Task :react-native-safe-area-context:compileReleaseJavaWithJavac
Note: /Users/kingtay/Desktop/g taxi rider/apps/rider/node_modules/react-native-safe-area-context/android/src/paper/java/com/th3rdwave/safeareacontext/NativeSafeAreaContextSpec.java uses or overrides a deprecated API.
Note: Recompile with -Xlint:deprecation for details.

> Task :react-native-safe-area-context:bundleLibRuntimeToJarRelease
> Task :react-native-safe-area-context:processReleaseJavaRes
> Task :react-native-safe-area-context:createFullJarRelease
> Task :react-native-safe-area-context:generateReleaseLintModel
> Task :react-native-gesture-handler:mergeReleaseNativeLibs NO-SOURCE
> Task :react-native-gesture-handler:stripReleaseDebugSymbols NO-SOURCE
> Task :react-native-gesture-handler:copyReleaseJniLibsProjectAndLocalJars
> Task :react-native-gesture-handler:extractDeepLinksForAarRelease UP-TO-DATE
> Task :react-native-gesture-handler:mergeReleaseShaders
> Task :react-native-gesture-handler:compileReleaseShaders NO-SOURCE
> Task :react-native-gesture-handler:generateReleaseAssets UP-TO-DATE
> Task :react-native-gesture-handler:packageReleaseAssets
> Task :react-native-gesture-handler:prepareReleaseArtProfile UP-TO-DATE
> Task :react-native-safe-area-context:mergeReleaseJniLibFolders
> Task :react-native-safe-area-context:mergeReleaseNativeLibs NO-SOURCE
> Task :react-native-safe-area-context:stripReleaseDebugSymbols NO-SOURCE
> Task :react-native-safe-area-context:bundleLibCompileToJarRelease
> Task :react-native-safe-area-context:copyReleaseJniLibsProjectAndLocalJars
> Task :react-native-safe-area-context:extractDeepLinksForAarRelease UP-TO-DATE
> Task :react-native-safe-area-context:extractReleaseAnnotations
> Task :react-native-safe-area-context:mergeReleaseGeneratedProguardFiles UP-TO-DATE
> Task :react-native-safe-area-context:mergeReleaseConsumerProguardFiles UP-TO-DATE
> Task :react-native-safe-area-context:mergeReleaseShaders
> Task :react-native-safe-area-context:compileReleaseShaders NO-SOURCE
> Task :react-native-safe-area-context:generateReleaseAssets UP-TO-DATE
> Task :react-native-safe-area-context:packageReleaseAssets
> Task :react-native-safe-area-context:prepareReleaseArtProfile UP-TO-DATE
> Task :react-native-safe-area-context:mergeReleaseJavaResource
> Task :react-native-screens:configureCMakeRelWithDebInfo[arm64-v8a]
> Task :react-native-safe-area-context:syncReleaseLibJars
> Task :react-native-safe-area-context:bundleReleaseLocalLintAar
> Task :expo-modules-core:compileReleaseKotlin
> Task :react-native-screens:buildCMakeRelWithDebInfo[arm64-v8a]
> Task :react-native-screens:configureCMakeRelWithDebInfo[armeabi-v7a]
> Task :react-native-gesture-handler:compileReleaseKotlin
> Task :react-native-screens:compileReleaseKotlin
> Task :react-native-screens:buildCMakeRelWithDebInfo[armeabi-v7a]
> Task :react-native-screens:configureCMakeRelWithDebInfo[x86]
> Task :stripe_stripe-react-native:compileReleaseKotlin

> Task :react-native-gesture-handler:compileReleaseKotlin
w: file:///Users/kingtay/Desktop/g%20taxi%20rider/apps/rider/node_modules/react-native-gesture-handler/android/src/main/java/com/swmansion/gesturehandler/RNGestureHandlerPackage.kt:69:42 'constructor ReactModuleInfo(String, String, Boolean, Boolean, Boolean, Boolean, Boolean)' is deprecated. use ReactModuleInfo(String, String, boolean, boolean, boolean, boolean)]
w: file:///Users/kingtay/Desktop/g%20taxi%20rider/apps/rider/node_modules/react-native-gesture-handler/android/src/main/java/com/swmansion/gesturehandler/core/FlingGestureHandler.kt:25:26 Parameter 'event' is never used
w: file:///Users/kingtay/Desktop/g%20taxi%20rider/apps/rider/node_modules/react-native-gesture-handler/android/src/main/java/com/swmansion/gesturehandler/react/RNGestureHandlerButtonViewManager.kt:72:62 The corresponding parameter in the supertype 'ViewGroupManager' is named 'borderRadius'. This may cause problems when calling this function with named arguments.
w: file:///Users/kingtay/Desktop/g%20taxi%20rider/apps/rider/node_modules/react-native-gesture-handler/android/src/main/java/com/swmansion/gesturehandler/react/RNGestureHandlerButtonViewManager.kt:77:63 The corresponding parameter in the supertype 'ViewGroupManager' is named 'borderRadius'. This may cause problems when calling this function with named arguments.
w: file:///Users/kingtay/Desktop/g%20taxi%20rider/apps/rider/node_modules/react-native-gesture-handler/android/src/main/java/com/swmansion/gesturehandler/react/RNGestureHandlerButtonViewManager.kt:82:65 The corresponding parameter in the supertype 'ViewGroupManager' is named 'borderRadius'. This may cause problems when calling this function with named arguments.
w: file:///Users/kingtay/Desktop/g%20taxi%20rider/apps/rider/node_modules/react-native-gesture-handler/android/src/main/java/com/swmansion/gesturehandler/react/RNGestureHandlerButtonViewManager.kt:87:66 The corresponding parameter in the supertype 'ViewGroupManager' is named 'borderRadius'. This may cause problems when calling this function with named arguments.

> Task :react-native-screens:buildCMakeRelWithDebInfo[x86]

> Task :react-native-gesture-handler:compileReleaseJavaWithJavac
Note: /Users/kingtay/Desktop/g taxi rider/apps/rider/node_modules/react-native-gesture-handler/android/paper/src/main/java/com/swmansion/gesturehandler/NativeRNGestureHandlerModuleSpec.java uses or overrides a deprecated API.
Note: Recompile with -Xlint:deprecation for details.

> Task :react-native-gesture-handler:bundleLibRuntimeToJarRelease
> Task :react-native-gesture-handler:processReleaseJavaRes
> Task :react-native-gesture-handler:createFullJarRelease
> Task :react-native-gesture-handler:bundleLibCompileToJarRelease
> Task :react-native-gesture-handler:generateReleaseLintModel
> Task :react-native-gesture-handler:extractReleaseAnnotations
> Task :react-native-gesture-handler:mergeReleaseGeneratedProguardFiles UP-TO-DATE
> Task :react-native-gesture-handler:mergeReleaseConsumerProguardFiles UP-TO-DATE
> Task :react-native-gesture-handler:mergeReleaseJavaResource
> Task :react-native-gesture-handler:syncReleaseLibJars
> Task :react-native-gesture-handler:bundleReleaseLocalLintAar
> Task :react-native-screens:configureCMakeRelWithDebInfo[x86_64]

> Task :react-native-screens:compileReleaseKotlin
w: file:///Users/kingtay/Desktop/g%20taxi%20rider/apps/rider/node_modules/react-native-screens/android/src/main/java/com/swmansion/rnscreens/CustomToolbar.kt:19:53 'FrameCallback' is deprecated. Use Choreographer.FrameCallback instead
w: file:///Users/kingtay/Desktop/g%20taxi%20rider/apps/rider/node_modules/react-native-screens/android/src/main/java/com/swmansion/rnscreens/CustomToolbar.kt:20:38 'FrameCallback' is deprecated. Use Choreographer.FrameCallback instead
w: file:///Users/kingtay/Desktop/g%20taxi%20rider/apps/rider/node_modules/react-native-screens/android/src/main/java/com/swmansion/rnscreens/RNScreensPackage.kt:64:17 'constructor ReactModuleInfo(String, String, Boolean, Boolean, Boolean, Boolean, Boolean)' is deprecated. use ReactModuleInfo(String, String, boolean, boolean, boolean, boolean)]
w: file:///Users/kingtay/Desktop/g%20taxi%20rider/apps/rider/node_modules/react-native-screens/android/src/main/java/com/swmansion/rnscreens/Screen.kt:45:77 Unchecked cast: CoordinatorLayout.Behavior<(raw) View!>? to BottomSheetBehavior<Screen>
w: file:///Users/kingtay/Desktop/g%20taxi%20rider/apps/rider/node_modules/react-native-screens/android/src/main/java/com/swmansion/rnscreens/ScreenContainer.kt:33:53 'FrameCallback' is deprecated. Use Choreographer.FrameCallback instead
w: file:///Users/kingtay/Desktop/g%20taxi%20rider/apps/rider/node_modules/react-native-screens/android/src/main/java/com/swmansion/rnscreens/ScreenContainer.kt:34:38 'FrameCallback' is deprecated. Use Choreographer.FrameCallback instead
w: file:///Users/kingtay/Desktop/g%20taxi%20rider/apps/rider/node_modules/react-native-screens/android/src/main/java/com/swmansion/rnscreens/ScreenFooter.kt:252:9 Parameter 'changed' is never used
w: file:///Users/kingtay/Desktop/g%20taxi%20rider/apps/rider/node_modules/react-native-screens/android/src/main/java/com/swmansion/rnscreens/ScreenFooter.kt:253:9 Parameter 'left' is never used
w: file:///Users/kingtay/Desktop/g%20taxi%20rider/apps/rider/node_modules/react-native-screens/android/src/main/java/com/swmansion/rnscreens/ScreenFooter.kt:254:9 Parameter 'top' is never used
w: file:///Users/kingtay/Desktop/g%20taxi%20rider/apps/rider/node_modules/react-native-screens/android/src/main/java/com/swmansion/rnscreens/ScreenFooter.kt:255:9 Parameter 'right' is never used
w: file:///Users/kingtay/Desktop/g%20taxi%20rider/apps/rider/node_modules/react-native-screens/android/src/main/java/com/swmansion/rnscreens/ScreenFooter.kt:256:9 Parameter 'bottom' is never used
w: file:///Users/kingtay/Desktop/g%20taxi%20rider/apps/rider/node_modules/react-native-screens/android/src/main/java/com/swmansion/rnscreens/ScreenStackFragment.kt:257:31 'setter for targetElevation: Float' is deprecated. Deprecated in Java
w: file:///Users/kingtay/Desktop/g%20taxi%20rider/apps/rider/node_modules/react-native-screens/android/src/main/java/com/swmansion/rnscreens/ScreenStackFragment.kt:260:13 'setHasOptionsMenu(Boolean): Unit' is deprecated. Deprecated in Java
w: file:///Users/kingtay/Desktop/g%20taxi%20rider/apps/rider/node_modules/react-native-screens/android/src/main/java/com/swmansion/rnscreens/ScreenStackFragment.kt:496:22 'onPrepareOptionsMenu(Menu): Unit' is deprecated. Deprecated in Java
w: file:///Users/kingtay/Desktop/g%20taxi%20rider/apps/rider/node_modules/react-native-screens/android/src/main/java/com/swmansion/rnscreens/ScreenStackFragment.kt:504:22 'onCreateOptionsMenu(Menu, MenuInflater): Unit' is deprecated. Deprecated in Java
w: file:///Users/kingtay/Desktop/g%20taxi%20rider/apps/rider/node_modules/react-native-screens/android/src/main/java/com/swmansion/rnscreens/ScreenStackHeaderConfig.kt:100:38 'getter for systemWindowInsetTop: Int' is deprecated. Deprecated in Java
w: file:///Users/kingtay/Desktop/g%20taxi%20rider/apps/rider/node_modules/react-native-screens/android/src/main/java/com/swmansion/rnscreens/ScreenStackHeaderConfigViewManager.kt:7:34 'MapBuilder' is deprecated. Deprecated in Java
w: file:///Users/kingtay/Desktop/g%20taxi%20rider/apps/rider/node_modules/react-native-screens/android/src/main/java/com/swmansion/rnscreens/ScreenStackHeaderConfigViewManager.kt:209:9 'MapBuilder' is deprecated. Deprecated in Java
w: file:///Users/kingtay/Desktop/g%20taxi%20rider/apps/rider/node_modules/react-native-screens/android/src/main/java/com/swmansion/rnscreens/ScreenStackHeaderConfigViewManager.kt:211:13 'MapBuilder' is deprecated. Deprecated in Java
w: file:///Users/kingtay/Desktop/g%20taxi%20rider/apps/rider/node_modules/react-native-screens/android/src/main/java/com/swmansion/rnscreens/ScreenStackHeaderConfigViewManager.kt:213:13 'MapBuilder' is deprecated. Deprecated in Java
w: file:///Users/kingtay/Desktop/g%20taxi%20rider/apps/rider/node_modules/react-native-screens/android/src/main/java/com/swmansion/rnscreens/ScreenViewManager.kt:7:34 'MapBuilder' is deprecated. Deprecated in Java
w: file:///Users/kingtay/Desktop/g%20taxi%20rider/apps/rider/node_modules/react-native-screens/android/src/main/java/com/swmansion/rnscreens/ScreenViewManager.kt:375:48 'MapBuilder' is deprecated. Deprecated in Java
w: file:///Users/kingtay/Desktop/g%20taxi%20rider/apps/rider/node_modules/react-native-screens/android/src/main/java/com/swmansion/rnscreens/ScreenViewManager.kt:376:49 'MapBuilder' is deprecated. Deprecated in Java
w: file:///Users/kingtay/Desktop/g%20taxi%20rider/apps/rider/node_modules/react-native-screens/android/src/main/java/com/swmansion/rnscreens/ScreenViewManager.kt:377:45 'MapBuilder' is deprecated. Deprecated in Java
w: file:///Users/kingtay/Desktop/g%20taxi%20rider/apps/rider/node_modules/react-native-screens/android/src/main/java/com/swmansion/rnscreens/ScreenViewManager.kt:378:52 'MapBuilder' is deprecated. Deprecated in Java
w: file:///Users/kingtay/Desktop/g%20taxi%20rider/apps/rider/node_modules/react-native-screens/android/src/main/java/com/swmansion/rnscreens/ScreenViewManager.kt:379:48 'MapBuilder' is deprecated. Deprecated in Java
w: file:///Users/kingtay/Desktop/g%20taxi%20rider/apps/rider/node_modules/react-native-screens/android/src/main/java/com/swmansion/rnscreens/ScreenViewManager.kt:380:51 'MapBuilder' is deprecated. Deprecated in Java
w: file:///Users/kingtay/Desktop/g%20taxi%20rider/apps/rider/node_modules/react-native-screens/android/src/main/java/com/swmansion/rnscreens/ScreenViewManager.kt:381:56 'MapBuilder' is deprecated. Deprecated in Java
w: file:///Users/kingtay/Desktop/g%20taxi%20rider/apps/rider/node_modules/react-native-screens/android/src/main/java/com/swmansion/rnscreens/ScreenViewManager.kt:382:57 'MapBuilder' is deprecated. Deprecated in Java
w: file:///Users/kingtay/Desktop/g%20taxi%20rider/apps/rider/node_modules/react-native-screens/android/src/main/java/com/swmansion/rnscreens/ScreenViewManager.kt:383:51 'MapBuilder' is deprecated. Deprecated in Java
w: file:///Users/kingtay/Desktop/g%20taxi%20rider/apps/rider/node_modules/react-native-screens/android/src/main/java/com/swmansion/rnscreens/ScreenWindowTraits.kt:55:42 'replaceSystemWindowInsets(Int, Int, Int, Int): WindowInsetsCompat' is deprecated. Deprecated in Java
w: file:///Users/kingtay/Desktop/g%20taxi%20rider/apps/rider/node_modules/react-native-screens/android/src/main/java/com/swmansion/rnscreens/ScreenWindowTraits.kt:56:39 'getter for systemWindowInsetLeft: Int' is deprecated. Deprecated in Java
w: file:///Users/kingtay/Desktop/g%20taxi%20rider/apps/rider/node_modules/react-native-screens/android/src/main/java/com/swmansion/rnscreens/ScreenWindowTraits.kt:58:39 'getter for systemWindowInsetRight: Int' is deprecated. Deprecated in Java
w: file:///Users/kingtay/Desktop/g%20taxi%20rider/apps/rider/node_modules/react-native-screens/android/src/main/java/com/swmansion/rnscreens/ScreenWindowTraits.kt:59:39 'getter for systemWindowInsetBottom: Int' is deprecated. Deprecated in Java
w: file:///Users/kingtay/Desktop/g%20taxi%20rider/apps/rider/node_modules/react-native-screens/android/src/main/java/com/swmansion/rnscreens/ScreenWindowTraits.kt:98:53 'getter for statusBarColor: Int' is deprecated. Deprecated in Java
w: file:///Users/kingtay/Desktop/g%20taxi%20rider/apps/rider/node_modules/react-native-screens/android/src/main/java/com/swmansion/rnscreens/ScreenWindowTraits.kt:109:48 'getter for statusBarColor: Int' is deprecated. Deprecated in Java
w: file:///Users/kingtay/Desktop/g%20taxi%20rider/apps/rider/node_modules/react-native-screens/android/src/main/java/com/swmansion/rnscreens/ScreenWindowTraits.kt:112:32 'setter for statusBarColor: Int' is deprecated. Deprecated in Java
w: file:///Users/kingtay/Desktop/g%20taxi%20rider/apps/rider/node_modules/react-native-screens/android/src/main/java/com/swmansion/rnscreens/ScreenWindowTraits.kt:208:72 'getter for navigationBarColor: Int' is deprecated. Deprecated in Java
w: file:///Users/kingtay/Desktop/g%20taxi%20rider/apps/rider/node_modules/react-native-screens/android/src/main/java/com/swmansion/rnscreens/ScreenWindowTraits.kt:214:16 'setter for navigationBarColor: Int' is deprecated. Deprecated in Java
w: file:///Users/kingtay/Desktop/g%20taxi%20rider/apps/rider/node_modules/react-native-screens/android/src/main/java/com/swmansion/rnscreens/SearchBarManager.kt:5:34 'MapBuilder' is deprecated. Deprecated in Java
w: file:///Users/kingtay/Desktop/g%20taxi%20rider/apps/rider/node_modules/react-native-screens/android/src/main/java/com/swmansion/rnscreens/SearchBarManager.kt:138:66 Elvis operator (?:) always returns the left operand of non-nullable type Boolean
w: file:///Users/kingtay/Desktop/g%20taxi%20rider/apps/rider/node_modules/react-native-screens/android/src/main/java/com/swmansion/rnscreens/SearchBarManager.kt:142:9 'MapBuilder' is deprecated. Deprecated in Java
w: file:///Users/kingtay/Desktop/g%20taxi%20rider/apps/rider/node_modules/react-native-screens/android/src/main/java/com/swmansion/rnscreens/SearchBarManager.kt:144:13 'MapBuilder' is deprecated. Deprecated in Java
w: file:///Users/kingtay/Desktop/g%20taxi%20rider/apps/rider/node_modules/react-native-screens/android/src/main/java/com/swmansion/rnscreens/SearchBarManager.kt:146:13 'MapBuilder' is deprecated. Deprecated in Java
w: file:///Users/kingtay/Desktop/g%20taxi%20rider/apps/rider/node_modules/react-native-screens/android/src/main/java/com/swmansion/rnscreens/SearchBarManager.kt:148:13 'MapBuilder' is deprecated. Deprecated in Java
w: file:///Users/kingtay/Desktop/g%20taxi%20rider/apps/rider/node_modules/react-native-screens/android/src/main/java/com/swmansion/rnscreens/SearchBarManager.kt:150:13 'MapBuilder' is deprecated. Deprecated in Java
w: file:///Users/kingtay/Desktop/g%20taxi%20rider/apps/rider/node_modules/react-native-screens/android/src/main/java/com/swmansion/rnscreens/SearchBarManager.kt:152:13 'MapBuilder' is deprecated. Deprecated in Java
w: file:///Users/kingtay/Desktop/g%20taxi%20rider/apps/rider/node_modules/react-native-screens/android/src/main/java/com/swmansion/rnscreens/SearchBarManager.kt:154:13 'MapBuilder' is deprecated. Deprecated in Java
w: file:///Users/kingtay/Desktop/g%20taxi%20rider/apps/rider/node_modules/react-native-screens/android/src/main/java/com/swmansion/rnscreens/SearchBarView.kt:153:43 Parameter 'flag' is never used
w: file:///Users/kingtay/Desktop/g%20taxi%20rider/apps/rider/node_modules/react-native-screens/android/src/main/java/com/swmansion/rnscreens/bottomsheet/BottomSheetDialogRootView.kt:7:34 'ReactFeatureFlags' is deprecated. Deprecated in Java
w: file:///Users/kingtay/Desktop/g%20taxi%20rider/apps/rider/node_modules/react-native-screens/android/src/main/java/com/swmansion/rnscreens/bottomsheet/BottomSheetDialogRootView.kt:25:13 'ReactFeatureFlags' is deprecated. Deprecated in Java
w: file:///Users/kingtay/Desktop/g%20taxi%20rider/apps/rider/node_modules/react-native-screens/android/src/paper/java/com/swmansion/rnscreens/FabricEnabledHeaderConfigViewGroup.kt:17:25 Parameter 'wrapper' is never used
w: file:///Users/kingtay/Desktop/g%20taxi%20rider/apps/rider/node_modules/react-native-screens/android/src/paper/java/com/swmansion/rnscreens/FabricEnabledViewGroup.kt:10:25 Parameter 'wrapper' is never used
w: file:///Users/kingtay/Desktop/g%20taxi%20rider/apps/rider/node_modules/react-native-screens/android/src/paper/java/com/swmansion/rnscreens/FabricEnabledViewGroup.kt:13:9 Parameter 'width' is never used
w: file:///Users/kingtay/Desktop/g%20taxi%20rider/apps/rider/node_modules/react-native-screens/android/src/paper/java/com/swmansion/rnscreens/FabricEnabledViewGroup.kt:14:9 Parameter 'height' is never used
w: file:///Users/kingtay/Desktop/g%20taxi%20rider/apps/rider/node_modules/react-native-screens/android/src/paper/java/com/swmansion/rnscreens/FabricEnabledViewGroup.kt:15:9 Parameter 'headerHeight' is never used
w: file:///Users/kingtay/Desktop/g%20taxi%20rider/apps/rider/node_modules/react-native-screens/android/src/paper/java/com/swmansion/rnscreens/NativeProxy.kt:7:36 Parameter 'fabricUIManager' is never used
w: file:///Users/kingtay/Desktop/g%20taxi%20rider/apps/rider/node_modules/react-native-screens/android/src/paper/java/com/swmansion/rnscreens/NativeProxy.kt:11:13 Parameter 'tag' is never used
w: file:///Users/kingtay/Desktop/g%20taxi%20rider/apps/rider/node_modules/react-native-screens/android/src/paper/java/com/swmansion/rnscreens/NativeProxy.kt:12:13 Parameter 'view' is never used
w: file:///Users/kingtay/Desktop/g%20taxi%20rider/apps/rider/node_modules/react-native-screens/android/src/paper/java/com/swmansion/rnscreens/NativeProxy.kt:15:33 Parameter 'tag' is never used

> Task :react-native-screens:buildCMakeRelWithDebInfo[x86_64]

> Task :react-native-screens:compileReleaseJavaWithJavac
Note: /Users/kingtay/Desktop/g taxi rider/apps/rider/node_modules/react-native-screens/android/src/paper/java/com/swmansion/rnscreens/NativeScreensModuleSpec.java uses or overrides a deprecated API.
Note: Recompile with -Xlint:deprecation for details.

> Task :react-native-screens:bundleLibCompileToJarRelease
> Task :react-native-screens:bundleLibRuntimeToJarRelease
> Task :react-native-screens:processReleaseJavaRes
> Task :react-native-screens:createFullJarRelease
> Task :react-native-screens:generateReleaseLintModel
> Task :react-native-screens:mergeReleaseJniLibFolders
> Task :react-native-screens:extractDeepLinksForAarRelease UP-TO-DATE
> Task :react-native-screens:extractReleaseAnnotations
> Task :react-native-screens:mergeReleaseNativeLibs
> Task :react-native-screens:mergeReleaseGeneratedProguardFiles UP-TO-DATE
> Task :react-native-screens:mergeReleaseConsumerProguardFiles UP-TO-DATE
> Task :react-native-screens:mergeReleaseShaders
> Task :react-native-screens:compileReleaseShaders NO-SOURCE
> Task :react-native-screens:generateReleaseAssets UP-TO-DATE
> Task :react-native-screens:packageReleaseAssets
> Task :react-native-screens:prepareReleaseArtProfile UP-TO-DATE
> Task :react-native-async-storage_async-storage:mergeReleaseJniLibFolders
> Task :react-native-async-storage_async-storage:mergeReleaseNativeLibs NO-SOURCE
> Task :react-native-async-storage_async-storage:stripReleaseDebugSymbols NO-SOURCE
> Task :react-native-screens:mergeReleaseJavaResource
> Task :react-native-screens:stripReleaseDebugSymbols
> Task :react-native-async-storage_async-storage:copyReleaseJniLibsProjectAndLocalJars
> Task :react-native-screens:syncReleaseLibJars
> Task :react-native-async-storage_async-storage:extractDeepLinksForAarRelease UP-TO-DATE
> Task :react-native-screens:copyReleaseJniLibsProjectAndLocalJars
> Task :react-native-async-storage_async-storage:extractReleaseAnnotations
> Task :react-native-screens:bundleReleaseLocalLintAar
> Task :react-native-async-storage_async-storage:mergeReleaseGeneratedProguardFiles UP-TO-DATE
> Task :react-native-async-storage_async-storage:mergeReleaseConsumerProguardFiles UP-TO-DATE
> Task :react-native-async-storage_async-storage:mergeReleaseShaders
> Task :react-native-async-storage_async-storage:compileReleaseShaders NO-SOURCE
> Task :react-native-async-storage_async-storage:generateReleaseAssets UP-TO-DATE
> Task :react-native-async-storage_async-storage:packageReleaseAssets
> Task :react-native-async-storage_async-storage:prepareReleaseArtProfile UP-TO-DATE
> Task :react-native-community_netinfo:mergeReleaseJniLibFolders
> Task :react-native-async-storage_async-storage:mergeReleaseJavaResource
> Task :react-native-community_netinfo:mergeReleaseNativeLibs NO-SOURCE
> Task :react-native-async-storage_async-storage:syncReleaseLibJars
> Task :react-native-async-storage_async-storage:bundleReleaseLocalLintAar
> Task :react-native-community_netinfo:stripReleaseDebugSymbols NO-SOURCE
> Task :react-native-community_netinfo:copyReleaseJniLibsProjectAndLocalJars
> Task :react-native-community_netinfo:extractDeepLinksForAarRelease UP-TO-DATE
> Task :react-native-community_netinfo:extractReleaseAnnotations
> Task :react-native-community_netinfo:mergeReleaseGeneratedProguardFiles UP-TO-DATE
> Task :react-native-community_netinfo:mergeReleaseConsumerProguardFiles UP-TO-DATE
> Task :react-native-community_netinfo:mergeReleaseShaders
> Task :react-native-community_netinfo:compileReleaseShaders NO-SOURCE
> Task :react-native-community_netinfo:generateReleaseAssets UP-TO-DATE
> Task :react-native-community_netinfo:packageReleaseAssets
> Task :react-native-community_netinfo:prepareReleaseArtProfile UP-TO-DATE
> Task :react-native-community_slider:mergeReleaseJniLibFolders
> Task :react-native-community_slider:mergeReleaseNativeLibs NO-SOURCE
> Task :react-native-community_slider:stripReleaseDebugSymbols NO-SOURCE
> Task :react-native-community_slider:copyReleaseJniLibsProjectAndLocalJars
> Task :react-native-community_slider:extractDeepLinksForAarRelease UP-TO-DATE
> Task :react-native-community_netinfo:mergeReleaseJavaResource
> Task :react-native-community_slider:extractReleaseAnnotations
> Task :react-native-community_netinfo:syncReleaseLibJars
> Task :react-native-community_netinfo:bundleReleaseLocalLintAar
> Task :react-native-community_slider:mergeReleaseGeneratedProguardFiles UP-TO-DATE
> Task :react-native-community_slider:mergeReleaseConsumerProguardFiles UP-TO-DATE
> Task :react-native-community_slider:mergeReleaseShaders
> Task :react-native-community_slider:compileReleaseShaders NO-SOURCE
> Task :react-native-community_slider:generateReleaseAssets UP-TO-DATE
> Task :react-native-community_slider:packageReleaseAssets
> Task :react-native-community_slider:prepareReleaseArtProfile UP-TO-DATE
> Task :react-native-community_slider:mergeReleaseJavaResource
> Task :sentry_react-native:mergeReleaseJniLibFolders
> Task :react-native-community_slider:syncReleaseLibJars
> Task :react-native-community_slider:bundleReleaseLocalLintAar
> Task :sentry_react-native:mergeReleaseNativeLibs NO-SOURCE
> Task :sentry_react-native:stripReleaseDebugSymbols NO-SOURCE
> Task :sentry_react-native:copyReleaseJniLibsProjectAndLocalJars
> Task :sentry_react-native:extractDeepLinksForAarRelease UP-TO-DATE
> Task :sentry_react-native:extractReleaseAnnotations
> Task :sentry_react-native:mergeReleaseGeneratedProguardFiles UP-TO-DATE
> Task :sentry_react-native:mergeReleaseConsumerProguardFiles UP-TO-DATE
> Task :sentry_react-native:mergeReleaseShaders
> Task :sentry_react-native:compileReleaseShaders NO-SOURCE
> Task :sentry_react-native:generateReleaseAssets UP-TO-DATE
> Task :sentry_react-native:packageReleaseAssets
> Task :sentry_react-native:prepareReleaseArtProfile UP-TO-DATE
> Task :react-native-maps:mergeReleaseJniLibFolders
> Task :react-native-maps:mergeReleaseNativeLibs NO-SOURCE
> Task :react-native-maps:stripReleaseDebugSymbols NO-SOURCE
> Task :react-native-maps:extractDeepLinksForAarRelease UP-TO-DATE
> Task :react-native-maps:copyReleaseJniLibsProjectAndLocalJars
> Task :sentry_react-native:mergeReleaseJavaResource
> Task :sentry_react-native:syncReleaseLibJars
> Task :sentry_react-native:bundleReleaseLocalLintAar
> Task :react-native-maps:extractReleaseAnnotations
> Task :react-native-maps:mergeReleaseGeneratedProguardFiles UP-TO-DATE
> Task :react-native-maps:mergeReleaseConsumerProguardFiles UP-TO-DATE
> Task :react-native-maps:mergeReleaseShaders
> Task :react-native-maps:compileReleaseShaders NO-SOURCE
> Task :react-native-maps:generateReleaseAssets UP-TO-DATE
> Task :react-native-maps:packageReleaseAssets
> Task :react-native-maps:prepareReleaseArtProfile UP-TO-DATE
> Task :react-native-maps:mergeReleaseJavaResource
> Task :react-native-reanimated:configureCMakeRelWithDebInfo[arm64-v8a]
> Task :react-native-maps:syncReleaseLibJars
> Task :react-native-maps:bundleReleaseLocalLintAar

> Task :stripe_stripe-react-native:compileReleaseKotlin
w: file:///Users/kingtay/Desktop/g%20taxi%20rider/apps/rider/node_modules/@stripe/stripe-react-native/android/src/main/java/com/reactnativestripesdk/AuBECSDebitFormViewManager.kt:4:34 'MapBuilder' is deprecated. Deprecated in Java
w: file:///Users/kingtay/Desktop/g%20taxi%20rider/apps/rider/node_modules/@stripe/stripe-react-native/android/src/main/java/com/reactnativestripesdk/AuBECSDebitFormViewManager.kt:13:12 'MapBuilder' is deprecated. Deprecated in Java
w: file:///Users/kingtay/Desktop/g%20taxi%20rider/apps/rider/node_modules/@stripe/stripe-react-native/android/src/main/java/com/reactnativestripesdk/AuBECSDebitFormViewManager.kt:14:37 'MapBuilder' is deprecated. Deprecated in Java
w: file:///Users/kingtay/Desktop/g%20taxi%20rider/apps/rider/node_modules/@stripe/stripe-react-native/android/src/main/java/com/reactnativestripesdk/CardChangedEvent.kt:6:44 'RCTEventEmitter' is deprecated. Deprecated in Java
w: file:///Users/kingtay/Desktop/g%20taxi%20rider/apps/rider/node_modules/@stripe/stripe-react-native/android/src/main/java/com/reactnativestripesdk/CardChangedEvent.kt:8:235 'constructor Event<T : Event<(raw) Event<*>>!>(Int)' is deprecated. Deprecated in Java
w: file:///Users/kingtay/Desktop/g%20taxi%20rider/apps/rider/node_modules/@stripe/stripe-react-native/android/src/main/java/com/reactnativestripesdk/CardChangedEvent.kt:13:42 'RCTEventEmitter' is deprecated. Deprecated in Java
w: file:///Users/kingtay/Desktop/g%20taxi%20rider/apps/rider/node_modules/@stripe/stripe-react-native/android/src/main/java/com/reactnativestripesdk/CardChangedEvent.kt:14:21 'receiveEvent(Int, String!, WritableMap?): Unit' is deprecated. Deprecated in Java
w: file:///Users/kingtay/Desktop/g%20taxi%20rider/apps/rider/node_modules/@stripe/stripe-react-native/android/src/main/java/com/reactnativestripesdk/CardFieldViewManager.kt:5:34 'MapBuilder' is deprecated. Deprecated in Java
w: file:///Users/kingtay/Desktop/g%20taxi%20rider/apps/rider/node_modules/@stripe/stripe-react-native/android/src/main/java/com/reactnativestripesdk/CardFieldViewManager.kt:16:12 'MapBuilder' is deprecated. Deprecated in Java
w: file:///Users/kingtay/Desktop/g%20taxi%20rider/apps/rider/node_modules/@stripe/stripe-react-native/android/src/main/java/com/reactnativestripesdk/CardFieldViewManager.kt:17:34 'MapBuilder' is deprecated. Deprecated in Java
w: file:///Users/kingtay/Desktop/g%20taxi%20rider/apps/rider/node_modules/@stripe/stripe-react-native/android/src/main/java/com/reactnativestripesdk/CardFieldViewManager.kt:18:36 'MapBuilder' is deprecated. Deprecated in Java
w: file:///Users/kingtay/Desktop/g%20taxi%20rider/apps/rider/node_modules/@stripe/stripe-react-native/android/src/main/java/com/reactnativestripesdk/CardFocusEvent.kt:5:44 'RCTEventEmitter' is deprecated. Deprecated in Java
w: file:///Users/kingtay/Desktop/g%20taxi%20rider/apps/rider/node_modules/@stripe/stripe-react-native/android/src/main/java/com/reactnativestripesdk/CardFocusEvent.kt:7:92 'constructor Event<T : Event<(raw) Event<*>>!>(Int)' is deprecated. Deprecated in Java
w: file:///Users/kingtay/Desktop/g%20taxi%20rider/apps/rider/node_modules/@stripe/stripe-react-native/android/src/main/java/com/reactnativestripesdk/CardFocusEvent.kt:12:42 'RCTEventEmitter' is deprecated. Deprecated in Java
w: file:///Users/kingtay/Desktop/g%20taxi%20rider/apps/rider/node_modules/@stripe/stripe-react-native/android/src/main/java/com/reactnativestripesdk/CardFocusEvent.kt:13:21 'receiveEvent(Int, String!, WritableMap?): Unit' is deprecated. Deprecated in Java
w: file:///Users/kingtay/Desktop/g%20taxi%20rider/apps/rider/node_modules/@stripe/stripe-react-native/android/src/main/java/com/reactnativestripesdk/CardFormCompleteEvent.kt:6:44 'RCTEventEmitter' is deprecated. Deprecated in Java
w: file:///Users/kingtay/Desktop/g%20taxi%20rider/apps/rider/node_modules/@stripe/stripe-react-native/android/src/main/java/com/reactnativestripesdk/CardFormCompleteEvent.kt:8:200 'constructor Event<T : Event<(raw) Event<*>>!>(Int)' is deprecated. Deprecated in Java
w: file:///Users/kingtay/Desktop/g%20taxi%20rider/apps/rider/node_modules/@stripe/stripe-react-native/android/src/main/java/com/reactnativestripesdk/CardFormCompleteEvent.kt:13:42 'RCTEventEmitter' is deprecated. Deprecated in Java
w: file:///Users/kingtay/Desktop/g%20taxi%20rider/apps/rider/node_modules/@stripe/stripe-react-native/android/src/main/java/com/reactnativestripesdk/CardFormCompleteEvent.kt:14:21 'receiveEvent(Int, String!, WritableMap?): Unit' is deprecated. Deprecated in Java
w: file:///Users/kingtay/Desktop/g%20taxi%20rider/apps/rider/node_modules/@stripe/stripe-react-native/android/src/main/java/com/reactnativestripesdk/CardFormViewManager.kt:5:34 'MapBuilder' is deprecated. Deprecated in Java
w: file:///Users/kingtay/Desktop/g%20taxi%20rider/apps/rider/node_modules/@stripe/stripe-react-native/android/src/main/java/com/reactnativestripesdk/CardFormViewManager.kt:16:12 'MapBuilder' is deprecated. Deprecated in Java
w: file:///Users/kingtay/Desktop/g%20taxi%20rider/apps/rider/node_modules/@stripe/stripe-react-native/android/src/main/java/com/reactnativestripesdk/CardFormViewManager.kt:17:34 'MapBuilder' is deprecated. Deprecated in Java
w: file:///Users/kingtay/Desktop/g%20taxi%20rider/apps/rider/node_modules/@stripe/stripe-react-native/android/src/main/java/com/reactnativestripesdk/CardFormViewManager.kt:18:41 'MapBuilder' is deprecated. Deprecated in Java
w: file:///Users/kingtay/Desktop/g%20taxi%20rider/apps/rider/node_modules/@stripe/stripe-react-native/android/src/main/java/com/reactnativestripesdk/FinancialConnectionsSheetFragment.kt:270:9 Duplicate label in when
w: file:///Users/kingtay/Desktop/g%20taxi%20rider/apps/rider/node_modules/@stripe/stripe-react-native/android/src/main/java/com/reactnativestripesdk/FormCompleteEvent.kt:5:44 'RCTEventEmitter' is deprecated. Deprecated in Java
w: file:///Users/kingtay/Desktop/g%20taxi%20rider/apps/rider/node_modules/@stripe/stripe-react-native/android/src/main/java/com/reactnativestripesdk/FormCompleteEvent.kt:7:112 'constructor Event<T : Event<(raw) Event<*>>!>(Int)' is deprecated. Deprecated in Java
w: file:///Users/kingtay/Desktop/g%20taxi%20rider/apps/rider/node_modules/@stripe/stripe-react-native/android/src/main/java/com/reactnativestripesdk/FormCompleteEvent.kt:12:42 'RCTEventEmitter' is deprecated. Deprecated in Java
w: file:///Users/kingtay/Desktop/g%20taxi%20rider/apps/rider/node_modules/@stripe/stripe-react-native/android/src/main/java/com/reactnativestripesdk/FormCompleteEvent.kt:13:21 'receiveEvent(Int, String!, WritableMap?): Unit' is deprecated. Deprecated in Java
w: file:///Users/kingtay/Desktop/g%20taxi%20rider/apps/rider/node_modules/@stripe/stripe-react-native/android/src/main/java/com/reactnativestripesdk/GooglePayRequestHelper.kt:96:25 'resolveTask(Task<TResult!>, Activity, Int): Unit' is deprecated. Deprecated in Java
w: file:///Users/kingtay/Desktop/g%20taxi%20rider/apps/rider/node_modules/@stripe/stripe-react-native/android/src/main/java/com/reactnativestripesdk/PaymentSheetAppearance.kt:112:37 'get(String!): Any?' is deprecated. Deprecated in Java
w: file:///Users/kingtay/Desktop/g%20taxi%20rider/apps/rider/node_modules/@stripe/stripe-react-native/android/src/main/java/com/reactnativestripesdk/PaymentSheetAppearance.kt:127:37 'get(String!): Any?' is deprecated. Deprecated in Java
w: file:///Users/kingtay/Desktop/g%20taxi%20rider/apps/rider/node_modules/@stripe/stripe-react-native/android/src/main/java/com/reactnativestripesdk/PaymentSheetAppearance.kt:142:37 'get(String!): Any?' is deprecated. Deprecated in Java
w: file:///Users/kingtay/Desktop/g%20taxi%20rider/apps/rider/node_modules/@stripe/stripe-react-native/android/src/main/java/com/reactnativestripesdk/PaymentSheetFragment.kt:95:62 'drawableResourceId: Int' is deprecated. Please use icon() instead.
w: file:///Users/kingtay/Desktop/g%20taxi%20rider/apps/rider/node_modules/@stripe/stripe-react-native/android/src/main/java/com/reactnativestripesdk/PaymentSheetFragment.kt:311:62 'drawableResourceId: Int' is deprecated. Please use icon() instead.
w: file:///Users/kingtay/Desktop/g%20taxi%20rider/apps/rider/node_modules/@stripe/stripe-react-native/android/src/main/java/com/reactnativestripesdk/StripeSdkModule.kt:82:25 'getParcelableExtra(String!): T?' is deprecated. Deprecated in Java
w: file:///Users/kingtay/Desktop/g%20taxi%20rider/apps/rider/node_modules/@stripe/stripe-react-native/android/src/main/java/com/reactnativestripesdk/StripeSdkModule.kt:942:19 Parameter 'eventName' is never used
w: file:///Users/kingtay/Desktop/g%20taxi%20rider/apps/rider/node_modules/@stripe/stripe-react-native/android/src/main/java/com/reactnativestripesdk/addresssheet/AddressSheetEvent.kt:5:44 'RCTEventEmitter' is deprecated. Deprecated in Java
w: file:///Users/kingtay/Desktop/g%20taxi%20rider/apps/rider/node_modules/@stripe/stripe-react-native/android/src/main/java/com/reactnativestripesdk/addresssheet/AddressSheetEvent.kt:7:132 'constructor Event<T : Event<(raw) Event<*>>!>(Int)' is deprecated. Deprecated in Java
w: file:///Users/kingtay/Desktop/g%20taxi%20rider/apps/rider/node_modules/@stripe/stripe-react-native/android/src/main/java/com/reactnativestripesdk/addresssheet/AddressSheetEvent.kt:13:42 'RCTEventEmitter' is deprecated. Deprecated in Java
w: file:///Users/kingtay/Desktop/g%20taxi%20rider/apps/rider/node_modules/@stripe/stripe-react-native/android/src/main/java/com/reactnativestripesdk/addresssheet/AddressSheetEvent.kt:14:21 'receiveEvent(Int, String!, WritableMap?): Unit' is deprecated. Deprecated in Java
w: file:///Users/kingtay/Desktop/g%20taxi%20rider/apps/rider/node_modules/@stripe/stripe-react-native/android/src/main/java/com/reactnativestripesdk/addresssheet/AddressSheetViewManager.kt:5:34 'MapBuilder' is deprecated. Deprecated in Java
w: file:///Users/kingtay/Desktop/g%20taxi%20rider/apps/rider/node_modules/@stripe/stripe-react-native/android/src/main/java/com/reactnativestripesdk/addresssheet/AddressSheetViewManager.kt:14:12 'MapBuilder' is deprecated. Deprecated in Java
w: file:///Users/kingtay/Desktop/g%20taxi%20rider/apps/rider/node_modules/@stripe/stripe-react-native/android/src/main/java/com/reactnativestripesdk/addresssheet/AddressSheetViewManager.kt:15:36 'MapBuilder' is deprecated. Deprecated in Java
w: file:///Users/kingtay/Desktop/g%20taxi%20rider/apps/rider/node_modules/@stripe/stripe-react-native/android/src/main/java/com/reactnativestripesdk/addresssheet/AddressSheetViewManager.kt:16:35 'MapBuilder' is deprecated. Deprecated in Java
w: file:///Users/kingtay/Desktop/g%20taxi%20rider/apps/rider/node_modules/@stripe/stripe-react-native/android/src/main/java/com/reactnativestripesdk/customersheet/CustomerSheetFragment.kt:155:9 Variable 'customerSheetActivity' is assigned but never accessed
w: file:///Users/kingtay/Desktop/g%20taxi%20rider/apps/rider/node_modules/@stripe/stripe-react-native/android/src/main/java/com/reactnativestripesdk/pushprovisioning/AddToWalletButtonManager.kt:6:34 'MapBuilder' is deprecated. Deprecated in Java
w: file:///Users/kingtay/Desktop/g%20taxi%20rider/apps/rider/node_modules/@stripe/stripe-react-native/android/src/main/java/com/reactnativestripesdk/pushprovisioning/AddToWalletButtonManager.kt:31:12 'MapBuilder' is deprecated. Deprecated in Java
w: file:///Users/kingtay/Desktop/g%20taxi%20rider/apps/rider/node_modules/@stripe/stripe-react-native/android/src/main/java/com/reactnativestripesdk/pushprovisioning/AddToWalletButtonManager.kt:32:44 'MapBuilder' is deprecated. Deprecated in Java
w: file:///Users/kingtay/Desktop/g%20taxi%20rider/apps/rider/node_modules/@stripe/stripe-react-native/android/src/main/java/com/reactnativestripesdk/pushprovisioning/AddToWalletCompleteEvent.kt:4:44 'RCTEventEmitter' is deprecated. Deprecated in Java
w: file:///Users/kingtay/Desktop/g%20taxi%20rider/apps/rider/node_modules/@stripe/stripe-react-native/android/src/main/java/com/reactnativestripesdk/pushprovisioning/AddToWalletCompleteEvent.kt:6:102 'constructor Event<T : Event<(raw) Event<*>>!>(Int)' is deprecated. Deprecated in Java
w: file:///Users/kingtay/Desktop/g%20taxi%20rider/apps/rider/node_modules/@stripe/stripe-react-native/android/src/main/java/com/reactnativestripesdk/pushprovisioning/AddToWalletCompleteEvent.kt:11:42 'RCTEventEmitter' is deprecated. Deprecated in Java
w: file:///Users/kingtay/Desktop/g%20taxi%20rider/apps/rider/node_modules/@stripe/stripe-react-native/android/src/main/java/com/reactnativestripesdk/pushprovisioning/AddToWalletCompleteEvent.kt:12:21 'receiveEvent(Int, String!, WritableMap?): Unit' is deprecated. Deprecated in Java
w: file:///Users/kingtay/Desktop/g%20taxi%20rider/apps/rider/node_modules/@stripe/stripe-react-native/android/src/main/java/com/reactnativestripesdk/pushprovisioning/TapAndPayProxy.kt:29:39 Unchecked cast: Any! to Task<List<Any>>
w: file:///Users/kingtay/Desktop/g%20taxi%20rider/apps/rider/node_modules/@stripe/stripe-react-native/android/src/main/java/com/reactnativestripesdk/utils/Mappers.kt:393:64 'linkedAccount: String?' is deprecated. Renamed to 'financialConnectionsAccount', 'linkedAccount' will be removed in a future major update
w: file:///Users/kingtay/Desktop/g%20taxi%20rider/apps/rider/node_modules/@stripe/stripe-react-native/android/src/main/java/com/reactnativestripesdk/utils/Mappers.kt:899:62 Unchecked cast: ArrayList<Any>? to ArrayList<String>
w: file:///Users/kingtay/Desktop/g%20taxi%20rider/apps/rider/node_modules/@stripe/stripe-react-native/android/src/main/java/com/reactnativestripesdk/utils/Mappers.kt:900:60 Unchecked cast: ArrayList<Any>? to ArrayList<Int>

> Task :react-native-reanimated:buildCMakeRelWithDebInfo[arm64-v8a]
> Task :expo-modules-core:compileReleaseJavaWithJavac
> Task :expo-modules-core:bundleLibCompileToJarRelease
> Task :stripe_stripe-react-native:compileReleaseJavaWithJavac
> Task :expo-constants:compileReleaseKotlin
> Task :expo-application:compileReleaseKotlin
> Task :expo-font:compileReleaseKotlin
> Task :expo-asset:compileReleaseKotlin
> Task :expo-constants:compileReleaseJavaWithJavac
> Task :expo-application:compileReleaseJavaWithJavac
> Task :expo-application:bundleLibCompileToJarRelease
> Task :expo-device:compileReleaseKotlin
> Task :expo-asset:compileReleaseJavaWithJavac
> Task :expo-asset:bundleLibCompileToJarRelease
> Task :expo-constants:bundleLibCompileToJarRelease
> Task :expo-blur:compileReleaseKotlin
> Task :expo-device:compileReleaseJavaWithJavac
> Task :expo-blur:compileReleaseJavaWithJavac
> Task :expo-device:bundleLibCompileToJarRelease
> Task :expo-blur:bundleLibCompileToJarRelease
> Task :expo-font:compileReleaseJavaWithJavac
> Task :expo-font:bundleLibCompileToJarRelease
> Task :expo-image-loader:compileReleaseKotlin
> Task :expo-keep-awake:compileReleaseKotlin
> Task :expo-haptics:compileReleaseKotlin
> Task :expo-linear-gradient:compileReleaseKotlin
> Task :expo-image-loader:compileReleaseJavaWithJavac
> Task :expo-haptics:compileReleaseJavaWithJavac
> Task :expo-image-loader:bundleLibCompileToJarRelease
> Task :expo-haptics:bundleLibCompileToJarRelease
> Task :expo-keep-awake:compileReleaseJavaWithJavac
> Task :expo-keep-awake:bundleLibCompileToJarRelease
> Task :expo-linear-gradient:compileReleaseJavaWithJavac
> Task :expo-linear-gradient:bundleLibCompileToJarRelease
> Task :expo-application:bundleLibRuntimeToJarRelease
> Task :expo-application:processReleaseJavaRes
> Task :expo-application:createFullJarRelease
> Task :stripe_stripe-react-native:bundleLibCompileToJarRelease
> Task :expo-modules-core:processReleaseJavaRes
> Task :expo-modules-core:generateReleaseLintModel
> Task :expo-asset:bundleLibRuntimeToJarRelease
> Task :expo-asset:processReleaseJavaRes
> Task :expo-asset:createFullJarRelease
> Task :expo-blur:bundleLibRuntimeToJarRelease
> Task :expo-blur:processReleaseJavaRes
> Task :expo-blur:createFullJarRelease
> Task :expo-constants:bundleLibRuntimeToJarRelease
> Task :expo-constants:processReleaseJavaRes
> Task :expo-constants:createFullJarRelease
> Task :expo-device:bundleLibRuntimeToJarRelease
> Task :expo-device:processReleaseJavaRes
> Task :expo-device:createFullJarRelease
> Task :expo-font:bundleLibRuntimeToJarRelease
> Task :expo-font:processReleaseJavaRes
> Task :expo-font:createFullJarRelease
> Task :expo-haptics:bundleLibRuntimeToJarRelease
> Task :expo-haptics:processReleaseJavaRes
> Task :expo-haptics:createFullJarRelease
> Task :expo-image-loader:bundleLibRuntimeToJarRelease
> Task :expo-modules-core:bundleLibRuntimeToJarRelease
> Task :expo-image-loader:processReleaseJavaRes
> Task :expo-modules-core:createFullJarRelease
> Task :expo-application:generateReleaseLintModel
> Task :expo-asset:generateReleaseLintModel
> Task :expo-blur:generateReleaseLintModel
> Task :expo-constants:generateReleaseLintModel
> Task :expo-device:generateReleaseLintModel
> Task :expo-font:generateReleaseLintModel
> Task :expo-haptics:generateReleaseLintModel
> Task :expo-image-loader:createFullJarRelease
> Task :expo-system-ui:compileReleaseKotlin
> Task :expo-image-loader:generateReleaseLintModel
> Task :expo-system-ui:compileReleaseJavaWithJavac
> Task :expo-system-ui:bundleLibCompileToJarRelease
> Task :expo-keep-awake:bundleLibRuntimeToJarRelease
> Task :expo-keep-awake:processReleaseJavaRes
> Task :expo-keep-awake:createFullJarRelease
> Task :expo-keep-awake:generateReleaseLintModel
> Task :expo-linear-gradient:bundleLibRuntimeToJarRelease
> Task :expo-linear-gradient:processReleaseJavaRes
> Task :expo-linear-gradient:createFullJarRelease
> Task :expo-linear-gradient:generateReleaseLintModel
> Task :expo-system-ui:bundleLibRuntimeToJarRelease
> Task :expo-system-ui:processReleaseJavaRes
> Task :expo-system-ui:createFullJarRelease
> Task :expo-system-ui:generateReleaseLintModel
> Task :stripe_stripe-react-native:bundleLibRuntimeToJarRelease
> Task :stripe_stripe-react-native:processReleaseJavaRes
> Task :stripe_stripe-react-native:createFullJarRelease
> Task :stripe_stripe-react-native:generateReleaseLintModel
> Task :stripe_stripe-react-native:extractReleaseAnnotations
> Task :stripe_stripe-react-native:mergeReleaseGeneratedProguardFiles UP-TO-DATE
> Task :stripe_stripe-react-native:mergeReleaseConsumerProguardFiles
> Task :stripe_stripe-react-native:mergeReleaseJavaResource
> Task :stripe_stripe-react-native:syncReleaseLibJars
> Task :stripe_stripe-react-native:bundleReleaseLocalLintAar

> Task :expo-image-picker:compileReleaseKotlin
w: file:///Users/kingtay/Desktop/g%20taxi%20rider/apps/rider/node_modules/expo-image-picker/android/src/main/java/expo/modules/imagepicker/ImagePickerConstants.kt:123:23 'TAG_ISO_SPEED_RATINGS: String' is deprecated. Deprecated in Java

> Task :expo-file-system:compileReleaseKotlin
> Task :expo-camera:compileReleaseKotlin
w: file:///Users/kingtay/Desktop/g%20taxi%20rider/apps/rider/node_modules/expo-camera/android/src/main/java/expo/modules/camera/ExpoCameraView.kt:605:73 'getter for defaultDisplay: Display!' is deprecated. Deprecated in Java
w: file:///Users/kingtay/Desktop/g%20taxi%20rider/apps/rider/node_modules/expo-camera/android/src/main/java/expo/modules/camera/tasks/ResolveTakenPicture.kt:146:32 Type mismatch: inferred type is String? but String was expected
w: file:///Users/kingtay/Desktop/g%20taxi%20rider/apps/rider/node_modules/expo-camera/android/src/main/java/expo/modules/camera/utils/ExifTags.kt:71:32 'TAG_ISO_SPEED_RATINGS: String' is deprecated. Deprecated in Java

> Task :react-native-reanimated:configureCMakeRelWithDebInfo[armeabi-v7a]
> Task :expo-camera:compileReleaseJavaWithJavac
> Task :expo-camera:bundleLibCompileToJarRelease
> Task :expo-file-system:compileReleaseJavaWithJavac
> Task :expo-file-system:bundleLibCompileToJarRelease
> Task :expo-image-picker:compileReleaseJavaWithJavac
> Task :expo-image-picker:bundleLibCompileToJarRelease
> Task :expo-camera:processReleaseJavaRes
> Task :expo-camera:bundleLibRuntimeToJarRelease
> Task :expo-camera:generateReleaseLintModel

> Task :expo-location:compileReleaseKotlin
w: file:///Users/kingtay/Desktop/g%20taxi%20rider/apps/rider/node_modules/expo-location/android/src/main/java/expo/modules/location/LocationModule.kt:664:63 'getFromLocationName(String, Int): (Mutable)List<Address!>?' is deprecated. Deprecated in Java
w: file:///Users/kingtay/Desktop/g%20taxi%20rider/apps/rider/node_modules/expo-location/android/src/main/java/expo/modules/location/LocationModule.kt:696:63 'getFromLocation(Double, Double, Int): (Mutable)List<Address!>?' is deprecated. Deprecated in Java
w: file:///Users/kingtay/Desktop/g%20taxi%20rider/apps/rider/node_modules/expo-location/android/src/main/java/expo/modules/location/records/LocationResults.kt:84:23 'getter for isFromMockProvider: Boolean' is deprecated. Deprecated in Java
w: file:///Users/kingtay/Desktop/g%20taxi%20rider/apps/rider/node_modules/expo-location/android/src/main/java/expo/modules/location/records/LocationResults.kt:91:7 Unchecked cast: {BaseBundle & Parcelable & kotlin.Cloneable} to BundleType
w: file:///Users/kingtay/Desktop/g%20taxi%20rider/apps/rider/node_modules/expo-location/android/src/main/java/expo/modules/location/records/LocationResults.kt:133:7 Unchecked cast: {BaseBundle & Parcelable & kotlin.Cloneable} to BundleType
w: file:///Users/kingtay/Desktop/g%20taxi%20rider/apps/rider/node_modules/expo-location/android/src/main/java/expo/modules/location/services/LocationTaskService.kt:50:5 'stopForeground(Boolean): Unit' is deprecated. Deprecated in Java

> Task :expo-camera:createFullJarRelease
> Task :expo-location:compileReleaseJavaWithJavac
> Task :expo-file-system:processReleaseJavaRes
> Task :expo-location:bundleLibCompileToJarRelease
> Task :expo-file-system:bundleLibRuntimeToJarRelease
> Task :expo-file-system:generateReleaseLintModel
> Task :expo-file-system:createFullJarRelease
> Task :expo-image-picker:processReleaseJavaRes
> Task :expo-image-picker:bundleLibRuntimeToJarRelease
> Task :expo-image-picker:generateReleaseLintModel
> Task :expo-image-picker:createFullJarRelease
> Task :expo-location:bundleLibRuntimeToJarRelease
> Task :expo-location:processReleaseJavaRes
> Task :expo-location:createFullJarRelease
> Task :expo-location:generateReleaseLintModel
> Task :expo-notifications:compileReleaseKotlin
w: file:///Users/kingtay/Desktop/g%20taxi%20rider/apps/rider/node_modules/expo-notifications/android/src/main/java/expo/modules/notifications/Utils.kt:41:21 'get(String!): Any?' is deprecated. Deprecated in Java
w: file:///Users/kingtay/Desktop/g%20taxi%20rider/apps/rider/node_modules/expo-notifications/android/src/main/java/expo/modules/notifications/notifications/categories/ExpoNotificationCategoriesModule.kt:69:40 'getParcelableArrayList(String?): ArrayList<T!>?' is deprecated. Deprecated in Java
w: file:///Users/kingtay/Desktop/g%20taxi%20rider/apps/rider/node_modules/expo-notifications/android/src/main/java/expo/modules/notifications/notifications/categories/ExpoNotificationCategoriesModule.kt:122:36 'getParcelable(String?): T?' is deprecated. Deprecated in Java
w: file:///Users/kingtay/Desktop/g%20taxi%20rider/apps/rider/node_modules/expo-notifications/android/src/main/java/expo/modules/notifications/notifications/debug/DebugLogging.kt:30:23 'get(String!): Any?' is deprecated. Deprecated in Java
w: file:///Users/kingtay/Desktop/g%20taxi%20rider/apps/rider/node_modules/expo-notifications/android/src/main/java/expo/modules/notifications/notifications/model/RemoteNotificationContent.kt:21:45 'readParcelable(ClassLoader?): T?' is deprecated. Deprecated in Java
w: file:///Users/kingtay/Desktop/g%20taxi%20rider/apps/rider/node_modules/expo-notifications/android/src/main/java/expo/modules/notifications/notifications/model/triggers/FirebaseNotificationTrigger.kt:19:12 'readParcelable(ClassLoader?): T?' is deprecated. Deprecated in Java
w: file:///Users/kingtay/Desktop/g%20taxi%20rider/apps/rider/node_modules/expo-notifications/android/src/main/java/expo/modules/notifications/notifications/presentation/ExpoNotificationPresentationModule.kt:46:33 'getSerializable(String?): Serializable?' is deprecated. Deprecated in Java
w: file:///Users/kingtay/Desktop/g%20taxi%20rider/apps/rider/node_modules/expo-notifications/android/src/main/java/expo/modules/notifications/notifications/presentation/ExpoNotificationPresentationModule.kt:57:43 'getParcelableArrayList(String?): ArrayList<T!>?' is deprecated. Deprecated in Java
w: file:///Users/kingtay/Desktop/g%20taxi%20rider/apps/rider/node_modules/expo-notifications/android/src/main/java/expo/modules/notifications/notifications/presentation/ExpoNotificationPresentationModule.kt:61:33 'getSerializable(String?): Serializable?' is deprecated. Deprecated in Java
w: file:///Users/kingtay/Desktop/g%20taxi%20rider/apps/rider/node_modules/expo-notifications/android/src/main/java/expo/modules/notifications/notifications/presentation/ExpoNotificationPresentationModule.kt:81:31 'getSerializable(String?): Serializable?' is deprecated. Deprecated in Java
w: file:///Users/kingtay/Desktop/g%20taxi%20rider/apps/rider/node_modules/expo-notifications/android/src/main/java/expo/modules/notifications/notifications/presentation/ExpoNotificationPresentationModule.kt:95:31 'getSerializable(String?): Serializable?' is deprecated. Deprecated in Java
w: file:///Users/kingtay/Desktop/g%20taxi%20rider/apps/rider/node_modules/expo-notifications/android/src/main/java/expo/modules/notifications/notifications/presentation/builders/BaseNotificationBuilder.kt:35:100 'constructor Builder(Context)' is deprecated. Deprecated in Java
w: file:///Users/kingtay/Desktop/g%20taxi%20rider/apps/rider/node_modules/expo-notifications/android/src/main/java/expo/modules/notifications/notifications/scheduling/NotificationScheduler.kt:51:40 'getParcelableArrayList(String?): ArrayList<T!>?' is deprecated. Deprecated in Java
w: file:///Users/kingtay/Desktop/g%20taxi%20rider/apps/rider/node_modules/expo-notifications/android/src/main/java/expo/modules/notifications/notifications/scheduling/NotificationScheduler.kt:58:33 'getSerializable(String?): Serializable?' is deprecated. Deprecated in Java
w: file:///Users/kingtay/Desktop/g%20taxi%20rider/apps/rider/node_modules/expo-notifications/android/src/main/java/expo/modules/notifications/notifications/scheduling/NotificationScheduler.kt:81:35 'getSerializable(String?): Serializable?' is deprecated. Deprecated in Java
w: file:///Users/kingtay/Desktop/g%20taxi%20rider/apps/rider/node_modules/expo-notifications/android/src/main/java/expo/modules/notifications/notifications/scheduling/NotificationScheduler.kt:128:31 'getSerializable(String?): Serializable?' is deprecated. Deprecated in Java
w: file:///Users/kingtay/Desktop/g%20taxi%20rider/apps/rider/node_modules/expo-notifications/android/src/main/java/expo/modules/notifications/notifications/scheduling/NotificationScheduler.kt:142:31 'getSerializable(String?): Serializable?' is deprecated. Deprecated in Java
w: file:///Users/kingtay/Desktop/g%20taxi%20rider/apps/rider/node_modules/expo-notifications/android/src/main/java/expo/modules/notifications/service/NotificationsService.kt:480:34 'getParcelable(String?): T?' is deprecated. Deprecated in Java
w: file:///Users/kingtay/Desktop/g%20taxi%20rider/apps/rider/node_modules/expo-notifications/android/src/main/java/expo/modules/notifications/service/NotificationsService.kt:481:28 'getParcelable(String?): T?' is deprecated. Deprecated in Java
w: file:///Users/kingtay/Desktop/g%20taxi%20rider/apps/rider/node_modules/expo-notifications/android/src/main/java/expo/modules/notifications/service/NotificationsService.kt:505:33 'getParcelableExtra(String!): T?' is deprecated. Deprecated in Java
w: file:///Users/kingtay/Desktop/g%20taxi%20rider/apps/rider/node_modules/expo-notifications/android/src/main/java/expo/modules/notifications/service/NotificationsService.kt:506:27 'getParcelableExtra(String!): T?' is deprecated. Deprecated in Java
w: file:///Users/kingtay/Desktop/g%20taxi%20rider/apps/rider/node_modules/expo-notifications/android/src/main/java/expo/modules/notifications/service/NotificationsService.kt:609:54 'get(String!): Any?' is deprecated. Deprecated in Java
w: file:///Users/kingtay/Desktop/g%20taxi%20rider/apps/rider/node_modules/expo-notifications/android/src/main/java/expo/modules/notifications/service/NotificationsService.kt:676:22 'getParcelable(String?): T?' is deprecated. Deprecated in Java
w: file:///Users/kingtay/Desktop/g%20taxi%20rider/apps/rider/node_modules/expo-notifications/android/src/main/java/expo/modules/notifications/service/NotificationsService.kt:677:22 'getParcelable(String?): T?' is deprecated. Deprecated in Java
w: file:///Users/kingtay/Desktop/g%20taxi%20rider/apps/rider/node_modules/expo-notifications/android/src/main/java/expo/modules/notifications/service/NotificationsService.kt:704:14 'getParcelableExtra(String!): T?' is deprecated. Deprecated in Java
w: file:///Users/kingtay/Desktop/g%20taxi%20rider/apps/rider/node_modules/expo-notifications/android/src/main/java/expo/modules/notifications/service/NotificationsService.kt:734:18 'getParcelableExtra(String!): T?' is deprecated. Deprecated in Java
w: file:///Users/kingtay/Desktop/g%20taxi%20rider/apps/rider/node_modules/expo-notifications/android/src/main/java/expo/modules/notifications/service/NotificationsService.kt:774:22 'getParcelable(String?): T?' is deprecated. Deprecated in Java
w: file:///Users/kingtay/Desktop/g%20taxi%20rider/apps/rider/node_modules/expo-notifications/android/src/main/java/expo/modules/notifications/service/delegates/Base64Serialization.kt:26:45 Returning type parameter has been inferred to Nothing implicitly because Nothing is more specific than specified expected type. Please specify type arguments explicitly in accordance with expected type to hide this warning. Nothing can produce an exception at runtime. See KT-36776 for more details.
w: file:///Users/kingtay/Desktop/g%20taxi%20rider/apps/rider/node_modules/expo-notifications/android/src/main/java/expo/modules/notifications/service/delegates/ExpoHandlingDelegate.kt:63:85 Parameter 'notificationResponse' is never used
w: file:///Users/kingtay/Desktop/g%20taxi%20rider/apps/rider/node_modules/expo-notifications/android/src/main/java/expo/modules/notifications/service/delegates/ExpoPresentationDelegate.kt:194:70 'priority: Int' is deprecated. Deprecated in Java
w: file:///Users/kingtay/Desktop/g%20taxi%20rider/apps/rider/node_modules/expo-notifications/android/src/main/java/expo/modules/notifications/service/delegates/ExpoPresentationDelegate.kt:195:41 'vibrate: LongArray!' is deprecated. Deprecated in Java
w: file:///Users/kingtay/Desktop/g%20taxi%20rider/apps/rider/node_modules/expo-notifications/android/src/main/java/expo/modules/notifications/service/delegates/ExpoPresentationDelegate.kt:196:30 'sound: Uri!' is deprecated. Deprecated in Java
w: file:///Users/kingtay/Desktop/g%20taxi%20rider/apps/rider/node_modules/expo-notifications/android/src/main/java/expo/modules/notifications/service/delegates/ExpoPresentationDelegate.kt:207:41 'get(String!): Any?' is deprecated. Deprecated in Java
w: file:///Users/kingtay/Desktop/g%20taxi%20rider/apps/rider/node_modules/expo-notifications/android/src/main/java/expo/modules/notifications/service/delegates/ExpoPresentationDelegate.kt:210:124 'get(String!): Any?' is deprecated. Deprecated in Java

> Task :react-native-reanimated:buildCMakeRelWithDebInfo[armeabi-v7a]

> Task :expo-notifications:compileReleaseJavaWithJavac
Note: Some input files use or override a deprecated API.
Note: Recompile with -Xlint:deprecation for details.
Note: /Users/kingtay/Desktop/g taxi rider/apps/rider/node_modules/expo-notifications/android/src/main/java/expo/modules/notifications/notifications/model/NotificationCategory.java uses unchecked or unsafe operations.
Note: Recompile with -Xlint:unchecked for details.

> Task :expo-notifications:processReleaseJavaRes
> Task :expo-notifications:bundleLibRuntimeToJarRelease
> Task :expo-notifications:bundleLibCompileToJarRelease
> Task :expo-notifications:generateReleaseLintModel
> Task :expo-notifications:createFullJarRelease
> Task :react-native-reanimated:configureCMakeRelWithDebInfo[x86]

> Task :expo:compileReleaseKotlin
w: file:///Users/kingtay/Desktop/g%20taxi%20rider/apps/rider/node_modules/expo/android/src/main/java/expo/modules/ReactActivityDelegateWrapper.kt:163:34 'constructor ReactDelegate(Activity!, ReactNativeHost!, String?, Bundle?)' is deprecated. Deprecated in Java
w: file:///Users/kingtay/Desktop/g%20taxi%20rider/apps/rider/node_modules/expo/android/src/main/java/expo/modules/fetch/NativeResponse.kt:40:16 This declaration overrides deprecated member but not marked as deprecated itself. Please add @Deprecated annotation or suppress. See https://youtrack.jetbrains.com/issue/KT-47902 for details
w: file:///Users/kingtay/Desktop/g%20taxi%20rider/apps/rider/node_modules/expo/android/src/main/java/expo/modules/fetch/NativeResponse.kt:42:11 'deallocate(): Unit' is deprecated. Use sharedObjectDidRelease() instead.

> Task :react-native-reanimated:buildCMakeRelWithDebInfo[x86]
> Task :expo:compileReleaseJavaWithJavac
> Task :expo:processReleaseJavaRes
> Task :expo:bundleLibRuntimeToJarRelease
> Task :expo:bundleLibCompileToJarRelease
> Task :expo:generateReleaseLintModel
> Task :expo:createFullJarRelease
> Task :expo:extractReleaseAnnotations
> Task :expo:mergeReleaseGeneratedProguardFiles UP-TO-DATE
> Task :expo:mergeReleaseConsumerProguardFiles
> Task :expo:mergeReleaseJavaResource
> Task :react-native-reanimated:configureCMakeRelWithDebInfo[x86_64]

> Task :app:compileReleaseKotlin
w: Flag is not supported by this version of the compiler: -Xsuppress-deprecated-warnings

> Task :expo:syncReleaseLibJars
> Task :app:compileReleaseJavaWithJavac
> Task :app:generateReleaseLintVitalReportModel
> Task :expo:bundleReleaseLocalLintAar
> Task :react-native-reanimated:buildCMakeRelWithDebInfo[x86_64]
> Task :react-native-reanimated:mergeReleaseJniLibFolders
> Task :react-native-reanimated:extractDeepLinksForAarRelease UP-TO-DATE
> Task :react-native-reanimated:extractReleaseAnnotations
> Task :react-native-reanimated:mergeReleaseGeneratedProguardFiles UP-TO-DATE
> Task :react-native-reanimated:mergeReleaseConsumerProguardFiles
> Task :react-native-reanimated:mergeReleaseShaders
> Task :react-native-reanimated:compileReleaseShaders NO-SOURCE
> Task :react-native-reanimated:generateReleaseAssets UP-TO-DATE
> Task :react-native-reanimated:packageReleaseAssets
> Task :react-native-reanimated:externalNativeBuildRelease
> Task :react-native-reanimated:generateJsonModelRelease
> Task :react-native-reanimated:prefabReleaseConfigurePackage UP-TO-DATE
> Task :react-native-reanimated:mergeReleaseNativeLibs
> Task :react-native-reanimated:prefabReleasePackage
> Task :react-native-reanimated:prepareReleaseArtProfile UP-TO-DATE
> Task :react-native-svg:mergeReleaseJniLibFolders
> Task :react-native-svg:mergeReleaseNativeLibs NO-SOURCE
> Task :react-native-svg:stripReleaseDebugSymbols NO-SOURCE
> Task :react-native-svg:extractDeepLinksForAarRelease UP-TO-DATE
> Task :react-native-svg:copyReleaseJniLibsProjectAndLocalJars
> Task :react-native-reanimated:mergeReleaseJavaResource
> Task :react-native-reanimated:stripReleaseDebugSymbols
> Task :react-native-svg:extractReleaseAnnotations
> Task :react-native-reanimated:copyReleaseJniLibsProjectAndLocalJars
> Task :react-native-reanimated:syncReleaseLibJars
> Task :react-native-reanimated:bundleReleaseLocalLintAar
> Task :react-native-svg:mergeReleaseGeneratedProguardFiles UP-TO-DATE
> Task :react-native-svg:mergeReleaseConsumerProguardFiles
> Task :react-native-svg:mergeReleaseShaders
> Task :react-native-svg:compileReleaseShaders NO-SOURCE
> Task :react-native-svg:generateReleaseAssets UP-TO-DATE
> Task :react-native-svg:packageReleaseAssets
> Task :react-native-svg:prepareReleaseArtProfile UP-TO-DATE
> Task :expo-application:mergeReleaseJniLibFolders
> Task :expo-application:mergeReleaseNativeLibs NO-SOURCE
> Task :expo-application:stripReleaseDebugSymbols NO-SOURCE
> Task :react-native-svg:mergeReleaseJavaResource
> Task :expo-application:copyReleaseJniLibsProjectAndLocalJars
> Task :react-native-svg:syncReleaseLibJars
> Task :react-native-svg:bundleReleaseLocalLintAar
> Task :expo-application:extractDeepLinksForAarRelease UP-TO-DATE
> Task :expo-application:extractReleaseAnnotations
> Task :expo-application:mergeReleaseGeneratedProguardFiles UP-TO-DATE
> Task :expo-application:mergeReleaseConsumerProguardFiles UP-TO-DATE
> Task :expo-application:mergeReleaseShaders
> Task :expo-application:compileReleaseShaders NO-SOURCE
> Task :expo-application:generateReleaseAssets UP-TO-DATE
> Task :expo-application:packageReleaseAssets
> Task :expo-application:prepareReleaseArtProfile UP-TO-DATE
> Task :expo-asset:mergeReleaseJniLibFolders
> Task :expo-asset:mergeReleaseNativeLibs NO-SOURCE
> Task :expo-asset:stripReleaseDebugSymbols NO-SOURCE
> Task :expo-asset:extractDeepLinksForAarRelease UP-TO-DATE
> Task :expo-asset:copyReleaseJniLibsProjectAndLocalJars
> Task :expo-application:mergeReleaseJavaResource
> Task :expo-asset:extractReleaseAnnotations
> Task :expo-application:syncReleaseLibJars
> Task :expo-application:bundleReleaseLocalLintAar
> Task :expo-asset:mergeReleaseGeneratedProguardFiles UP-TO-DATE
> Task :expo-asset:mergeReleaseConsumerProguardFiles UP-TO-DATE
> Task :expo-asset:mergeReleaseShaders
> Task :expo-asset:compileReleaseShaders NO-SOURCE
> Task :expo-asset:generateReleaseAssets UP-TO-DATE
> Task :expo-asset:packageReleaseAssets
> Task :expo-asset:prepareReleaseArtProfile UP-TO-DATE
> Task :expo-blur:mergeReleaseJniLibFolders
> Task :expo-blur:mergeReleaseNativeLibs NO-SOURCE
> Task :expo-blur:stripReleaseDebugSymbols NO-SOURCE
> Task :expo-blur:copyReleaseJniLibsProjectAndLocalJars
> Task :expo-blur:extractDeepLinksForAarRelease UP-TO-DATE
> Task :expo-blur:extractReleaseAnnotations
> Task :expo-asset:mergeReleaseJavaResource
> Task :expo-asset:syncReleaseLibJars
> Task :expo-asset:bundleReleaseLocalLintAar
> Task :expo-blur:mergeReleaseGeneratedProguardFiles UP-TO-DATE
> Task :expo-blur:mergeReleaseConsumerProguardFiles UP-TO-DATE
> Task :expo-blur:mergeReleaseShaders
> Task :expo-blur:compileReleaseShaders NO-SOURCE
> Task :expo-blur:generateReleaseAssets UP-TO-DATE
> Task :expo-blur:packageReleaseAssets
> Task :expo-blur:prepareReleaseArtProfile UP-TO-DATE
> Task :expo-camera:mergeReleaseJniLibFolders
> Task :expo-camera:mergeReleaseNativeLibs NO-SOURCE
> Task :expo-camera:stripReleaseDebugSymbols NO-SOURCE
> Task :expo-blur:mergeReleaseJavaResource
> Task :expo-camera:copyReleaseJniLibsProjectAndLocalJars
> Task :expo-camera:extractDeepLinksForAarRelease UP-TO-DATE
> Task :expo-blur:syncReleaseLibJars
> Task :expo-blur:bundleReleaseLocalLintAar
> Task :expo-camera:extractReleaseAnnotations
> Task :expo-camera:mergeReleaseGeneratedProguardFiles UP-TO-DATE
> Task :expo-camera:mergeReleaseConsumerProguardFiles UP-TO-DATE
> Task :expo-camera:mergeReleaseShaders
> Task :expo-camera:compileReleaseShaders NO-SOURCE
> Task :expo-camera:generateReleaseAssets UP-TO-DATE
> Task :expo-camera:packageReleaseAssets
> Task :expo-camera:prepareReleaseArtProfile UP-TO-DATE
> Task :expo-constants:mergeReleaseJniLibFolders
> Task :expo-constants:mergeReleaseNativeLibs NO-SOURCE
> Task :expo-constants:stripReleaseDebugSymbols NO-SOURCE
> Task :expo-constants:copyReleaseJniLibsProjectAndLocalJars
> Task :expo-constants:extractDeepLinksForAarRelease UP-TO-DATE
> Task :expo-camera:mergeReleaseJavaResource
> Task :expo-constants:extractReleaseAnnotations
> Task :expo-camera:syncReleaseLibJars
> Task :expo-camera:bundleReleaseLocalLintAar
> Task :expo-constants:mergeReleaseGeneratedProguardFiles UP-TO-DATE
> Task :expo-constants:mergeReleaseConsumerProguardFiles UP-TO-DATE
> Task :expo-constants:mergeReleaseShaders
> Task :expo-constants:compileReleaseShaders NO-SOURCE
> Task :expo-constants:generateReleaseAssets UP-TO-DATE
> Task :expo-constants:packageReleaseAssets
> Task :expo-constants:prepareReleaseArtProfile UP-TO-DATE
> Task :expo-device:mergeReleaseJniLibFolders
> Task :expo-device:mergeReleaseNativeLibs NO-SOURCE
> Task :expo-device:stripReleaseDebugSymbols NO-SOURCE
> Task :expo-constants:mergeReleaseJavaResource
> Task :expo-device:copyReleaseJniLibsProjectAndLocalJars
> Task :expo-device:extractDeepLinksForAarRelease UP-TO-DATE
> Task :expo-constants:syncReleaseLibJars
> Task :expo-constants:bundleReleaseLocalLintAar
> Task :expo-device:extractReleaseAnnotations
> Task :expo-device:mergeReleaseGeneratedProguardFiles UP-TO-DATE
> Task :expo-device:mergeReleaseConsumerProguardFiles UP-TO-DATE
> Task :expo-device:mergeReleaseShaders
> Task :expo-device:compileReleaseShaders NO-SOURCE
> Task :expo-device:generateReleaseAssets UP-TO-DATE
> Task :expo-device:packageReleaseAssets
> Task :expo-device:prepareReleaseArtProfile UP-TO-DATE
> Task :expo-file-system:mergeReleaseJniLibFolders
> Task :expo-file-system:mergeReleaseNativeLibs NO-SOURCE
> Task :expo-file-system:stripReleaseDebugSymbols NO-SOURCE
> Task :expo-file-system:copyReleaseJniLibsProjectAndLocalJars
> Task :expo-file-system:extractDeepLinksForAarRelease UP-TO-DATE
> Task :expo-device:mergeReleaseJavaResource
> Task :expo-file-system:extractReleaseAnnotations
> Task :expo-device:syncReleaseLibJars
> Task :expo-device:bundleReleaseLocalLintAar
> Task :expo-file-system:mergeReleaseGeneratedProguardFiles UP-TO-DATE
> Task :expo-file-system:mergeReleaseConsumerProguardFiles UP-TO-DATE
> Task :expo-file-system:mergeReleaseShaders
> Task :expo-file-system:compileReleaseShaders NO-SOURCE
> Task :expo-file-system:generateReleaseAssets UP-TO-DATE
> Task :expo-file-system:packageReleaseAssets
> Task :expo-file-system:prepareReleaseArtProfile UP-TO-DATE
> Task :expo-font:mergeReleaseJniLibFolders
> Task :expo-font:mergeReleaseNativeLibs NO-SOURCE
> Task :expo-font:stripReleaseDebugSymbols NO-SOURCE
> Task :expo-font:copyReleaseJniLibsProjectAndLocalJars
> Task :expo-font:extractDeepLinksForAarRelease UP-TO-DATE
> Task :expo-file-system:mergeReleaseJavaResource
> Task :expo-font:extractReleaseAnnotations
> Task :expo-file-system:syncReleaseLibJars
> Task :expo-file-system:bundleReleaseLocalLintAar
> Task :expo-font:mergeReleaseGeneratedProguardFiles UP-TO-DATE
> Task :expo-font:mergeReleaseConsumerProguardFiles UP-TO-DATE
> Task :expo-font:mergeReleaseShaders
> Task :expo-font:compileReleaseShaders NO-SOURCE
> Task :expo-font:generateReleaseAssets UP-TO-DATE
> Task :expo-font:packageReleaseAssets
> Task :expo-font:prepareReleaseArtProfile UP-TO-DATE
> Task :expo-font:mergeReleaseJavaResource
> Task :expo-font:syncReleaseLibJars
> Task :expo-font:bundleReleaseLocalLintAar
> Task :expo-haptics:mergeReleaseJniLibFolders
> Task :expo-haptics:mergeReleaseNativeLibs NO-SOURCE
> Task :expo-haptics:stripReleaseDebugSymbols NO-SOURCE
> Task :expo-haptics:copyReleaseJniLibsProjectAndLocalJars
> Task :expo-haptics:extractDeepLinksForAarRelease UP-TO-DATE
> Task :expo-haptics:extractReleaseAnnotations
> Task :expo-haptics:mergeReleaseGeneratedProguardFiles UP-TO-DATE
> Task :expo-haptics:mergeReleaseConsumerProguardFiles UP-TO-DATE
> Task :expo-haptics:mergeReleaseShaders
> Task :expo-haptics:compileReleaseShaders NO-SOURCE
> Task :expo-haptics:generateReleaseAssets UP-TO-DATE
> Task :expo-haptics:packageReleaseAssets
> Task :expo-haptics:prepareReleaseArtProfile UP-TO-DATE
> Task :expo-image-loader:mergeReleaseJniLibFolders
> Task :expo-image-loader:mergeReleaseNativeLibs NO-SOURCE
> Task :expo-image-loader:stripReleaseDebugSymbols NO-SOURCE
> Task :expo-image-loader:copyReleaseJniLibsProjectAndLocalJars
> Task :expo-image-loader:extractDeepLinksForAarRelease UP-TO-DATE
> Task :expo-haptics:mergeReleaseJavaResource
> Task :expo-image-loader:extractReleaseAnnotations
> Task :expo-haptics:syncReleaseLibJars
> Task :expo-haptics:bundleReleaseLocalLintAar
> Task :expo-image-loader:mergeReleaseGeneratedProguardFiles UP-TO-DATE
> Task :expo-image-loader:mergeReleaseConsumerProguardFiles UP-TO-DATE
> Task :expo-image-loader:mergeReleaseShaders
> Task :expo-image-loader:compileReleaseShaders NO-SOURCE
> Task :expo-image-loader:generateReleaseAssets UP-TO-DATE
> Task :expo-image-loader:packageReleaseAssets
> Task :expo-image-loader:prepareReleaseArtProfile UP-TO-DATE
> Task :expo-image-picker:mergeReleaseJniLibFolders
> Task :expo-image-picker:mergeReleaseNativeLibs NO-SOURCE
> Task :expo-image-picker:stripReleaseDebugSymbols NO-SOURCE
> Task :expo-image-picker:copyReleaseJniLibsProjectAndLocalJars
> Task :expo-image-picker:extractDeepLinksForAarRelease UP-TO-DATE
> Task :expo-image-loader:mergeReleaseJavaResource
> Task :expo-image-loader:syncReleaseLibJars
> Task :expo-image-loader:bundleReleaseLocalLintAar
> Task :expo-image-picker:extractReleaseAnnotations
> Task :expo-image-picker:mergeReleaseGeneratedProguardFiles UP-TO-DATE
> Task :expo-image-picker:mergeReleaseConsumerProguardFiles UP-TO-DATE
> Task :expo-image-picker:mergeReleaseShaders
> Task :expo-image-picker:compileReleaseShaders NO-SOURCE
> Task :expo-image-picker:generateReleaseAssets UP-TO-DATE
> Task :expo-image-picker:packageReleaseAssets
> Task :expo-image-picker:prepareReleaseArtProfile UP-TO-DATE
> Task :expo-keep-awake:mergeReleaseJniLibFolders
> Task :expo-keep-awake:mergeReleaseNativeLibs NO-SOURCE
> Task :expo-keep-awake:stripReleaseDebugSymbols NO-SOURCE
> Task :expo-keep-awake:extractDeepLinksForAarRelease UP-TO-DATE
> Task :expo-keep-awake:copyReleaseJniLibsProjectAndLocalJars
> Task :expo-image-picker:mergeReleaseJavaResource
> Task :expo-image-picker:syncReleaseLibJars
> Task :expo-image-picker:bundleReleaseLocalLintAar
> Task :expo-keep-awake:extractReleaseAnnotations
> Task :expo-keep-awake:mergeReleaseGeneratedProguardFiles UP-TO-DATE
> Task :expo-keep-awake:mergeReleaseConsumerProguardFiles UP-TO-DATE
> Task :expo-keep-awake:mergeReleaseShaders
> Task :expo-keep-awake:compileReleaseShaders NO-SOURCE
> Task :expo-keep-awake:generateReleaseAssets UP-TO-DATE
> Task :expo-keep-awake:packageReleaseAssets
> Task :expo-keep-awake:prepareReleaseArtProfile UP-TO-DATE
> Task :expo-linear-gradient:mergeReleaseJniLibFolders
> Task :expo-linear-gradient:mergeReleaseNativeLibs NO-SOURCE
> Task :expo-linear-gradient:stripReleaseDebugSymbols NO-SOURCE
> Task :expo-keep-awake:mergeReleaseJavaResource
> Task :expo-linear-gradient:copyReleaseJniLibsProjectAndLocalJars
> Task :expo-keep-awake:syncReleaseLibJars
> Task :expo-keep-awake:bundleReleaseLocalLintAar
> Task :expo-linear-gradient:extractDeepLinksForAarRelease UP-TO-DATE
> Task :expo-linear-gradient:extractReleaseAnnotations
> Task :expo-linear-gradient:mergeReleaseGeneratedProguardFiles UP-TO-DATE
> Task :expo-linear-gradient:mergeReleaseConsumerProguardFiles UP-TO-DATE
> Task :expo-linear-gradient:mergeReleaseShaders
> Task :expo-linear-gradient:compileReleaseShaders NO-SOURCE
> Task :expo-linear-gradient:generateReleaseAssets UP-TO-DATE
> Task :expo-linear-gradient:packageReleaseAssets
> Task :expo-linear-gradient:prepareReleaseArtProfile UP-TO-DATE
> Task :expo-location:mergeReleaseJniLibFolders
> Task :expo-location:mergeReleaseNativeLibs NO-SOURCE
> Task :expo-location:stripReleaseDebugSymbols NO-SOURCE
> Task :expo-linear-gradient:mergeReleaseJavaResource
> Task :expo-location:copyReleaseJniLibsProjectAndLocalJars
> Task :expo-linear-gradient:syncReleaseLibJars
> Task :expo-linear-gradient:bundleReleaseLocalLintAar
> Task :expo-location:extractDeepLinksForAarRelease UP-TO-DATE
> Task :expo-location:extractReleaseAnnotations
> Task :expo-location:mergeReleaseGeneratedProguardFiles UP-TO-DATE
> Task :expo-location:mergeReleaseConsumerProguardFiles UP-TO-DATE
> Task :expo-location:mergeReleaseShaders
> Task :expo-location:compileReleaseShaders NO-SOURCE
> Task :expo-location:generateReleaseAssets UP-TO-DATE
> Task :expo-location:packageReleaseAssets
> Task :expo-location:prepareReleaseArtProfile UP-TO-DATE
> Task :expo-notifications:mergeReleaseJniLibFolders
> Task :expo-notifications:mergeReleaseNativeLibs NO-SOURCE
> Task :expo-notifications:stripReleaseDebugSymbols NO-SOURCE
> Task :expo-location:mergeReleaseJavaResource
> Task :expo-notifications:copyReleaseJniLibsProjectAndLocalJars
> Task :expo-location:syncReleaseLibJars
> Task :expo-location:bundleReleaseLocalLintAar
> Task :expo-notifications:extractDeepLinksForAarRelease UP-TO-DATE
> Task :expo-notifications:extractReleaseAnnotations
> Task :expo-notifications:mergeReleaseGeneratedProguardFiles UP-TO-DATE
> Task :expo-notifications:mergeReleaseConsumerProguardFiles UP-TO-DATE
> Task :expo-notifications:mergeReleaseShaders
> Task :expo-notifications:compileReleaseShaders NO-SOURCE
> Task :expo-notifications:generateReleaseAssets UP-TO-DATE
> Task :expo-notifications:packageReleaseAssets
> Task :expo-notifications:prepareReleaseArtProfile UP-TO-DATE
> Task :expo-system-ui:mergeReleaseJniLibFolders
> Task :expo-system-ui:mergeReleaseNativeLibs NO-SOURCE
> Task :expo-system-ui:stripReleaseDebugSymbols NO-SOURCE
> Task :expo-system-ui:copyReleaseJniLibsProjectAndLocalJars
> Task :expo-notifications:mergeReleaseJavaResource
> Task :expo-system-ui:extractDeepLinksForAarRelease UP-TO-DATE
> Task :expo-notifications:syncReleaseLibJars
> Task :expo-notifications:bundleReleaseLocalLintAar
> Task :expo-system-ui:extractReleaseAnnotations
> Task :expo-system-ui:mergeReleaseGeneratedProguardFiles UP-TO-DATE
> Task :expo-system-ui:mergeReleaseConsumerProguardFiles UP-TO-DATE
> Task :expo-system-ui:mergeReleaseShaders
> Task :expo-system-ui:compileReleaseShaders NO-SOURCE
> Task :expo-system-ui:generateReleaseAssets UP-TO-DATE
> Task :expo-system-ui:packageReleaseAssets
> Task :expo-system-ui:prepareReleaseArtProfile UP-TO-DATE
> Task :expo-system-ui:mergeReleaseJavaResource
> Task :expo-modules-core:configureCMakeRelWithDebInfo[arm64-v8a]
> Task :expo-system-ui:syncReleaseLibJars
> Task :expo-system-ui:bundleReleaseLocalLintAar
> Task :expo-modules-core:buildCMakeRelWithDebInfo[arm64-v8a]
> Task :expo-modules-core:configureCMakeRelWithDebInfo[armeabi-v7a]
> Task :expo-modules-core:buildCMakeRelWithDebInfo[armeabi-v7a]
> Task :expo-modules-core:configureCMakeRelWithDebInfo[x86]
> Task :expo-modules-core:buildCMakeRelWithDebInfo[x86]
> Task :expo-modules-core:configureCMakeRelWithDebInfo[x86_64]
> Task :expo-modules-core:buildCMakeRelWithDebInfo[x86_64]
> Task :expo-modules-core:mergeReleaseJniLibFolders
> Task :expo-modules-core:extractDeepLinksForAarRelease UP-TO-DATE
> Task :expo-modules-core:extractReleaseAnnotations
> Task :expo-modules-core:mergeReleaseGeneratedProguardFiles UP-TO-DATE
> Task :expo-modules-core:mergeReleaseConsumerProguardFiles
> Task :expo-modules-core:mergeReleaseShaders
> Task :expo-modules-core:compileReleaseShaders NO-SOURCE
> Task :expo-modules-core:generateReleaseAssets UP-TO-DATE
> Task :expo-modules-core:packageReleaseAssets
> Task :expo-modules-core:prepareReleaseArtProfile UP-TO-DATE
> Task :expo-application:writeReleaseLintModelMetadata
> Task :expo-asset:writeReleaseLintModelMetadata
> Task :expo-blur:writeReleaseLintModelMetadata
> Task :expo-camera:writeReleaseLintModelMetadata
> Task :expo-constants:writeReleaseLintModelMetadata
> Task :expo-device:writeReleaseLintModelMetadata
> Task :expo-file-system:writeReleaseLintModelMetadata
> Task :expo-font:writeReleaseLintModelMetadata
> Task :expo-modules-core:mergeReleaseJavaResource
> Task :expo-haptics:writeReleaseLintModelMetadata
> Task :expo-modules-core:mergeReleaseNativeLibs
> Task :expo-modules-core:syncReleaseLibJars
> Task :expo-image-loader:writeReleaseLintModelMetadata
> Task :expo-image-picker:writeReleaseLintModelMetadata
> Task :expo-keep-awake:writeReleaseLintModelMetadata
> Task :expo-linear-gradient:writeReleaseLintModelMetadata
> Task :expo-location:writeReleaseLintModelMetadata
> Task :expo-modules-core:writeReleaseLintModelMetadata
> Task :expo-notifications:writeReleaseLintModelMetadata
> Task :expo-system-ui:writeReleaseLintModelMetadata
> Task :expo:writeReleaseLintModelMetadata
> Task :expo-modules-core:stripReleaseDebugSymbols
> Task :expo-modules-core:copyReleaseJniLibsProjectAndLocalJars
> Task :expo-modules-core:bundleReleaseLocalLintAar
> Task :lottie-react-native:writeReleaseLintModelMetadata
> Task :react-native-async-storage_async-storage:writeReleaseLintModelMetadata
> Task :react-native-community_netinfo:writeReleaseLintModelMetadata
> Task :react-native-community_slider:writeReleaseLintModelMetadata
> Task :react-native-reanimated:writeReleaseLintModelMetadata
> Task :react-native-gesture-handler:writeReleaseLintModelMetadata
> Task :react-native-maps:writeReleaseLintModelMetadata
> Task :react-native-safe-area-context:writeReleaseLintModelMetadata
> Task :react-native-screens:writeReleaseLintModelMetadata
> Task :react-native-svg:writeReleaseLintModelMetadata
> Task :sentry_react-native:writeReleaseLintModelMetadata
> Task :stripe_stripe-react-native:writeReleaseLintModelMetadata
> Task :expo:generateReleaseLintVitalModel
> Task :expo-application:generateReleaseLintVitalModel
> Task :expo-asset:generateReleaseLintVitalModel
> Task :expo-blur:generateReleaseLintVitalModel
> Task :expo-camera:generateReleaseLintVitalModel
> Task :expo-constants:generateReleaseLintVitalModel
> Task :expo-device:generateReleaseLintVitalModel
> Task :expo-file-system:generateReleaseLintVitalModel
> Task :expo-font:generateReleaseLintVitalModel
> Task :expo-haptics:generateReleaseLintVitalModel
> Task :expo-image-loader:generateReleaseLintVitalModel
> Task :expo-image-picker:generateReleaseLintVitalModel
> Task :expo-keep-awake:generateReleaseLintVitalModel
> Task :expo-linear-gradient:generateReleaseLintVitalModel
> Task :expo-location:generateReleaseLintVitalModel
> Task :expo-modules-core:generateReleaseLintVitalModel
> Task :expo-notifications:generateReleaseLintVitalModel
> Task :expo-system-ui:generateReleaseLintVitalModel
> Task :lottie-react-native:generateReleaseLintVitalModel
> Task :react-native-async-storage_async-storage:generateReleaseLintVitalModel
> Task :react-native-community_netinfo:generateReleaseLintVitalModel
> Task :react-native-community_slider:generateReleaseLintVitalModel
> Task :react-native-gesture-handler:generateReleaseLintVitalModel
> Task :react-native-maps:generateReleaseLintVitalModel
> Task :react-native-reanimated:generateReleaseLintVitalModel
> Task :react-native-safe-area-context:generateReleaseLintVitalModel
> Task :react-native-screens:generateReleaseLintVitalModel
> Task :react-native-svg:generateReleaseLintVitalModel
> Task :sentry_react-native:generateReleaseLintVitalModel
> Task :stripe_stripe-react-native:generateReleaseLintVitalModel
> Task :app:mergeReleaseJniLibFolders
> Task :expo:copyReleaseJniLibsProjectOnly
> Task :expo-application:copyReleaseJniLibsProjectOnly
> Task :expo-asset:copyReleaseJniLibsProjectOnly
> Task :expo-blur:copyReleaseJniLibsProjectOnly
> Task :expo-camera:copyReleaseJniLibsProjectOnly
> Task :expo-constants:copyReleaseJniLibsProjectOnly
> Task :expo-device:copyReleaseJniLibsProjectOnly
> Task :expo-file-system:copyReleaseJniLibsProjectOnly
> Task :expo-font:copyReleaseJniLibsProjectOnly
> Task :expo-haptics:copyReleaseJniLibsProjectOnly
> Task :expo-image-loader:copyReleaseJniLibsProjectOnly
> Task :expo-image-picker:copyReleaseJniLibsProjectOnly
> Task :expo-keep-awake:copyReleaseJniLibsProjectOnly
> Task :expo-linear-gradient:copyReleaseJniLibsProjectOnly
> Task :expo-location:copyReleaseJniLibsProjectOnly
> Task :expo-notifications:copyReleaseJniLibsProjectOnly
> Task :expo-system-ui:copyReleaseJniLibsProjectOnly
> Task :lottie-react-native:copyReleaseJniLibsProjectOnly
> Task :react-native-async-storage_async-storage:copyReleaseJniLibsProjectOnly
> Task :react-native-community_netinfo:copyReleaseJniLibsProjectOnly
> Task :react-native-community_slider:copyReleaseJniLibsProjectOnly
> Task :react-native-gesture-handler:copyReleaseJniLibsProjectOnly
> Task :react-native-maps:copyReleaseJniLibsProjectOnly
> Task :react-native-safe-area-context:copyReleaseJniLibsProjectOnly
> Task :react-native-svg:copyReleaseJniLibsProjectOnly
> Task :sentry_react-native:copyReleaseJniLibsProjectOnly
> Task :stripe_stripe-react-native:copyReleaseJniLibsProjectOnly
> Task :react-native-screens:copyReleaseJniLibsProjectOnly
> Task :lottie-react-native:bundleLibRuntimeToDirRelease
> Task :expo:bundleLibRuntimeToDirRelease
> Task :expo-modules-core:copyReleaseJniLibsProjectOnly
> Task :stripe_stripe-react-native:bundleLibRuntimeToDirRelease
> Task :react-native-reanimated:copyReleaseJniLibsProjectOnly
> Task :react-native-gesture-handler:bundleLibRuntimeToDirRelease
> Task :react-native-safe-area-context:bundleLibRuntimeToDirRelease
