--------- beginning of main
05-07 06:12:46.992   988  1168 D WifiStaIfaceHidlImpl: getCachedScanData is not implemented by HIDL
05-07 06:12:47.005   988  1168 I HalDevMgr: bestIfaceCreationProposal is null, requestIface=STA, existingIface=[name=wlan0 type=STA]
05-07 06:12:49.245  1793  5167 I NearbyMediums: No BLE Fast/GATT advertisements found in the latest cycle.
05-07 06:12:49.246  1793  5167 I NearbyMediums: Current Tracked Scanning Clients are : {NearbyConnections.EnvironmentMonitor, NearbySharing, NearbyConnections.TxAdvertisement}
05-07 06:12:50.012   988  1168 D WifiStaIfaceHidlImpl: getCachedScanData is not implemented by HIDL
05-07 06:12:50.024   988  1168 I HalDevMgr: bestIfaceCreationProposal is null, requestIface=STA, existingIface=[name=wlan0 type=STA]
05-07 06:12:53.039   988  1168 D WifiStaIfaceHidlImpl: getCachedScanData is not implemented by HIDL
05-07 06:12:53.055   988  1168 I HalDevMgr: bestIfaceCreationProposal is null, requestIface=STA, existingIface=[name=wlan0 type=STA]
05-07 06:12:55.065 30760 30992 I PlayCommon: [92] Preparing logs for uploading
05-07 06:12:55.073 30760 30992 I PlayCommon: [92] Connecting to server: https://play.googleapis.com/play/log?format=raw&proto_v2=true
--------- beginning of system
05-07 06:12:55.088   988  1178 D ActivityManager: Skip enqueue broadcast because no receiver with Intent { act=android.net.conn.DATA_ACTIVITY_CHANGE flg=0x10 (has extras) }
05-07 06:12:55.682 30760 30992 I PlayCommon: [92] Successfully uploaded logs.
05-07 06:12:56.061   988  1168 D WifiStaIfaceHidlImpl: getCachedScanData is not implemented by HIDL
05-07 06:12:56.073   988  1168 I HalDevMgr: bestIfaceCreationProposal is null, requestIface=STA, existingIface=[name=wlan0 type=STA]
05-07 06:12:56.075  1285  1285 D WifiSignalController: connected : true, level : 3, isDefault : true, inetCondition : 1, statusLabel : null
05-07 06:12:56.075  1285  1359 D WifiSignalController: connected : true, level : 3, isDefault : true, inetCondition : 1, statusLabel : null
05-07 06:12:56.076  1285  1285 D StatusBarIconController: ignoring old pipeline callback because the new wifi icon is enabled
05-07 06:12:56.076  1285  1285 D StatusBarIconController: setIconVisibility: slot=wifi,visibility=true,tag=0
05-07 06:12:56.076  1285  1285 D StatusBarIconController: ignoring old pipeline callback because the new wifi icon is enabled
05-07 06:12:56.077  1285  1285 D StatusBarIconController: setIconVisibility: slot=wifi,visibility=true,tag=0
05-07 06:12:56.079  1793  1793 I MagicTether: (REDACTED) [ActiveNetworkTracker] setActiveNetwork: %s
05-07 06:12:56.079  1793  3987 I NullBinder: NullBinder for android.net.action.RECOMMEND_NETWORKS triggering remote TransactionTooLargeException due to Service without Chimera impl, calling uid: 1000, calling pid: 0
05-07 06:12:56.079  1793  3987 W .gms.persistent: Large reply transaction of 1056768 bytes, interface descriptor , code 1
05-07 06:12:56.079  1793  1793 I MagicTether: (REDACTED) [TetherService] onActiveNetworkChanged: network=%s isLost=%s
05-07 06:12:56.080  1793  5156 I MagicTether: [WifiConnectionHandler] Ignoring getWifiConfigurationByNetworkId when checking connected state [CONTEXT service_id=276 ]
05-07 06:12:56.080  1793  5156 I MagicTether: [WifiConnectionHandler] No networkId set, can't be connected. [CONTEXT service_id=276 ]
05-07 06:12:56.081  1793  5156 I MagicTether: (REDACTED) [TetherService] TRANSPORT_CELLULAR [%s], TRANSPORT_ETHERNET [%s], TRANSPORT_WIFI [%s]
05-07 06:12:56.082  1793  5156 I MagicTether: (REDACTED) [TetherService] setRoles hasActiveNetworkConnection=%s canActiveNetworkBeTethered=%s isConnectedToInstantTether=%s isWifiEnabled=%s isHosting=%s
05-07 06:12:56.087  1793  1793 I MagicTether: (REDACTED) [LaunchUtils] Instant Wifi for status account: name: %s | type: %s | isLaunched: %s
05-07 06:12:56.087  1793  1793 I MagicTether: (REDACTED) [TidepoolFeatureStatusManager] isInstantHotspotEnabled=%s
05-07 06:12:56.087  1793  1793 I MagicTether: (REDACTED) [TidepoolFeatureStatusManager] isInstantWifiEnabled=%s
05-07 06:12:56.087  1793  1793 I MagicTether: (REDACTED) [TetherService] startNearbyClientRole: start: %s isInstantHotspotEnabled: %s isInstantWifiEnabled: %s
05-07 06:12:56.087  1793  1793 I MagicTether: [TetherService] Stopping Nearby client role [CONTEXT service_id=276 ]
05-07 06:12:56.087  1793  1793 I MagicTether: [ClientTetherRole] Client role already stopped [CONTEXT service_id=276 ]
05-07 06:12:56.088  1793  1793 I MagicTether: (REDACTED) [LaunchUtils] Instant Wifi for status account: name: %s | type: %s | isLaunched: %s
05-07 06:12:56.088  1793  1793 I MagicTether: (REDACTED) [TidepoolFeatureStatusManager] isInstantHotspotEnabled=%s
05-07 06:12:56.088  1793  1793 I MagicTether: (REDACTED) [TidepoolFeatureStatusManager] isInstantWifiEnabled=%s
05-07 06:12:56.088  1793  1793 I MagicTether: (REDACTED) [TetherService] startNearbyHostRole: start: %s isInstantHotspotEnabled: %s isInstantWifiEnabled: %s
05-07 06:12:56.088  1793  1793 I MagicTether: (REDACTED) [TidepoolFeatureStatusManager] isInstantHotspotEnabled=%s
05-07 06:12:56.088  1793  1793 I MagicTether: [HostTetherRole] Nearby host role already started [CONTEXT service_id=276 ]
05-07 06:12:56.123  1285  1295 D BLASTBufferQueue: [VRI[StatusBar]#3](f:0,a:2) PendingRelease=1, PendingBuffersToHold=0, SyncedFrameNumbers=0, lacfnr:3522, lapfnr:3522
05-07 06:12:56.578  1793  5167 I NearbySharing: Network state changed: NetworkState(isRestricted=false, isOnline=true, isCongested=false, isMetered=false, isWifiConnected=true)
05-07 06:12:57.061   835   865 I ThermalChargeDetect: charge status: Charging
05-07 06:12:57.067   988   988 V BroadcastQueue: Enqueuing BroadcastRecord{4a42ec9 android.intent.action.BATTERY_CHANGED/u-1} from uid 1000 pid 988 for 22 receivers
05-07 06:12:57.073  1285  2244 D PowerUI : can't show warning due to - plugged: true status unknown: false
05-07 06:12:57.074  1285  1285 D wjt     : PackageName = com.android.systemuigetFakeText old text antutu=41%
05-07 06:12:57.074   988   988 V BroadcastQueue: Enqueuing BroadcastRecord{89f59ce android.intent.action.BATTERY_LEVEL_CHANGED/u-1} from uid 1000 pid 988 for 2 receivers
05-07 06:12:57.075  1285  1285 D wjt     : PackageName = com.android.systemuigetFakeText old text antutu=41%
05-07 06:12:57.076  1285  1285 D wjt     : PackageName = com.android.systemuigetFakeText old text antutu=41%
05-07 06:12:57.076   988  1039 D ActivityManager: sync unfroze 15753 com.google.android.apps.wellbeing for 3
05-07 06:12:57.076  1285  1285 D UnisocBatteryControllerEx: fireChargingSpeedChanged: 1
05-07 06:12:57.076  1285  1285 D UnisocPowerUI: health:2 --> 2 mTemperature: 283
05-07 06:12:57.078   988  1039 D ActivityManager: sync unfroze 9239 com.android.settings for 3
05-07 06:12:57.088   988  1039 D ActivityManager: PROFILE_FROM_SHELL is disabled for ProcessRecord{999d7fc 0:com.google.android.apps.turbo/u0a121}
05-07 06:12:57.088   988  1039 D CompatibilityChangeReporter: Compat change id reported: 135634846; UID 10121; state: DISABLED
05-07 06:12:57.088   988  1039 D CompatibilityChangeReporter: Compat change id reported: 177438394; UID 10121; state: DISABLED
05-07 06:12:57.088   988  1039 D CompatibilityChangeReporter: Compat change id reported: 135772972; UID 10121; state: DISABLED
05-07 06:12:57.088   988  1039 D CompatibilityChangeReporter: Compat change id reported: 135754954; UID 10121; state: ENABLED
05-07 06:12:57.089   988  1040 D CompatibilityChangeReporter: Compat change id reported: 143937733; UID 10121; state: ENABLED
05-07 06:12:57.105  9239  9239 D BatteryUsageBroadcastReceiver: onReceive:android.intent.action.BATTERY_LEVEL_CHANGED
05-07 06:12:57.107   561   561 D Zygote  : Forked child process 5174
05-07 06:12:57.108   988  1040 I ActivityManager: Start proc 5174:com.google.android.apps.turbo/u0a121 for broadcast {com.google.android.apps.turbo/com.google.android.apps.turbo.nudges.broadcasts.BatteryStatusChangedReceiver}
05-07 06:12:57.112  9239  9239 D BatteryUsageBroadcastReceiver: fetch data because of event: ACTION_BATTERY_LEVEL_CHANGED
05-07 06:12:57.114   988  1736 D CompatibilityChangeReporter: Compat change id reported: 161145287; UID 1000; state: ENABLED
05-07 06:12:57.115   988  1736 D CompatibilityChangeReporter: Compat change id reported: 161145287; UID 1000; state: DISABLED
05-07 06:12:57.121  1285  1295 D BLASTBufferQueue: [VRI[StatusBar]#3](f:0,a:2) PendingRelease=1, PendingBuffersToHold=0, SyncedFrameNumbers=0, lacfnr:3523, lapfnr:3523
05-07 06:12:57.123  5174  5174 I roid.apps.turbo: Using CollectorTypeCMC GC.
05-07 06:12:57.133  5174  5174 D nativeloader: Load libframework-connectivity-tiramisu-jni.so using APEX ns com_android_tethering for caller /apex/com.android.tethering/javalib/framework-connectivity-t.jar: ok
05-07 06:12:57.145   988  1736 D CompatibilityChangeReporter: Compat change id reported: 168419799; UID 10121; state: DISABLED
05-07 06:12:57.145   988  1736 D CompatibilityChangeReporter: Compat change id reported: 273564678; UID 10121; state: DISABLED
05-07 06:12:57.153  5174  5174 D CompatibilityChangeReporter: Compat change id reported: 171979766; UID 10121; state: ENABLED
05-07 06:12:57.153   988  1098 D CompatibilityChangeReporter: Compat change id reported: 265195908; UID 10121; state: ENABLED
05-07 06:12:57.153  5174  5174 D CompatibilityChangeReporter: Compat change id reported: 242716250; UID 10121; state: DISABLED
05-07 06:12:57.158   988  1736 D CompatibilityChangeReporter: Compat change id reported: 170503758; UID 10121; state: ENABLED
05-07 06:12:57.187  5174  5174 D nativeloader: Configuring clns-4 for other apk /system/framework/org.apache.http.legacy.jar. target_sdk_version=33, uses_libraries=ALL, library_path=/product/priv-app/Turbo/lib/arm64:/product/priv-app/Turbo/Turbo.apk!/lib/arm64-v8a, permitted_path=/data:/mnt/expand:/data/user/0/com.google.android.apps.turbo
05-07 06:12:57.233  5174  5174 D nativeloader: InitLlndkLibrariesProduct: libEGL.so:libGLESv1_CM.so:libGLESv2.so:libGLESv3.so:libRS.so:libandroid_net.so:libbinder_ndk.so:libc.so:libcgrouprc.so:libclang_rt.asan-aarch64-android.so:libclang_rt.asan-arm-android.so:libclang_rt.hwasan-aarch64-android.so:libcom.android.tethering.connectivity_native.so:libdl.so:libft2.so:liblog.so:libm.so:libmediandk.so:libnativewindow.so:libneuralnetworks.so:libselinux.so:libsync.so:libvndksupport.so:libvulkan.so
05-07 06:12:57.233  5174  5174 D nativeloader: Configuring product-clns-5 for unbundled product apk /product/priv-app/Turbo/Turbo.apk. target_sdk_version=33, uses_libraries=, library_path=/product/priv-app/Turbo/lib/arm64:/product/priv-app/Turbo/Turbo.apk!/lib/arm64-v8a:/product/lib64:/system/product/lib64, permitted_path=/data:/mnt/expand:/data/user/0/com.google.android.apps.turbo:/product/lib64:/system/product/lib64
05-07 06:12:57.235  5174  5174 D nativeloader: InitVndkspLibrariesProduct: android.hardware.common-V2-ndk.so:android.hardware.common.fmq-V1-ndk.so:android.hardware.graphics.allocator-V2-ndk.so:android.hardware.graphics.common-V4-ndk.so:android.hardware.graphics.common@1.0.so:android.hardware.graphics.common@1.1.so:android.hardware.graphics.common@1.2.so:android.hardware.graphics.composer3-V1-ndk.so:android.hardware.graphics.mapper@2.0.so:android.hardware.graphics.mapper@2.1.so:android.hardware.graphics.mapper@3.0.so:android.hardware.graphics.mapper@4.0.so:android.hardware.renderscript@1.0.so:android.hidl.memory.token@1.0.so:android.hidl.memory@1.0-impl.so:android.hidl.memory@1.0.so:android.hidl.safe_union@1.0.so:libRSCpuRef.so:libRSDriver.so:libRS_internal.so:libbase.so:libbcinfo.so:libblas.so:libc++.so:libcompiler_rt.so:libcutils.so:libdmabufheap.so:libgralloctypes.so:libhardware.so:libhidlbase.so:libhidlmemory.so:libion.so:libjsoncpp.so:liblzma.so:libprocessgroup.so:libunwindstack.so:libutils.so:libutilscallstack.so:libz.so
05-07 06:12:57.249  5174  5174 D nativeloader: Load libframework-connectivity-jni.so using APEX ns com_android_tethering for caller /apex/com.android.tethering/javalib/framework-connectivity.jar: ok
05-07 06:12:57.254  5174  5174 V GraphicsEnvironment: Currently set values for:
05-07 06:12:57.254  5174  5174 V GraphicsEnvironment:   angle_gl_driver_selection_pkgs=[]
05-07 06:12:57.254  5174  5174 V GraphicsEnvironment:   angle_gl_driver_selection_values=[]
05-07 06:12:57.255  5174  5174 V GraphicsEnvironment: ANGLE GameManagerService for com.google.android.apps.turbo: false
05-07 06:12:57.255  5174  5174 V GraphicsEnvironment: com.google.android.apps.turbo is not listed in per-application setting
05-07 06:12:57.255  5174  5174 V GraphicsEnvironment: Neither updatable production driver nor prerelease driver is supported.
05-07 06:12:57.266  5174  5174 D CompatibilityChangeReporter: Compat change id reported: 183155436; UID 10121; state: ENABLED
05-07 06:12:57.326   988  1736 D CompatibilityChangeReporter: Compat change id reported: 261072174; UID 10121; state: DISABLED
05-07 06:12:57.327  5174  5174 W Turbo.TurboApplication: Going to the application!
05-07 06:12:57.328   988  1736 W ProcessStats: Tracking association SourceState{e0e4f81 com.android.launcher3/10160 BTop #28916} whose proc state 2 is better than process ProcessState{7175826 com.google.android.googlequicksearchbox:googleapp/10126 pkg=com.google.android.googlequicksearchbox} proc state 14 (1 skipped)
05-07 06:12:57.332   988  1736 I ActivityManager: Flag disabled. Ignoring finishAttachApplication from uid: 10121. pid: 5174
05-07 06:12:57.336   988  1736 I ActivityManager: Killing 3431:com.google.android.googlequicksearchbox:search/u0a126 (adj 945): empty #17
05-07 06:12:57.337   988  1046 D ActivityManager: quick sync unfreeze 3431 for 12
05-07 06:12:57.344   988  1736 D CompatibilityChangeReporter: Compat change id reported: 161145287; UID 10121; state: DISABLED
05-07 06:12:57.344   988  1045 I libprocessgroup: Successfully killed process cgroup uid 10126 pid 3431 in 5ms
05-07 06:12:57.523   561   561 I Zygote  : Process 3431 exited due to signal 9 (Killed)
05-07 06:12:57.997   988  1124 D InputReader: dispatchTouches action DOWN now(ns): 10211727301118
05-07 06:12:57.997   988  1124 D InputReader: notifyMotion call dispatcher
05-07 06:12:58.030   988  1124 D InputReader: dispatchTouches action MOVE now(ns): 10211760430041
05-07 06:12:58.030   988  1124 D InputReader: notifyMotion call dispatcher
05-07 06:12:58.047   988  1124 D InputReader: dispatchTouches action MOVE now(ns): 10211777200425
05-07 06:12:58.047   988  1124 D InputReader: notifyMotion call dispatcher
05-07 06:12:58.063   988  1124 I InputReader: processEventsLocked: type=3 Count=3 code=57 value=-1 deviceId=2 when=10211793583000
05-07 06:12:58.063   988  1124 D InputReader: dispatchTouches action UP now(ns): 10211793950079
05-07 06:12:58.063   988  1124 D InputReader: notifyMotion call dispatcher
05-07 06:12:58.077   988  2634 D CompatibilityChangeReporter: Compat change id reported: 265464455; UID 10248; state: DISABLED
05-07 06:12:58.078   988  2634 D CompatibilityChangeReporter: Compat change id reported: 265452344; UID 10248; state: DISABLED
05-07 06:12:58.078   988  2634 D CompatibilityChangeReporter: Compat change id reported: 266124927; UID 10248; state: DISABLED
05-07 06:12:58.078   988  2634 D CompatibilityChangeReporter: Compat change id reported: 265451093; UID 10248; state: DISABLED
05-07 06:12:58.078   988  2634 D CompatibilityChangeReporter: Compat change id reported: 265456536; UID 10248; state: DISABLED
05-07 06:12:58.079   988  2634 D CompatibilityChangeReporter: Compat change id reported: 255940284; UID 10248; state: DISABLED
05-07 06:12:58.079   988  2634 D CompatibilityChangeReporter: Compat change id reported: 236283604; UID 10248; state: DISABLED
05-07 06:12:58.079   988  2634 D CompatibilityChangeReporter: Compat change id reported: 263959004; UID 10248; state: DISABLED
05-07 06:12:58.079   988  2634 D CompatibilityChangeReporter: Compat change id reported: 264304459; UID 10248; state: DISABLED
05-07 06:12:58.080   988  2634 D CompatibilityChangeReporter: Compat change id reported: 264301586; UID 10248; state: DISABLED
05-07 06:12:58.080   988  2634 D CompatibilityChangeReporter: Compat change id reported: 254631730; UID 10248; state: DISABLED
05-07 06:12:58.080   988  2634 D CompatibilityChangeReporter: Compat change id reported: 273509367; UID 10248; state: DISABLED
05-07 06:12:58.081   988  2634 D CompatibilityChangeReporter: Compat change id reported: 263259275; UID 10248; state: DISABLED
05-07 06:12:58.081   988  2634 D CompatibilityChangeReporter: Compat change id reported: 174042980; UID 10248; state: DISABLED
05-07 06:12:58.082   988  2634 D CompatibilityChangeReporter: Compat change id reported: 174042936; UID 10248; state: DISABLED
05-07 06:12:58.082   988  2634 D CompatibilityChangeReporter: Compat change id reported: 181136395; UID 10248; state: DISABLED
05-07 06:12:58.088   988  2634 D CompatibilityChangeReporter: Compat change id reported: 194480991; UID 10248; state: ENABLED
05-07 06:12:58.096   988  1591 E UNIPNP: PolicyParse: Do not support this action : KSWAPD_LITTLE_CORE
05-07 06:12:58.096   988  2634 D CompatibilityChangeReporter: Compat change id reported: 184838306; UID 10248; state: DISABLED
05-07 06:12:58.096   988  1591 E UNIPNP: ActionManager: No this Action : KSWAPD_LITTLE_CORE
05-07 06:12:58.097   988  2634 D CompatibilityChangeReporter: Compat change id reported: 185004937; UID 10248; state: DISABLED
05-07 06:12:58.100   988  2634 D CompatibilityChangeReporter: Compat change id reported: 197654537; UID 10248; state: ENABLED
05-07 06:12:58.102   603   603 D PowerHAL: enter power::setMode
05-07 06:12:58.102   603   603 D PowerHAL: PowerSessionManager::updateHintMode: mode: LAUNCH, enabled: 1
05-07 06:12:58.102   603   603 D PowerHAL: PowerSessionManager::updateHintMode resValue = 0
05-07 06:12:58.102   603   603 D PowerHAL: ###Enter launch scene bgn###
05-07 06:12:58.102   603   603 D PowerHAL: Enter common_set: enable:1, duration: 0, /sys/devices/system/cpu/cpufreq/policy0/scaling_min_freq: 1820000
05-07 06:12:58.102   603   603 D PowerHAL: Enter set_cluster_freqs_max_min: 
05-07 06:12:58.102   603   603 D PowerHAL: Enter common_set: enable:1, duration: 0, /sys/devices/system/cpu/cpufreq/policy0/scaling_max_freq: 1820000
05-07 06:12:58.102   603   603 D PowerHAL: Enter set_cluster_freqs_max_min: 
05-07 06:12:58.102   603   603 D PowerHAL: Enter common_set: enable:1, duration: 0, /sys/devices/system/cpu/cpufreq/policy6/scaling_min_freq: 2028000
05-07 06:12:58.102   603   603 D PowerHAL: Enter set_cluster_freqs_max_min: 
05-07 06:12:58.102   603   603 D PowerHAL: Enter common_set: enable:1, duration: 0, /sys/devices/system/cpu/cpufreq/policy6/scaling_max_freq: 2028000
05-07 06:12:58.102   603   603 D PowerHAL: Enter set_cluster_freqs_max_min: 
05-07 06:12:58.102   603   603 D PowerHAL: Enter devfreq_ddr_set: enable:1, duration: 0, /sys/class/devfreq/scene-frequency/sprd-governor/scene_boost_dfs: max
05-07 06:12:58.103   988  2634 D CompatibilityChangeReporter: Compat change id reported: 205907456; UID 10248; state: ENABLED
05-07 06:12:58.103   603   603 D PowerHAL: ###Enter launch scene end###
05-07 06:12:58.109   988  2634 D CompatibilityChangeReporter: Compat change id reported: 194833441; UID 10248; state: ENABLED
05-07 06:12:58.109  1285  1315 V WindowManagerShell: Transition requested: android.os.BinderProxy@e208f00 TransitionRequestInfo { type = OPEN, triggerTask = TaskInfo{userId=0 taskId=274 displayId=0 isRunning=true baseIntent=Intent { act=android.intent.action.MAIN cat=[android.intent.category.LAUNCHER] flg=0x10200000 cmp=com.gtaxi.rider/.MainActivity } baseActivity=ComponentInfo{com.gtaxi.rider/com.gtaxi.rider.MainActivity} topActivity=ComponentInfo{com.gtaxi.rider/com.gtaxi.rider.MainActivity} origActivity=null realActivity=ComponentInfo{com.gtaxi.rider/com.gtaxi.rider.MainActivity} numActivities=1 lastActiveTime=32315530 supportsMultiWindow=true resizeMode=1 isResizeable=true minWidth=-1 minHeight=-1 defaultMinSize=220 token=WCT{android.window.IWindowContainerToken$Stub$Proxy@96f1339} topActivityType=1 pictureInPictureParams=null shouldDockBigOverlays=false launchIntoPipHostTaskId=-1 lastParentTaskIdBeforePip=-1 displayCutoutSafeInsets=null topActivityInfo=ActivityInfo{33cbd7e com.gtaxi.rider.MainActivity} launchCookies=[] positionInParent=Point(0, 0) parentTaskId=-1 isFocused=false isVisible=false isVisibleRequested=false isSleeping=false topActivityInSizeCompat=false topActivityEligibleForLetterboxEducation= false topActivityLetterboxed= false isFromDoubleTap= false topActivityLetterboxVerticalPosition= -1 topActivityLetterboxHorizontalPosition= -1 topActivityLetterboxWidth=-1 topActivityLetterboxHeight=-1 locusId=null displayAreaFeatureId=1 cameraCompatControlState=hidden}, remoteTransition = null, displayChange = null }
05-07 06:12:58.109   988  2634 I ActivityTaskManager: START u0 {act=android.intent.action.MAIN cat=[android.intent.category.LAUNCHER] flg=0x10200000 cmp=com.gtaxi.rider/.MainActivity bnds=[10,403][140,586]} with LAUNCH_SINGLE_TASK from uid 10160 pid 1642 (BAL_ALLOW_ALLOWLISTED_COMPONENT) result code=START_SUCCESS
05-07 06:12:58.111  1642  1691 D QuickstepModelDelegate: notifyAppTargetEvent action=1 launchLocation=workspace/1/[0,2]/[1,1]
05-07 06:12:58.113   988  1021 D ActivityManager: PROFILE_FROM_SHELL is disabled for ProcessRecord{d4f82f4 0:com.gtaxi.rider/u0a248}
05-07 06:12:58.114   988  1021 D CompatibilityChangeReporter: Compat change id reported: 135634846; UID 10248; state: DISABLED
05-07 06:12:58.115   988  1021 D CompatibilityChangeReporter: Compat change id reported: 177438394; UID 10248; state: DISABLED
05-07 06:12:58.115   988  1021 D CompatibilityChangeReporter: Compat change id reported: 135772972; UID 10248; state: DISABLED
05-07 06:12:58.115   988  1021 D CompatibilityChangeReporter: Compat change id reported: 135754954; UID 10248; state: ENABLED
05-07 06:12:58.116   988  1040 D CompatibilityChangeReporter: Compat change id reported: 143937733; UID 10248; state: ENABLED
05-07 06:12:58.117   988  1591 D PerformanceDatabaseControl: querymem pkgName = com.gtaxi.rider
05-07 06:12:58.118   988  2978 D ActivityManager: sync unfroze 4228 com.google.android.apps.nbu.files for 0
05-07 06:12:58.118   298   298 I lmkd    : memfree(139MB) is enough and ignore fast kill
05-07 06:12:58.120   988  2978 D ActivityManager: sync unfroze 3554 com.google.android.youtube for 0
05-07 06:12:58.122   988  2978 D ActivityManager: sync unfroze 4736 com.android.chrome for 0
05-07 06:12:58.126   988  2978 D ActivityManager: sync unfroze 4834 com.google.android.documentsui for 0
05-07 06:12:58.128   988  2978 D ActivityManager: sync unfroze 4848 com.google.android.videos for 0
05-07 06:12:58.129   988  2978 D ActivityManager: sync unfroze 4748 com.android.keychain for 0
05-07 06:12:58.130   988  2978 D ActivityManager: sync unfroze 4822 com.google.android.apps.carrier.carrierwifi for 0
05-07 06:12:58.132   988  2978 D ActivityManager: sync unfroze 4893 com.google.android.apps.docs for 0
05-07 06:12:58.133   988  2978 D ActivityManager: sync unfroze 4318 com.google.process.gservices for 0
05-07 06:12:58.134   988  2978 D ActivityManager: sync unfroze 4538 android.process.acore for 0
05-07 06:12:58.135   988  2978 D ActivityManager: sync unfroze 26393 com.google.android.permissioncontroller for 0
05-07 06:12:58.135   561   561 D Zygote  : Forked child process 5192
05-07 06:12:58.138   635   635 I BpBinder: onLastStrongRef automatically unlinking death recipients: 
05-07 06:12:58.138   988  1040 I ActivityManager: Start proc 5192:com.gtaxi.rider/u0a248 for next-top-activity {com.gtaxi.rider/com.gtaxi.rider.MainActivity}
05-07 06:12:58.151   988  3236 I WindowManager: Input focus has changed to null from 4ee602 com.android.launcher3/com.android.searchlauncher.SearchLauncher mDisplayId 0 updateInputWindows true
05-07 06:12:58.152   988  3236 D UnisocDisplayJamMonitorImpl: Switch focus to null.
05-07 06:12:58.155   988  1313 D CoreBackPreview: Window{3589fd5 u0 Splash Screen com.gtaxi.rider}, [type=3]-[Surface(name=*Title#1901)/@0x50e9578, shown=false, alpha=0.0, windowType=3]: Setting back callback OnBackInvokedCallbackInfo{mCallback=android.window.IOnBackInvokedCallback$Stub$Proxy@b906451, mPriority=0, mIsAnimationCallback=false}
05-07 06:12:58.156  5192  5192 I com.gtaxi.rider: Using CollectorTypeCMC GC.
05-07 06:12:58.161   577   601 I mali_gralloc: allocate: id=24100000642, hal_format=RGBA8888, mali_format=RGBA8888, afbc=SPLIT, usage=GPU_RW|HWC, size=800x1280(4160512), stride=800, name=VRI[rider]#130(BLAST Consumer)130
05-07 06:12:58.162  1285  5199 D mali_gralloc: register: id=24100000642, handle=0xb4000071cb6ad7f0, importpid=-1, gRegisteredHandles=96
05-07 06:12:58.166   577   601 I mali_gralloc: allocate: id=24100000643, hal_format=RGBA8888, mali_format=RGBA8888, afbc=SPLIT, usage=GPU_RW|HWC, size=800x1280(4160512), stride=800, name=VRI[rider]#130(BLAST Consumer)130
05-07 06:12:58.167  1285  5199 D mali_gralloc: register: id=24100000643, handle=0xb4000071cb6d9050, importpid=-1, gRegisteredHandles=97
05-07 06:12:58.167   635  1693 D mali_gralloc: register: id=24100000642, handle=0xb400006f0f1ab850, importpid=1285, gRegisteredHandles=14
05-07 06:12:58.170   577   577 I mali_gralloc: allocate: id=24100000644, hal_format=RGBA8888, mali_format=RGBA8888, afbc=SPLIT, usage=GPU_RW|HWC, size=800x1280(4160512), stride=800, name=VRI[rider]#130(BLAST Consumer)130
05-07 06:12:58.171  1285  5199 D mali_gralloc: register: id=24100000644, handle=0xb4000071cb644f10, importpid=-1, gRegisteredHandles=98
05-07 06:12:58.172   988  1313 D WindowManager: finishDrawingLocked: merge with mWin.mSyncTransaction!!! ,mWin = Window{3589fd5 u0 Splash Screen com.gtaxi.rider}, [type=3]-[Surface(name=*Title#1901)/@0x50e9578, shown=false, alpha=0.0, windowType=3] ,inputHandle = 3589fd5 Splash Screen com.gtaxi.rider, frame=[0,0,0,0], touchableRegion=SkRegion((0,0,800,1280)), scaleFactor=1.0, transform=null, windowToken=android.os.BinderProxy@143c8c, displayId=0, isClone=false, packageName=com.gtaxi.rider, ownerPid=1285, touchableRegionSurfaceControl=java.lang.ref.WeakReference@2b194b6, replaceTouchableRegionWithCrop=false, changed=false
05-07 06:12:58.172  5192  5192 D nativeloader: Load libframework-connectivity-tiramisu-jni.so using APEX ns com_android_tethering for caller /apex/com.android.tethering/javalib/framework-connectivity-t.jar: ok
05-07 06:12:58.180   988  1098 D CompatibilityChangeReporter: Compat change id reported: 265195908; UID 10248; state: ENABLED
05-07 06:12:58.183   988  1018 V WindowManager: Sent Transition #133 createdAt=05-07 06:12:58.089 via request=TransitionRequestInfo { type = OPEN, triggerTask = TaskInfo{userId=0 taskId=274 displayId=0 isRunning=true baseIntent=Intent { act=android.intent.action.MAIN cat=[android.intent.category.LAUNCHER] flg=0x10200000 cmp=com.gtaxi.rider/.MainActivity } baseActivity=ComponentInfo{com.gtaxi.rider/com.gtaxi.rider.MainActivity} topActivity=ComponentInfo{com.gtaxi.rider/com.gtaxi.rider.MainActivity} origActivity=null realActivity=ComponentInfo{com.gtaxi.rider/com.gtaxi.rider.MainActivity} numActivities=1 lastActiveTime=32315530 supportsMultiWindow=true resizeMode=1 isResizeable=true minWidth=-1 minHeight=-1 defaultMinSize=220 token=WCT{RemoteToken{4a5f48d Task{bf1aee2 #274 type=standard A=10248:com.gtaxi.rider}}} topActivityType=1 pictureInPictureParams=null shouldDockBigOverlays=false launchIntoPipHostTaskId=-1 lastParentTaskIdBeforePip=-1 displayCutoutSafeInsets=null topActivityInfo=ActivityInfo{d3a4642 com.gtaxi.rider.MainActivity} launchCookies=[] positionInParent=Point(0, 0) parentTaskId=-1 isFocused=false isVisible=false isVisibleRequested=false isSleeping=false topActivityInSizeCompat=false topActivityEligibleForLetterboxEducation= false topActivityLetterboxed= false isFromDoubleTap= false topActivityLetterboxVerticalPosition= -1 topActivityLetterboxHorizontalPosition= -1 topActivityLetterboxWidth=-1 topActivityLetterboxHeight=-1 locusId=null displayAreaFeatureId=1 cameraCompatControlState=hidden}, remoteTransition = null, displayChange = null }
05-07 06:12:58.183   988  1018 V WindowManager:     startWCT=WindowContainerTransaction { changes = {} hops = [] errorCallbackToken=null taskFragmentOrganizer=null }
05-07 06:12:58.184   988  1018 V WindowManager:     info={id=133 t=OPEN f=0x0 trk=0 r=[0@Point(0, 0)] c=[{WCT{RemoteToken{4a5f48d Task{bf1aee2 #274 type=standard A=10248:com.gtaxi.rider}}} m=OPEN f=NONE leash=Surface(name=Task=274#1898)/@0xbaff5b7 sb=Rect(0, 0 - 800, 1280) eb=Rect(0, 0 - 800, 1280) d=0},{WCT{RemoteToken{b5392b0 Task{bf22427 #247 type=home}}} m=TO_BACK f=SHOW_WALLPAPER leash=Surface(name=Task=247#122)/@0xca96062 sb=Rect(0, 0 - 800, 1280) eb=Rect(0, 0 - 800, 1280) d=0}]}
05-07 06:12:58.185  1285  1315 V WindowManagerShell: onTransitionReady android.os.BinderProxy@e208f00: {id=133 t=OPEN f=0x0 trk=0 r=[0@Point(0, 0)] c=[{WCT{android.window.IWindowContainerToken$Stub$Proxy@37fd7e1} m=OPEN f=NONE leash=Surface(name=Task=274#1898)/@0x2f7933a sb=Rect(0, 0 - 800, 1280) eb=Rect(0, 0 - 800, 1280) d=0},{WCT{android.window.IWindowContainerToken$Stub$Proxy@a3ba906} m=TO_BACK f=SHOW_WALLPAPER leash=Surface(name=Task=247#122)/@0xb218beb sb=Rect(0, 0 - 800, 1280) eb=Rect(0, 0 - 800, 1280) d=0}]}
05-07 06:12:58.185  1285  1315 V WindowManagerShell: Playing animation for (#133)android.os.BinderProxy@e208f00@0
05-07 06:12:58.185  1285  1315 V WindowManagerShell:  try handler com.android.wm.shell.transition.DefaultMixedHandler@32c573b
05-07 06:12:58.185  1285  1315 V WindowManagerShell:  try handler com.android.wm.shell.keyguard.KeyguardTransitionHandler@f174e58
05-07 06:12:58.185  1285  1315 V WindowManagerShell:  try handler com.android.wm.shell.activityembedding.ActivityEmbeddingController@6db5bb1
05-07 06:12:58.185  1285  1315 V WindowManagerShell:  try handler com.android.wm.shell.recents.RecentsTransitionHandler@d3c2896
05-07 06:12:58.185  1285  1315 V ShellRecents: RecentsTransitionHandler.startAnimation: no controller found
05-07 06:12:58.185  1285  1315 V WindowManagerShell:  try handler com.android.wm.shell.pip.PipTransition@ff2c17
05-07 06:12:58.186  1285  1315 V WindowManagerShell:  try handler com.android.wm.shell.splitscreen.StageCoordinator@cdef804
05-07 06:12:58.186  1285  1315 V WindowManagerShell:  try handler com.android.wm.shell.transition.RemoteTransitionHandler@19901ed
05-07 06:12:58.186  1285  1315 V WindowManagerShell: Transition doesn't have explicit remote, search filters for match for {id=133 t=OPEN f=0x0 trk=0 r=[0@Point(0, 0)] c=[{WCT{android.window.IWindowContainerToken$Stub$Proxy@37fd7e1} m=OPEN f=NONE leash=Surface(name=Task=274#1898)/@0x2f7933a sb=Rect(0, 0 - 800, 1280) eb=Rect(0, 0 - 800, 1280) d=0},{WCT{android.window.IWindowContainerToken$Stub$Proxy@a3ba906} m=TO_BACK f=SHOW_WALLPAPER leash=Surface(name=Task=247#122)/@0xb218beb sb=Rect(0, 0 - 800, 1280) eb=Rect(0, 0 - 800, 1280) d=0}]}
05-07 06:12:58.186  1285  1315 V WindowManagerShell:  Checking filter Pair{{types=[] flags=0x0] notFlags=0x100 checks=[{atype=home independent=true modes=[OPEN,TO_FRONT] flags=NONE mustBeTask=false order=TOP topActivity=ComponentInfo{com.android.launcher3/com.android.searchlauncher.SearchLauncher}},{atype=standard independent=true modes=[CLOSE,TO_BACK] flags=NONE mustBeTask=false order=ANY topActivity=null}]} RemoteTransition { remoteTransition = android.window.IRemoteTransition$Stub$Proxy@38f1aa1, appThread = android.app.IApplicationThread$Stub$Proxy@79194c6, debugName = QuickstepLaunchHome }}
05-07 06:12:58.186  1285  1315 V WindowManagerShell:  Delegate animation for #133 to null
05-07 06:12:58.186  1285  1315 V WindowManagerShell:  try handler com.android.wm.shell.transition.DefaultTransitionHandler@70a3822
05-07 06:12:58.186  1285  1315 V WindowManagerShell: start default transition animation, info = {id=133 t=OPEN f=0x0 trk=0 r=[0@Point(0, 0)] c=[{WCT{android.window.IWindowContainerToken$Stub$Proxy@37fd7e1} m=OPEN f=NONE leash=Surface(name=Task=274#1898)/@0x2f7933a sb=Rect(0, 0 - 800, 1280) eb=Rect(0, 0 - 800, 1280) d=0},{WCT{android.window.IWindowContainerToken$Stub$Proxy@a3ba906} m=TO_BACK f=SHOW_WALLPAPER leash=Surface(name=Task=247#122)/@0xb218beb sb=Rect(0, 0 - 800, 1280) eb=Rect(0, 0 - 800, 1280) d=0}]}
05-07 06:12:58.187  1285  1315 I DefaultTransitionHandler: : set UniPnP anim success
05-07 06:12:58.188  1285  1315 V WindowManagerShell:  animated by com.android.wm.shell.transition.DefaultTransitionHandler@70a3822
05-07 06:12:58.191  4834  4834 D CompatibilityChangeReporter: Compat change id reported: 150939131; UID 10074; state: ENABLED
05-07 06:12:58.201   988  1313 I ActivityTaskManager: delivered LaunchActivityItem: ActivityRecord{bad1bad u0 com.gtaxi.rider/.MainActivity t274 d0}
05-07 06:12:58.202   988  1313 D WindowManager: setFocusedApp mFocusedApp = ActivityRecord{bad1bad u0 com.gtaxi.rider/.MainActivity t274 d0}displayId = 0Callers = com.android.server.wm.ActivityTaskManagerService.setLastResumedActivityUncheckLocked:4898 com.android.server.wm.ActivityTaskSupervisor.updateTopResumedActivityIfNeeded:2416 com.android.server.wm.TaskFragment.setResumedActivity:539 com.android.server.wm.TaskFragment.onActivityStateChanged:835 
05-07 06:12:58.202   988  1313 D InputDispatcher: setFocusedApplication displayId=0 ActivityRecord{bad1bad u0 com.gtaxi.rider/.MainActivity t274 d0}
05-07 06:12:58.204   635   635 I Layer   : fillInputInfo layer:63060c4 ActivityRecordInputSink com.gtaxi.rider/.MainActivity#1905, visible=1 (hasInputInfo:1, isHidden:0, alpha:0.000000, parent:ActivityRecord{bad1bad u0 com.gtaxi.rider/.MainActivity#1899,parenthidden:0, parentalpha:0.000000, mBuffer:0, mSidebandStream:0,hasSomethingToDraw:0, hasEffect:0, fillsColor:0, drawShadows:0, hasBlur:0)
05-07 06:12:58.208  5192  5192 D CompatibilityChangeReporter: Compat change id reported: 171979766; UID 10248; state: ENABLED
05-07 06:12:58.208  5192  5192 D CompatibilityChangeReporter: Compat change id reported: 242716250; UID 10248; state: ENABLED
05-07 06:12:58.213   988  3236 D CompatibilityChangeReporter: Compat change id reported: 170503758; UID 10248; state: ENABLED
05-07 06:12:58.215   988  1463 D CompatibilityChangeReporter: Compat change id reported: 197654537; UID 1000; state: ENABLED
05-07 06:12:58.216 12948 12948 I bxmb    : onPause
05-07 06:12:58.221  5192  5192 D nativeloader: Configuring clns-4 for other apk /system/framework/org.apache.http.legacy.jar. target_sdk_version=35, uses_libraries=ALL, library_path=/data/app/~~CE0-sCtFhrSbidlWI4Chew==/com.gtaxi.rider-fDKpF2vT40y69aCJgaRauQ==/lib/arm64:/data/app/~~CE0-sCtFhrSbidlWI4Chew==/com.gtaxi.rider-fDKpF2vT40y69aCJgaRauQ==/base.apk!/lib/arm64-v8a, permitted_path=/data:/mnt/expand:/data/user/0/com.gtaxi.rider
05-07 06:12:58.226  5192  5192 D nativeloader: InitLlndkLibrariesVendor: libEGL.so:libGLESv1_CM.so:libGLESv2.so:libGLESv3.so:libRS.so:libandroid_net.so:libbinder_ndk.so:libc.so:libcgrouprc.so:libclang_rt.asan-aarch64-android.so:libclang_rt.asan-arm-android.so:libclang_rt.hwasan-aarch64-android.so:libdl.so:libft2.so:liblog.so:libm.so:libmediandk.so:libnativewindow.so:libneuralnetworks.so:libselinux.so:libsync.so:libvndksupport.so:libvulkan.so
05-07 06:12:58.226  5192  5192 D nativeloader: Configuring vendor-clns-5 for unbundled vendor apk /vendor/framework/androidx.camera.extensions.impl.jar. target_sdk_version=35, uses_libraries=ALL, library_path=/data/app/~~CE0-sCtFhrSbidlWI4Chew==/com.gtaxi.rider-fDKpF2vT40y69aCJgaRauQ==/lib/arm64:/data/app/~~CE0-sCtFhrSbidlWI4Chew==/com.gtaxi.rider-fDKpF2vT40y69aCJgaRauQ==/base.apk!/lib/arm64-v8a:/vendor/lib64, permitted_path=/data:/mnt/expand:/data/user/0/com.gtaxi.rider:/vendor/lib64
05-07 06:12:58.227  5192  5192 D nativeloader: InitVndkspLibrariesVendor: android.hardware.common-V2-ndk.so:android.hardware.common.fmq-V1-ndk.so:android.hardware.graphics.allocator-V1-ndk.so:android.hardware.graphics.common-V3-ndk.so:android.hardware.graphics.common@1.0.so:android.hardware.graphics.common@1.1.so:android.hardware.graphics.common@1.2.so:android.hardware.graphics.composer3-V1-ndk.so:android.hardware.graphics.mapper@2.0.so:android.hardware.graphics.mapper@2.1.so:android.hardware.graphics.mapper@3.0.so:android.hardware.graphics.mapper@4.0.so:android.hardware.renderscript@1.0.so:android.hidl.memory.token@1.0.so:android.hidl.memory@1.0-impl.so:android.hidl.memory@1.0.so:android.hidl.safe_union@1.0.so:libRSCpuRef.so:libRSDriver.so:libRS_internal.so:libbacktrace.so:libbase.so:libbcinfo.so:libblas.so:libc++.so:libcompiler_rt.so:libcutils.so:libdmabufheap.so:libgralloctypes.so:libhardware.so:libhidlbase.so:libhidlmemory.so:libion.so:libjsoncpp.so:liblzma.so:libprocessgroup.so:libunwindstack.so:libutils.so:libutilscallstack.so:libz.so
05-07 06:12:58.232  5192  5192 D nativeloader: Configuring clns-6 for other apk /data/app/~~CE0-sCtFhrSbidlWI4Chew==/com.gtaxi.rider-fDKpF2vT40y69aCJgaRauQ==/base.apk. target_sdk_version=35, uses_libraries=, library_path=/data/app/~~CE0-sCtFhrSbidlWI4Chew==/com.gtaxi.rider-fDKpF2vT40y69aCJgaRauQ==/lib/arm64:/data/app/~~CE0-sCtFhrSbidlWI4Chew==/com.gtaxi.rider-fDKpF2vT40y69aCJgaRauQ==/base.apk!/lib/arm64-v8a, permitted_path=/data:/mnt/expand:/data/user/0/com.gtaxi.rider
05-07 06:12:58.237   635   635 I Layer   : fillInputInfo layer:Splash Screen com.gtaxi.rider#1901, visible=1 (hasInputInfo:1, isHidden:0, alpha:0.069641, parent:3589fd5 Splash Screen com.gtaxi.rider#1900,parenthidden:0, parentalpha:0.069641, mBuffer:1, mSidebandStream:0,hasSomethingToDraw:1, hasEffect:0, fillsColor:0, drawShadows:0, hasBlur:0)
05-07 06:12:58.239   578  2224 D SPRDHWComposer: HWC Range:1, HWC_Transfer:4
05-07 06:12:58.239   578  2224 D mali_gralloc: register: id=24100000642, handle=0xb40000734894d830, importpid=635, gRegisteredHandles=15
05-07 06:12:58.242  5192  5192 D nativeloader: Load libframework-connectivity-jni.so using APEX ns com_android_tethering for caller /apex/com.android.tethering/javalib/framework-connectivity.jar: ok
05-07 06:12:58.245  5192  5192 V GraphicsEnvironment: Currently set values for:
05-07 06:12:58.246  5192  5192 V GraphicsEnvironment:   angle_gl_driver_selection_pkgs=[]
05-07 06:12:58.246  5192  5192 V GraphicsEnvironment:   angle_gl_driver_selection_values=[]
05-07 06:12:58.246  5192  5192 V GraphicsEnvironment: ANGLE GameManagerService for com.gtaxi.rider: false
05-07 06:12:58.246  5192  5192 V GraphicsEnvironment: com.gtaxi.rider is not listed in per-application setting
05-07 06:12:58.246  5192  5192 V GraphicsEnvironment: Neither updatable production driver nor prerelease driver is supported.
05-07 06:12:58.249   577   577 I mali_gralloc: allocate: id=24100000645, hal_format=RGBA8888, mali_format=RGBA8888, afbc=false, usage=GPU_R, size=400x640(1024000), stride=400, name=AHardwareBuffer pid [988]
05-07 06:12:58.249   988  2634 D mali_gralloc: register: id=24100000645, handle=0xb4000071cb6eb170, importpid=-1, gRegisteredHandles=4
05-07 06:12:58.260  1642  8368 D mali_gralloc: register: id=24100000645, handle=0xb4000071cb6a5c30, importpid=988, gRegisteredHandles=36
05-07 06:12:58.270  4736  4740 W .android.chrome: userfaultfd: MOVE ioctl seems unsupported: Connection timed out
05-07 06:12:58.278  4822  4827 W ier.carrierwifi: userfaultfd: MOVE ioctl seems unsupported: Connection timed out
05-07 06:12:58.283  5192  5192 W FirebaseApp: Default FirebaseApp failed to initialize because no default options were found. This usually means that com.google.gms:google-services was not applied to your gradle project.
05-07 06:12:58.283  5192  5192 I FirebaseInitProvider: FirebaseApp initialization unsuccessful
05-07 06:12:58.293  5192  5192 D Sentry  : io.sentry.auto-init read: false
05-07 06:12:58.299  4834  4838 W oid.documentsui: userfaultfd: MOVE ioctl seems unsupported: Connection timed out
05-07 06:12:58.304  5192  5192 D WM-WrkMgrInitializer: Initializing WorkManager with default configuration.
05-07 06:12:58.309   988  3236 D PackageManager: Considering set com.gtaxi.rider/androidx.work.impl.background.systemjob.SystemJobService's state as 1 with userId = 0, callingPackage = com.gtaxi.rider:10248
05-07 06:12:58.311  4834  4840 W oid.documentsui: ApkAssets: Deleting an ApkAssets object '<empty> and /system/priv-app/DownloadProvider/DownloadProvider.apk' with 1 weak references
05-07 06:12:58.314  4834  4840 W oid.documentsui: ApkAssets: Deleting an ApkAssets object '<empty> and /system/priv-app/ExternalStorageProvider/ExternalStorageProvider.apk' with 1 weak references
05-07 06:12:58.317  4834  4840 W oid.documentsui: ApkAssets: Deleting an ApkAssets object '<empty> and /system/priv-app/MtpService/MtpService.apk' with 1 weak references
05-07 06:12:58.320  4834  4840 W oid.documentsui: ApkAssets: Deleting an ApkAssets object '<empty> and /apex/com.android.mediaprovider/priv-app/MediaProviderGoogle@361521100/MediaProviderGoogle.apk' with 1 weak references
05-07 06:12:58.322  5192  5192 W SoLoader: Initializing SoLoader: 0
05-07 06:12:58.323  5192  5192 W SoLoader: Recording new base apk path: /data/app/~~CE0-sCtFhrSbidlWI4Chew==/com.gtaxi.rider-fDKpF2vT40y69aCJgaRauQ==/base.apk
05-07 06:12:58.323  5192  5192 W SoLoader: Previously recorded 0 base apk paths.
05-07 06:12:58.323  4834  4840 W oid.documentsui: ApkAssets: Deleting an ApkAssets object '<empty> and /system/priv-app/Shell/Shell.apk' with 1 weak references
05-07 06:12:58.324  5192  5192 I SoLoader: Preparing SO source: DirectorySoSource[root = /vendor/lib64 flags = 2]
05-07 06:12:58.325  5192  5192 I SoLoader: Preparing SO source: DirectorySoSource[root = /system/lib64 flags = 2]
05-07 06:12:58.325  5192  5192 I SoLoader: Preparing SO source: DirectApkSoSource[root = [/data/app/~~CE0-sCtFhrSbidlWI4Chew==/com.gtaxi.rider-fDKpF2vT40y69aCJgaRauQ==/base.apk!/lib/arm64-v8a]]
05-07 06:12:58.326  4834  4840 W oid.documentsui: ApkAssets: Deleting an ApkAssets object '<empty> and /data/app/~~4CI6L-csvUYIaU-pOHFcbQ==/com.google.android.apps.docs-mCgt6V9-mauOuiOpL2N0zw==/base.apk' with 1 weak references
05-07 06:12:58.327  4834  4840 W oid.documentsui: ApkAssets: Deleting an ApkAssets object '<empty> and /data/app/~~4CI6L-csvUYIaU-pOHFcbQ==/com.google.android.apps.docs-mCgt6V9-mauOuiOpL2N0zw==/split_config.arm64_v8a.apk' with 1 weak references
05-07 06:12:58.327  4893  5037 E GoogleApiManager: Failed to get service from broker. 
05-07 06:12:58.327  4893  5037 E GoogleApiManager: java.lang.SecurityException: Unknown calling package name 'com.google.android.gms'.
05-07 06:12:58.327  4893  5037 E GoogleApiManager: 	at android.os.Parcel.createExceptionOrNull(Parcel.java:3057)
05-07 06:12:58.327  4893  5037 E GoogleApiManager: 	at android.os.Parcel.createException(Parcel.java:3041)
05-07 06:12:58.327  4893  5037 E GoogleApiManager: 	at android.os.Parcel.readException(Parcel.java:3024)
05-07 06:12:58.327  4893  5037 E GoogleApiManager: 	at android.os.Parcel.readException(Parcel.java:2966)
05-07 06:12:58.327  4893  5037 E GoogleApiManager: 	at bicg.a(:com.google.android.gms@261631029@26.16.31 (190400-900800821):36)
05-07 06:12:58.327  4893  5037 E GoogleApiManager: 	at biac.z(:com.google.android.gms@261631029@26.16.31 (190400-900800821):143)
05-07 06:12:58.327  4893  5037 E GoogleApiManager: 	at bhfw.run(:com.google.android.gms@261631029@26.16.31 (190400-900800821):42)
05-07 06:12:58.327  4893  5037 E GoogleApiManager: 	at android.os.Handler.handleCallback(Handler.java:958)
05-07 06:12:58.327  4893  5037 E GoogleApiManager: 	at android.os.Handler.dispatchMessage(Handler.java:99)
05-07 06:12:58.327  4893  5037 E GoogleApiManager: 	at cxep.mL(:com.google.android.gms@261631029@26.16.31 (190400-900800821):1)
05-07 06:12:58.327  4893  5037 E GoogleApiManager: 	at cxep.dispatchMessage(:com.google.android.gms@261631029@26.16.31 (190400-900800821):5)
05-07 06:12:58.327  4893  5037 E GoogleApiManager: 	at android.os.Looper.loopOnce(Looper.java:205)
05-07 06:12:58.327  4893  5037 E GoogleApiManager: 	at android.os.Looper.loop(Looper.java:294)
05-07 06:12:58.327  4893  5037 E GoogleApiManager: 	at android.os.HandlerThread.run(HandlerThread.java:67)
05-07 06:12:58.327  4834  4840 W oid.documentsui: ApkAssets: Deleting an ApkAssets object '<empty> and /data/app/~~4CI6L-csvUYIaU-pOHFcbQ==/com.google.android.apps.docs-mCgt6V9-mauOuiOpL2N0zw==/split_config.en.apk' with 1 weak references
05-07 06:12:58.327  4834  4840 W oid.documentsui: ApkAssets: Deleting an ApkAssets object '<empty> and /data/app/~~4CI6L-csvUYIaU-pOHFcbQ==/com.google.android.apps.docs-mCgt6V9-mauOuiOpL2N0zw==/split_config.tvdpi.apk' with 1 weak references
05-07 06:12:58.327  4893  5037 W GoogleApiManager: Not showing notification since connectionResult is not user-facing: ConnectionResult{statusCode=DEVELOPER_ERROR, resolution=null, message=null, clientMethodKey=null}
05-07 06:12:58.329  5192  5192 I SoLoader: Preparing SO source: ApplicationSoSource[DirectorySoSource[root = /data/app/~~CE0-sCtFhrSbidlWI4Chew==/com.gtaxi.rider-fDKpF2vT40y69aCJgaRauQ==/lib/arm64 flags = 0]]
05-07 06:12:58.330  5192  5192 I SoLoader: init finish: 4 SO sources prepared
05-07 06:12:58.330  5192  5192 W SoLoader: SoLoader initialized: 8
05-07 06:12:58.331   988  1555 I ActivityManager: Flag disabled. Ignoring finishAttachApplication from uid: 10248. pid: 5192
05-07 06:12:58.336   988  1038 D IntervalStats: Unable to parse usage stats packages: [348, 355, 356]
05-07 06:12:58.336  5192  5217 D vulkan  : searching for layers in '/data/app/~~CE0-sCtFhrSbidlWI4Chew==/com.gtaxi.rider-fDKpF2vT40y69aCJgaRauQ==/lib/arm64'
05-07 06:12:58.336  5192  5217 D vulkan  : searching for layers in '/data/app/~~CE0-sCtFhrSbidlWI4Chew==/com.gtaxi.rider-fDKpF2vT40y69aCJgaRauQ==/base.apk!/lib/arm64-v8a'
05-07 06:12:58.341   988  1038 D CompatibilityChangeReporter: Compat change id reported: 171306433; UID 1000; state: ENABLED
05-07 06:12:58.341   988  1038 V AlarmManager: set(null) : type=3 listener=android.app.AlarmManager$ListenerWrapper@3dd6063 listenerTag=*usage.launchTime* workSource=null callingPackage=android callingUid=1000 triggerAtTime=118715679 win=0 tElapsed=118715679 maxElapsed=118715679 interval=0 flags=0x9
05-07 06:12:58.342   988  1038 D AlarmManagerService: set alarm to kernel: 32832.625000000, type=2 
05-07 06:12:58.342   988  1038 D AlarmManagerService: set alarm to kernel: 32317.422000000, type=3 
05-07 06:12:58.342   988  1038 D AlarmManagerService: set alarm to kernel: 32832.625000000, type=2 
05-07 06:12:58.342   988  1038 D AlarmManagerService: set alarm to kernel: 32317.422000000, type=3 
05-07 06:12:58.352  5192  5192 D AppCompatDelegate: Checking for metadata for AppLocalesMetadataHolderService : Service not found
05-07 06:12:58.368  5192  5216 D CompatibilityChangeReporter: Compat change id reported: 160794467; UID 10248; state: ENABLED
05-07 06:12:58.377  4848  4852 W .android.videos: userfaultfd: MOVE ioctl seems unsupported: Connection timed out
05-07 06:12:58.388  5192  5192 W SoLoader: SoLoader already initialized
05-07 06:12:58.402  5192  5192 D nativeloader: Load /data/app/~~CE0-sCtFhrSbidlWI4Chew==/com.gtaxi.rider-fDKpF2vT40y69aCJgaRauQ==/base.apk!/lib/arm64-v8a/libc++_shared.so using class loader ns clns-6 (caller=/data/app/~~CE0-sCtFhrSbidlWI4Chew==/com.gtaxi.rider-fDKpF2vT40y69aCJgaRauQ==/base.apk!classes3.dex): ok
05-07 06:12:58.405  1285  1315 V WindowManagerShell: Transition animation finished (aborted=false), notifying core (#133)android.os.BinderProxy@e208f00@0
05-07 06:12:58.408   988  1018 V WindowManager: Finish Transition #133: created at 05-07 06:12:58.089 collect-started=0.063ms request-sent=18.325ms started=23.006ms ready=87.217ms sent=92.651ms finished=317.951ms
05-07 06:12:58.409  5192  5192 D nativeloader: Load /data/app/~~CE0-sCtFhrSbidlWI4Chew==/com.gtaxi.rider-fDKpF2vT40y69aCJgaRauQ==/base.apk!/lib/arm64-v8a/libjsi.so using class loader ns clns-6 (caller=/data/app/~~CE0-sCtFhrSbidlWI4Chew==/com.gtaxi.rider-fDKpF2vT40y69aCJgaRauQ==/base.apk!classes3.dex): ok
05-07 06:12:58.412  1285  1315 V WindowManagerShell: Track 0 became idle
05-07 06:12:58.412  1285  1315 V WindowManagerShell: All active transition animations finished
05-07 06:12:58.417  5192  5192 D nativeloader: Load /data/app/~~CE0-sCtFhrSbidlWI4Chew==/com.gtaxi.rider-fDKpF2vT40y69aCJgaRauQ==/base.apk!/lib/arm64-v8a/libfbjni.so using class loader ns clns-6 (caller=/data/app/~~CE0-sCtFhrSbidlWI4Chew==/com.gtaxi.rider-fDKpF2vT40y69aCJgaRauQ==/base.apk!classes3.dex): ok
05-07 06:12:58.419  5192  5192 D nativeloader: Load /data/app/~~CE0-sCtFhrSbidlWI4Chew==/com.gtaxi.rider-fDKpF2vT40y69aCJgaRauQ==/base.apk!/lib/arm64-v8a/libhermes.so using class loader ns clns-6 (caller=/data/app/~~CE0-sCtFhrSbidlWI4Chew==/com.gtaxi.rider-fDKpF2vT40y69aCJgaRauQ==/base.apk!classes3.dex): ok
05-07 06:12:58.422   635   635 I Layer   : fillInputInfo layer:com.android.launcher3/com.android.searchlauncher.SearchLauncher#1886, visible=0 (hasInputInfo:1, isHidden:1, alpha:1.000000, parent:4ee602 com.android.launcher3/com.android.searchlauncher.SearchLauncher#125,parenthidden:1, parentalpha:1.000000, mBuffer:1, mSidebandStream:0,hasSomethingToDraw:1, hasEffect:0, fillsColor:0, drawShadows:0, hasBlur:0)
05-07 06:12:58.422   635   635 I Layer   : fillInputInfo layer:533bcbe ActivityRecordInputSink com.android.launcher3/com.android.searchlauncher.SearchLauncher#134, visible=0 (hasInputInfo:1, isHidden:1, alpha:1.000000, parent:ActivityRecord{37d711f u0 com.android.launcher3/com.android.searchlauncher.SearchLauncher#124,parenthidden:1, parentalpha:1.000000, mBuffer:0, mSidebandStream:0,hasSomethingToDraw:0, hasEffect:0, fillsColor:0, drawShadows:0, hasBlur:0)
05-07 06:12:58.423 12948 13106 D mali_gralloc: unregister: id=2410000063a, handle=0xb4000071cb6574b0, base=0x0, importpid=12948, count:0
05-07 06:12:58.424   578  2224 D mali_gralloc: unregister: id=2410000063c, handle=0xb40000734894ae90, base=0x0, importpid=578, count:0
05-07 06:12:58.424   578  2224 D mali_gralloc: unregister: id=2410000063b, handle=0xb40000734894b1f0, base=0x0, importpid=578, count:0
05-07 06:12:58.424 12948 13106 D mali_gralloc: unregister: id=24100000639, handle=0xb4000071cb68a570, base=0x0, importpid=12948, count:0
05-07 06:12:58.425   578  2224 D mali_gralloc: unregister: id=2410000063d, handle=0xb400007348949a50, base=0x0, importpid=578, count:0
05-07 06:12:58.428  1642  2700 D mali_gralloc: unregister: id=2410000063b, handle=0xb4000071cb6ad910, base=0x0, importpid=1642, count:0
05-07 06:12:58.429  1642  2700 D mali_gralloc: unregister: id=2410000063d, handle=0xb4000071cb6588f0, base=0x0, importpid=1642, count:0
05-07 06:12:58.429   635   684 D mali_gralloc: unregister: id=2410000063b, handle=0xb400006f0f1a58b0, base=0x0, importpid=635, count:0
05-07 06:12:58.436 12948 12948 D mali_gralloc: unregister: id=24100000638, handle=0xb4000071cb648e10, base=0x0, importpid=12948, count:0
05-07 06:12:58.438   635   635 I Layer   : fillInputInfo layer:Wallpaper BBQ wrapper#67, visible=0 (hasInputInfo:1, isHidden:1, alpha:1.000000, parent:com.android.systemui.wallpapers.ImageWallpaper#66,parenthidden:1, parentalpha:1.000000, mBuffer:1, mSidebandStream:0,hasSomethingToDraw:1, hasEffect:0, fillsColor:0, drawShadows:0, hasBlur:0)
05-07 06:12:58.439   635   635 I Layer   : fillInputInfo layer:com.android.systemui.wallpapers.ImageWallpaper#66, visible=0 (hasInputInfo:1, isHidden:1, alpha:1.000000, parent:379f0c2 com.android.systemui.wallpapers.ImageWallpaper#65,parenthidden:0, parentalpha:1.000000, mBuffer:0, mSidebandStream:0,hasSomethingToDraw:0, hasEffect:0, fillsColor:0, drawShadows:0, hasBlur:0)
05-07 06:12:58.440   578  2224 D mali_gralloc: unregister: id=2410000060d, handle=0xb40000734894e010, base=0x0, importpid=578, count:0
05-07 06:12:58.440  5192  5192 D nativeloader: Load /data/app/~~CE0-sCtFhrSbidlWI4Chew==/com.gtaxi.rider-fDKpF2vT40y69aCJgaRauQ==/base.apk!/lib/arm64-v8a/libreactnative.so using class loader ns clns-6 (caller=/data/app/~~CE0-sCtFhrSbidlWI4Chew==/com.gtaxi.rider-fDKpF2vT40y69aCJgaRauQ==/base.apk!classes3.dex): ok
05-07 06:12:58.440  5192  5192 D jni_lib_merge: Entering merged library JNI_OnLoad.
05-07 06:12:58.440  5192  5192 D jni_lib_merge: Preparing 12 pre-merged libs (including stub)
05-07 06:12:58.440  5192  5192 D jni_lib_merge: Preparing to register libfabricjni_so.  onload_func: 0x70620e82c0
05-07 06:12:58.440  5192  5192 D jni_lib_merge: Preparing to register libmapbufferjni_so.  onload_func: 0x7062133588
05-07 06:12:58.440  5192  5192 D jni_lib_merge: Preparing to register libreact_devsupportjni_so.  onload_func: 0x70621aabf0
05-07 06:12:58.440  5192  5192 D jni_lib_merge: Preparing to register libreact_featureflagsjni_so.  onload_func: 0x70621b1b40
05-07 06:12:58.440  5192  5192 D jni_lib_merge: Preparing to register libreact_newarchdefaults_so.  onload_func: 0x70621d4e0c
05-07 06:12:58.440  5192  5192 D jni_lib_merge: Preparing to register libreactnativeblob_so.  onload_func: 0x706225d200
05-07 06:12:58.440  5192  5192 D jni_lib_merge: Preparing to register libreactnativejni_so.  onload_func: 0x706227bb48
05-07 06:12:58.440  5192  5192 D jni_lib_merge: Preparing to register librninstance_so.  onload_func: 0x7062295d4c
05-07 06:12:58.440  5192  5192 D jni_lib_merge: Preparing to register libturbomodulejsijni_so.  onload_func: 0x70622f50a0
05-07 06:12:58.440  5192  5192 D jni_lib_merge: Preparing to register libuimanagerjni_so.  onload_func: 0x70622fc918
05-07 06:12:58.440  5192  5192 D jni_lib_merge: Preparing to register libyoga_so.  onload_func: 0x7062301bc8
05-07 06:12:58.440  5192  5192 D jni_lib_merge: About to register 11 actual methods.
05-07 06:12:58.440  1642  1642 D mali_gralloc: unregister: id=2410000063c, handle=0xb4000071cb65fbb0, base=0x0, importpid=1642, count:0
05-07 06:12:58.443  5192  5192 D nativeloader: Load /data/app/~~CE0-sCtFhrSbidlWI4Chew==/com.gtaxi.rider-fDKpF2vT40y69aCJgaRauQ==/base.apk!/lib/arm64-v8a/libhermestooling.so using class loader ns clns-6 (caller=/data/app/~~CE0-sCtFhrSbidlWI4Chew==/com.gtaxi.rider-fDKpF2vT40y69aCJgaRauQ==/base.apk!classes3.dex): ok
05-07 06:12:58.443  5192  5192 D jni_lib_merge: Entering merged library JNI_OnLoad.
05-07 06:12:58.443  5192  5192 D jni_lib_merge: Preparing 4 pre-merged libs (including stub)
05-07 06:12:58.443  5192  5192 D jni_lib_merge: Preparing to register libhermes_executor_so.  onload_func: 0x714d067780
05-07 06:12:58.443  5192  5192 D jni_lib_merge: Preparing to register libhermesinstancejni_so.  onload_func: 0x714d06e178
05-07 06:12:58.443  5192  5192 D jni_lib_merge: Preparing to register libjsijniprofiler_so.  onload_func: 0x714d06e834
05-07 06:12:58.443  5192  5192 D jni_lib_merge: About to register 3 actual methods.
05-07 06:12:58.444  5192  5192 W SoLoader: SoLoader already initialized
05-07 06:12:58.470   603   603 D PowerHAL: Enter getSceneIdByName: sceneName:com.gtaxi.rider
05-07 06:12:58.470   603   603 D PowerHAL: Enter getSceneIdByName: sceneName:PACKAGE
05-07 06:12:58.472  5192  5192 D CompatibilityChangeReporter: Compat change id reported: 237531167; UID 10248; state: DISABLED
05-07 06:12:58.474  5192  5192 W OpenGLRenderer: Unknown dataspace 0
05-07 06:12:58.491   635   684 D mali_gralloc: unregister: id=2410000063d, handle=0xb400006f0f19f490, base=0x0, importpid=635, count:0
05-07 06:12:58.495   988  2193 D CoreBackPreview: Window{4d5dcab u0 com.gtaxi.rider/com.gtaxi.rider.MainActivity}, [type=1]*noSurface: Setting back callback OnBackInvokedCallbackInfo{mCallback=android.window.IOnBackInvokedCallback$Stub$Proxy@fc5c0c6, mPriority=0, mIsAnimationCallback=false}
05-07 06:12:58.505   988  2193 I WindowManager: Input focus has changed to Window{4d5dcab u0 com.gtaxi.rider/com.gtaxi.rider.MainActivity}, [type=1]-[Surface(name=*Title#1907)/@0x7139887, shown=false, alpha=0.0, windowType=1] from 4ee602 com.android.launcher3/com.android.searchlauncher.SearchLauncher mDisplayId 0 updateInputWindows true
05-07 06:12:58.506   988  2193 D UnisocDisplayJamMonitorImpl: Switch focus to Window{4d5dcab u0 com.gtaxi.rider/com.gtaxi.rider.MainActivity}, [type=1]-[Surface(name=*Title#1907)/@0x7139887, shown=false, alpha=0.0, windowType=1] on APP(ActivityRecord{bad1bad u0 com.gtaxi.rider/.MainActivity t274 d0}) from null, newWindowHandle = 4d5dcab com.gtaxi.rider/com.gtaxi.rider.MainActivity, frame=[0,0,0,0], touchableRegion=SkRegion(), scaleFactor=0.0, transform=null, windowToken=null, displayId=0, isClone=false, packageName=com.gtaxi.rider, ownerPid=5192, touchableRegionSurfaceControl=java.lang.ref.WeakReference@a22e720, replaceTouchableRegionWithCrop=false, changed=true mGlobalScale=1.0 mCompatScale=1.0 mInvGlobalScale=1.0
05-07 06:12:58.514   635  1693 W ServiceManagerCppClient: Permission failure: android.permission.ROTATE_SURFACE_FLINGER from uid=10248 pid=0
05-07 06:12:58.514   635  1693 D PermissionCache: checking android.permission.ROTATE_SURFACE_FLINGER for uid=10248 => denied (652 us)
05-07 06:12:58.514   635  1693 W ServiceManagerCppClient: Permission failure: android.permission.INTERNAL_SYSTEM_WINDOW from uid=10248 pid=0
05-07 06:12:58.514   635  1343 W ServiceManagerCppClient: Permission failure: android.permission.INTERNAL_SYSTEM_WINDOW from uid=10248 pid=5192
05-07 06:12:58.514   635  1343 D PermissionCache: checking android.permission.INTERNAL_SYSTEM_WINDOW for uid=10248 => denied (417 us)
05-07 06:12:58.514   635  1693 D PermissionCache: checking android.permission.INTERNAL_SYSTEM_WINDOW for uid=10248 => denied (524 us)
05-07 06:12:58.515   635  1693 W ServiceManagerCppClient: Permission failure: android.permission.ACCESS_SURFACE_FLINGER from uid=10248 pid=0
05-07 06:12:58.515   635  1343 W ServiceManagerCppClient: Permission failure: android.permission.ACCESS_SURFACE_FLINGER from uid=10248 pid=5192
05-07 06:12:58.515   635  1343 D PermissionCache: checking android.permission.ACCESS_SURFACE_FLINGER for uid=10248 => denied (291 us)
05-07 06:12:58.515   635  1693 D PermissionCache: checking android.permission.ACCESS_SURFACE_FLINGER for uid=10248 => denied (287 us)
05-07 06:12:58.525   577   577 I mali_gralloc: allocate: id=24100000646, hal_format=RGBA8888, mali_format=RGBA8888, afbc=SPLIT, usage=GPU_RW|HWC, size=800x1280(4160512), stride=800, name=VRI[MainActivity]#0(BLAST Consumer)0
05-07 06:12:58.526  5192  5242 D mali_gralloc: register: id=24100000646, handle=0xb4000071cb632f10, importpid=-1, gRegisteredHandles=0
05-07 06:12:58.527   577   577 I mali_gralloc: allocate: id=24100000647, hal_format=RGBA8888, mali_format=RGBA8888, afbc=SPLIT, usage=GPU_RW|HWC, size=800x1280(4160512), stride=800, name=VRI[MainActivity]#0(BLAST Consumer)0
05-07 06:12:58.528  5192  5242 D mali_gralloc: register: id=24100000647, handle=0xb4000071cb631410, importpid=-1, gRegisteredHandles=1
05-07 06:12:58.528   577   577 I mali_gralloc: allocate: id=24100000648, hal_format=RGBA8888, mali_format=RGBA8888, afbc=SPLIT, usage=GPU_RW|HWC, size=800x1280(4160512), stride=800, name=VRI[MainActivity]#0(BLAST Consumer)0
05-07 06:12:58.529  5192  5242 D mali_gralloc: register: id=24100000648, handle=0xb4000071cb630210, importpid=-1, gRegisteredHandles=2
05-07 06:12:58.589   635  1693 D mali_gralloc: register: id=24100000646, handle=0xb400006f0f19f490, importpid=5192, gRegisteredHandles=13
05-07 06:12:58.591   988  1313 W ServiceManagerCppClient: Permission failure: android.permission.ROTATE_SURFACE_FLINGER from uid=10248 pid=0
05-07 06:12:58.591   988  1313 D PermissionCache: checking android.permission.ROTATE_SURFACE_FLINGER for uid=10248 => denied (311 us)
05-07 06:12:58.591   988  1313 W ServiceManagerCppClient: Permission failure: android.permission.INTERNAL_SYSTEM_WINDOW from uid=10248 pid=0
05-07 06:12:58.591   988  1313 D PermissionCache: checking android.permission.INTERNAL_SYSTEM_WINDOW for uid=10248 => denied (91 us)
05-07 06:12:58.591   988  1313 W ServiceManagerCppClient: Permission failure: android.permission.ACCESS_SURFACE_FLINGER from uid=10248 pid=0
05-07 06:12:58.591   988  1313 D PermissionCache: checking android.permission.ACCESS_SURFACE_FLINGER for uid=10248 => denied (63 us)
05-07 06:12:58.600   603   603 D PowerHAL: enter power::setMode
05-07 06:12:58.600   603   603 D PowerHAL: PowerSessionManager::updateHintMode: mode: LAUNCH, enabled: 0
05-07 06:12:58.600   603   603 D PowerHAL: PowerSessionManager::updateHintMode resValue = 0
05-07 06:12:58.600   603   603 D PowerHAL: ###Exit launch scene bgn###
05-07 06:12:58.600   603   603 D PowerHAL: Enter common_set: enable:0, duration: 0, /sys/devices/system/cpu/cpufreq/policy0/scaling_min_freq: 1820000
05-07 06:12:58.600   603   603 D PowerHAL: Enter set_cluster_freqs_max_min: 
05-07 06:12:58.600   603   603 D PowerHAL: Enter common_clear: 
05-07 06:12:58.600   988  1018 I ActivityTaskManager: Displayed com.gtaxi.rider/.MainActivity for user 0: +519ms
05-07 06:12:58.600   603   603 D PowerHAL: Enter common_set: enable:0, duration: 0, /sys/devices/system/cpu/cpufreq/policy0/scaling_max_freq: 1820000
05-07 06:12:58.600   603   603 D PowerHAL: Enter set_cluster_freqs_max_min: 
05-07 06:12:58.600   603   603 D PowerHAL: Enter common_clear: 
05-07 06:12:58.600   603   603 D PowerHAL: Enter common_set: enable:0, duration: 0, /sys/devices/system/cpu/cpufreq/policy6/scaling_min_freq: 2028000
05-07 06:12:58.600   603   603 D PowerHAL: Enter set_cluster_freqs_max_min: 
05-07 06:12:58.600   603   603 D PowerHAL: Enter common_clear: 
05-07 06:12:58.600   603   603 D PowerHAL: Enter common_set: enable:0, duration: 0, /sys/devices/system/cpu/cpufreq/policy6/scaling_max_freq: 2028000
05-07 06:12:58.600   603   603 D PowerHAL: Enter set_cluster_freqs_max_min: 
05-07 06:12:58.600   603   603 D PowerHAL: Enter common_clear: 
05-07 06:12:58.600   603   603 D PowerHAL: Enter devfreq_ddr_set: enable:0, duration: 0, /sys/class/devfreq/scene-frequency/sprd-governor/scene_boost_dfs: max
05-07 06:12:58.601   603   603 D PowerHAL: ###Exit launch scene end###
05-07 06:12:58.604  1642  1642 D UNISOC-LAUNCHER3: StateManager, goToState from_state = Normal, to_state =Normal, animated? false, listener=null, callers = com.android.launcher3.statemanager.StateManager.goToState:154 com.android.launcher3.statemanager.StateManager.moveToRestState:419 com.android.launcher3.statemanager.StateManager.moveToRestState:410 com.android.launcher3.statemanager.StatefulActivity.onStop:152 com.android.launcher3.Launcher.onStop:1136 android.app.Instrumentation.callActivityOnStop:1623 
05-07 06:12:58.605   635   635 I Layer   : fillInputInfo layer:com.gtaxi.rider/com.gtaxi.rider.MainActivity#1907, visible=1 (hasInputInfo:1, isHidden:0, alpha:1.000000, parent:4d5dcab com.gtaxi.rider/com.gtaxi.rider.MainActivity#1906,parenthidden:0, parentalpha:1.000000, mBuffer:1, mSidebandStream:0,hasSomethingToDraw:1, hasEffect:0, fillsColor:0, drawShadows:0, hasBlur:0)
05-07 06:12:58.606  4893  4899 W droid.apps.docs: userfaultfd: MOVE ioctl seems unsupported: Connection timed out
05-07 06:12:58.606   578  2224 D SPRDHWComposer: HWC Range:1, HWC_Transfer:4
05-07 06:12:58.606   988  2193 I ActivityManager: Killing 4228:com.google.android.apps.nbu.files/u0a115 (adj 945): empty #17
05-07 06:12:58.606   578  2224 D mali_gralloc: register: id=24100000646, handle=0xb40000734894e010, importpid=635, gRegisteredHandles=12
05-07 06:12:58.611  1642  1689 I ImeTracker: com.android.launcher3:354ce368: onRequestHide at ORIGIN_CLIENT_HIDE_SOFT_INPUT reason HIDE_SOFT_INPUT
05-07 06:12:58.612   988  2193 I ImeTracker: com.android.launcher3:354ce368: onCancelled at PHASE_SERVER_SHOULD_HIDE
05-07 06:12:58.614 12948 12948 I bxmb    : onStop
05-07 06:12:58.614   988  1045 I libprocessgroup: Successfully killed process cgroup uid 10115 pid 4228 in 5ms
05-07 06:12:58.615   988  2193 D CompatibilityChangeReporter: Compat change id reported: 214016041; UID 10248; state: ENABLED
05-07 06:12:58.615   988  2193 I ImeTracker: com.gtaxi.rider:d066ebb5: onRequestHide at ORIGIN_SERVER_HIDE_INPUT reason HIDE_UNSPECIFIED_WINDOW
05-07 06:12:58.615   988  2193 I ImeTracker: com.gtaxi.rider:d066ebb5: onCancelled at PHASE_SERVER_SHOULD_HIDE
05-07 06:12:58.616   635  1343 D mali_gralloc: register: id=24100000644, handle=0xb400006f0f191b70, importpid=1285, gRegisteredHandles=14
05-07 06:12:58.621   578  2224 D mali_gralloc: register: id=24100000644, handle=0xb400007348949a50, importpid=635, gRegisteredHandles=13
05-07 06:12:58.627  1285  1709 D BLASTBufferQueue: [VRI[rider]#130](f:0,a:2) PendingRelease=1, PendingBuffersToHold=0, SyncedFrameNumbers=0, lacfnr:2, lapfnr:2
05-07 06:12:58.627   988  2193 I ActivityTaskManager: checkReadyForSleepLocked int true
05-07 06:12:58.628   635  1693 D mali_gralloc: register: id=24100000643, handle=0xb400006f0f1a6cf0, importpid=1285, gRegisteredHandles=15
05-07 06:12:58.629  4419  4419 I GoogleInputMethodService: GoogleInputMethodService.onFinishInput():2259 
05-07 06:12:58.631  4419  4419 I Module  : DeviceLockedStatusModuleProvider$Module.updateDeviceLockedStatus():103 repeatCheckTimes = 0, locked = false
05-07 06:12:58.631  4419  4419 I GoogleInputMethodService: GoogleInputMethodService.onStartInput():1446 onStartInput(EditorInfo{EditorInfo{packageName=com.gtaxi.rider, inputType=0, inputTypeString=NULL, enableLearning=false, autoCorrection=false, autoComplete=false, imeOptions=0, privateImeOptions=null, actionName=UNSPECIFIED, actionLabel=null, initialSelStart=-1, initialSelEnd=-1, initialCapsMode=0, label=null, fieldId=0, fieldName=null, extras=null, hintText=null, hintLocales=[]}}, false)
05-07 06:12:58.631  4419  4419 W AndroidIME: LatinIMEBase.updateInputViewCoverNavigation():327 Null input view, cannot update padding!
05-07 06:12:58.632  4419  4419 I Module  : DeviceLockedStatusModuleProvider$Module.updateDeviceLockedStatus():103 repeatCheckTimes = 1, locked = false
05-07 06:12:58.633   988  2193 W PackageConfigPersister: App-specific configuration not found for packageName: com.gtaxi.rider and userId: 0
05-07 06:12:58.639   578  2224 D mali_gralloc: register: id=24100000643, handle=0xb40000734894b1f0, importpid=635, gRegisteredHandles=14
05-07 06:12:58.642  1285  1437 D BLASTBufferQueue: [VRI[rider]#130](f:0,a:3) PendingRelease=1, PendingBuffersToHold=0, SyncedFrameNumbers=0, lacfnr:4, lapfnr:4
05-07 06:12:58.655   635   684 D mali_gralloc: unregister: id=2410000063c, handle=0xb400006f0f19d3f0, base=0x0, importpid=635, count:0
05-07 06:12:58.660  1285  1437 D BLASTBufferQueue: [VRI[rider]#130](f:0,a:3) PendingRelease=1, PendingBuffersToHold=0, SyncedFrameNumbers=0, lacfnr:5, lapfnr:5
05-07 06:12:58.668   561   561 I Zygote  : Process 4228 exited due to signal 9 (Killed)
05-07 06:12:58.669   988  1019 D DisplayManagerService: Drop pending events for gone uid 10115
05-07 06:12:58.673  1285  1437 D BLASTBufferQueue: [VRI[rider]#130](f:0,a:3) PendingRelease=1, PendingBuffersToHold=0, SyncedFrameNumbers=0, lacfnr:6, lapfnr:6
05-07 06:12:58.691  1285  1437 D BLASTBufferQueue: [VRI[rider]#130](f:0,a:3) PendingRelease=1, PendingBuffersToHold=0, SyncedFrameNumbers=0, lacfnr:7, lapfnr:7
05-07 06:12:58.695   635   684 D mali_gralloc: unregister: id=24100000638, handle=0xb400006f0f1a23d0, base=0x0, importpid=635, count:0
05-07 06:12:58.708  1285  1437 D BLASTBufferQueue: [VRI[rider]#130](f:0,a:3) PendingRelease=1, PendingBuffersToHold=0, SyncedFrameNumbers=0, lacfnr:8, lapfnr:8
05-07 06:12:58.714  5192  5236 I ExpoModulesCore: ✅ AppContext was initialized
05-07 06:12:58.724  1285  1437 D BLASTBufferQueue: [VRI[rider]#130](f:0,a:3) PendingRelease=1, PendingBuffersToHold=0, SyncedFrameNumbers=0, lacfnr:9, lapfnr:9
05-07 06:12:58.741  1285  1437 D BLASTBufferQueue: [VRI[rider]#130](f:0,a:3) PendingRelease=1, PendingBuffersToHold=0, SyncedFrameNumbers=0, lacfnr:10, lapfnr:10
05-07 06:12:58.758  1285  1437 D BLASTBufferQueue: [VRI[rider]#130](f:0,a:3) PendingRelease=1, PendingBuffersToHold=0, SyncedFrameNumbers=0, lacfnr:11, lapfnr:11
05-07 06:12:58.766  5192  5250 W Glide   : Failed to find GeneratedAppGlideModule. You should include an annotationProcessor compile dependency on com.github.bumptech.glide:compiler in your application and a @GlideModule annotated AppGlideModule implementation or LibraryGlideModules will be silently ignored
05-07 06:12:58.774  1285  1437 D BLASTBufferQueue: [VRI[rider]#130](f:0,a:2) PendingRelease=1, PendingBuffersToHold=0, SyncedFrameNumbers=0, lacfnr:11, lapfnr:11
05-07 06:12:58.775  1285  1375 D mali_gralloc: unregister: id=24100000642, handle=0xb4000071cb6ad7f0, base=0x0, importpid=1285, count:0
05-07 06:12:58.776  1285  1375 D mali_gralloc: unregister: id=24100000643, handle=0xb4000071cb6d9050, base=0x0, importpid=1285, count:0
05-07 06:12:58.777   988  2193 D ConnectivityService: requestNetwork for uid/pid:10248/5192 activeRequest: null callbackRequest: 1001 [NetworkRequest [ REQUEST id=1002, [ Capabilities: INTERNET&NOT_RESTRICTED&TRUSTED&NOT_VCN_MANAGED Uid: 10248 RequestorUid: 10248 RequestorPkg: com.gtaxi.rider UnderlyingNetworks: Null] ]] callback flags: 0 order: 2147483647 isUidTracked: false declaredMethods: AVAIL|LOST
05-07 06:12:58.779   988  1178 D ConnectivityService: NetReassign [1002 : null → 100] [c 0] [a 1] [i 0]
05-07 06:12:58.779   988  1168 D WifiNetworkFactory: got request NetworkRequest [ REQUEST id=1002, [ Capabilities: INTERNET&NOT_RESTRICTED&TRUSTED&NOT_VCN_MANAGED Uid: 10248 RequestorUid: 10248 RequestorPkg: com.gtaxi.rider UnderlyingNetworks: Null] ]
05-07 06:12:58.779   988  1168 D UntrustedWifiNetworkFactory: got request NetworkRequest [ REQUEST id=1002, [ Capabilities: INTERNET&NOT_RESTRICTED&TRUSTED&NOT_VCN_MANAGED Uid: 10248 RequestorUid: 10248 RequestorPkg: com.gtaxi.rider UnderlyingNetworks: Null] ]
05-07 06:12:58.779   988  1168 D OemPaidWifiNetworkFactory: got request NetworkRequest [ REQUEST id=1002, [ Capabilities: INTERNET&NOT_RESTRICTED&TRUSTED&NOT_VCN_MANAGED Uid: 10248 RequestorUid: 10248 RequestorPkg: com.gtaxi.rider UnderlyingNetworks: Null] ]
05-07 06:12:58.780   988  1168 D MultiInternetWifiNetworkFactory: got request NetworkRequest [ REQUEST id=1002, [ Capabilities: INTERNET&NOT_RESTRICTED&TRUSTED&NOT_VCN_MANAGED Uid: 10248 RequestorUid: 10248 RequestorPkg: com.gtaxi.rider UnderlyingNetworks: Null] ]
05-07 06:12:58.784  1285  1332 D mali_gralloc: unregister: id=24100000644, handle=0xb4000071cb644f10, base=0x0, importpid=1285, count:0
05-07 06:12:58.784  1285  1332 W WindowOnBackDispatcher: sendCancelIfRunning: isInProgress=falsecallback=android.view.ViewRootImpl$$ExternalSyntheticLambda17@ede3ca9
05-07 06:12:58.785   988  1007 D CoreBackPreview: Window{3589fd5 u0 Splash Screen com.gtaxi.rider EXITING}, [type=3]-[Surface(name=*Title#1901)/@0x50e9578, shown=false, alpha=0.0, windowType=3]: Setting back callback null
05-07 06:12:58.786   988  2634 W InputManager-JNI: Input channel object '3589fd5 Splash Screen com.gtaxi.rider (client)' was disposed without first being removed with the input manager!
05-07 06:12:58.788   635   635 D mali_gralloc: unregister: id=24100000642, handle=0xb400006f0f1ab850, base=0x0, importpid=635, count:0
05-07 06:12:58.789  5192  5250 W unknown:ViewManagerPropertyUpdater: Could not find generated setter for class com.facebook.react.views.drawer.ReactDrawerLayoutManager
05-07 06:12:58.789   578  2224 D mali_gralloc: register: id=24100000644, handle=0xb40000734894ae90, importpid=635, gRegisteredHandles=15
05-07 06:12:58.789   578  2224 D mali_gralloc: unregister: id=24100000644, handle=0xb400007348949a50, base=0x0, importpid=578, count:1
05-07 06:12:58.791   635   684 D mali_gralloc: unregister: id=24100000643, handle=0xb400006f0f1a6cf0, base=0x0, importpid=635, count:0
05-07 06:12:58.792  5192  5250 W unknown:ViewManagerPropertyUpdater: Could not find generated setter for class com.facebook.react.uimanager.LayoutShadowNode
05-07 06:12:58.794  5192  5250 W unknown:ViewManagerPropertyUpdater: Could not find generated setter for class com.facebook.react.views.scroll.ReactHorizontalScrollViewManager
05-07 06:12:58.796  5192  5250 W unknown:ViewManagerPropertyUpdater: Could not find generated setter for class com.facebook.react.views.scroll.ReactHorizontalScrollContainerViewManager
05-07 06:12:58.798  5192  5250 W unknown:ViewManagerPropertyUpdater: Could not find generated setter for class com.facebook.react.views.progressbar.ReactProgressBarViewManager
05-07 06:12:58.799  5192  5250 W unknown:ViewManagerPropertyUpdater: Could not find generated setter for class com.facebook.react.views.progressbar.ProgressBarShadowNode
05-07 06:12:58.800  5192  5250 W unknown:ViewManagerPropertyUpdater: Could not find generated setter for class com.facebook.react.views.scroll.ReactScrollViewManager
05-07 06:12:58.802  5192  5250 W unknown:ViewManagerPropertyUpdater: Could not find generated setter for class com.facebook.react.views.switchview.ReactSwitchManager
05-07 06:12:58.820  5192  5250 W unknown:ViewManagerPropertyUpdater: Could not find generated setter for class com.facebook.react.views.switchview.ReactSwitchManager$ReactSwitchShadowNode
05-07 06:12:58.820  5192  5250 W unknown:ViewManagerPropertyUpdater: Could not find generated setter for class com.facebook.react.views.safeareaview.ReactSafeAreaViewManager
05-07 06:12:58.821  5192  5250 W unknown:ViewManagerPropertyUpdater: Could not find generated setter for class com.facebook.react.views.safeareaview.ReactSafeAreaViewShadowNode
05-07 06:12:58.821  5192  5250 W unknown:ViewManagerPropertyUpdater: Could not find generated setter for class com.facebook.react.views.swiperefresh.SwipeRefreshLayoutManager
05-07 06:12:58.823  5192  5250 W unknown:ViewManagerPropertyUpdater: Could not find generated setter for class com.facebook.react.views.text.frescosupport.FrescoBasedReactTextInlineImageViewManager
05-07 06:12:58.824  5192  5250 W unknown:ViewManagerPropertyUpdater: Could not find generated setter for class com.facebook.react.views.text.frescosupport.FrescoBasedReactTextInlineImageShadowNode
05-07 06:12:58.825  5192  5250 W unknown:ViewManagerPropertyUpdater: Could not find generated setter for class com.facebook.react.views.image.ReactImageManager
05-07 06:12:58.827  5192  5250 W unknown:ViewManagerPropertyUpdater: Could not find generated setter for class com.facebook.react.views.modal.ReactModalHostManager
05-07 06:12:58.828  5192  5250 W unknown:ViewManagerPropertyUpdater: Could not find generated setter for class com.facebook.react.views.text.ReactRawTextManager
05-07 06:12:58.829  5192  5250 W unknown:ViewManagerPropertyUpdater: Could not find generated setter for class com.facebook.react.views.text.ReactRawTextShadowNode
05-07 06:12:58.830  5192  5250 W unknown:ViewManagerPropertyUpdater: Could not find generated setter for class com.facebook.react.views.textinput.ReactTextInputManager
05-07 06:12:58.832  5192  5250 W unknown:ViewManagerPropertyUpdater: Could not find generated setter for class com.facebook.react.views.textinput.ReactTextInputShadowNode
05-07 06:12:58.834  5192  5250 W unknown:ViewManagerPropertyUpdater: Could not find generated setter for class com.facebook.react.views.text.ReactTextViewManager
05-07 06:12:58.834  5192  5250 W unknown:ViewManagerPropertyUpdater: Could not find generated setter for class com.facebook.react.views.text.ReactTextShadowNode
05-07 06:12:58.835  1285  1332 W FrameTracker: Missing HWUI jank callback for vsyncId: 386648, CUJ=J<SPLASHSCREEN_EXIT_ANIM>
05-07 06:12:58.835  1285  1332 W FrameTracker: Missing SF jank callback for vsyncId: 386655, CUJ=J<SPLASHSCREEN_EXIT_ANIM>
05-07 06:12:58.835  5192  5250 W unknown:ViewManagerPropertyUpdater: Could not find generated setter for class com.facebook.react.views.view.ReactViewManager
05-07 06:12:58.836  5192  5250 W unknown:ViewManagerPropertyUpdater: Could not find generated setter for class com.facebook.react.views.text.ReactVirtualTextViewManager
05-07 06:12:58.836  5192  5250 W unknown:ViewManagerPropertyUpdater: Could not find generated setter for class com.facebook.react.views.text.ReactVirtualTextShadowNode
05-07 06:12:58.836  5192  5250 W unknown:ViewManagerPropertyUpdater: Could not find generated setter for class com.facebook.react.views.unimplementedview.ReactUnimplementedViewManager
05-07 06:12:58.838  5192  5250 W unknown:ViewManagerPropertyUpdater: Could not find generated setter for class com.reactnativecommunity.slider.ReactSliderManager
05-07 06:12:58.839  5192  5250 W unknown:ViewManagerPropertyUpdater: Could not find generated setter for class com.reactnativecommunity.slider.ReactSliderManager$ReactSliderShadowNode
05-07 06:12:58.839  5192  5250 W unknown:ViewManagerPropertyUpdater: Could not find generated setter for class io.sentry.react.RNSentryOnDrawReporterManager
05-07 06:12:58.840  5192  5250 W unknown:ViewManagerPropertyUpdater: Could not find generated setter for class io.sentry.react.replay.RNSentryReplayMaskManager
05-07 06:12:58.841  5192  5250 W unknown:ViewManagerPropertyUpdater: Could not find generated setter for class io.sentry.react.replay.RNSentryReplayUnmaskManager
05-07 06:12:58.841  5192  5250 W unknown:ViewManagerPropertyUpdater: Could not find generated setter for class com.reactnativestripesdk.CardFieldViewManager
05-07 06:12:58.842  5192  5250 W unknown:ViewManagerPropertyUpdater: Could not find generated setter for class com.reactnativestripesdk.AuBECSDebitFormViewManager
05-07 06:12:58.843  5192  5250 W unknown:ViewManagerPropertyUpdater: Could not find generated setter for class com.reactnativestripesdk.StripeContainerManager
05-07 06:12:58.844  5192  5250 W unknown:ViewManagerPropertyUpdater: Could not find generated setter for class com.reactnativestripesdk.CardFormViewManager
05-07 06:12:58.845  5192  5250 W unknown:ViewManagerPropertyUpdater: Could not find generated setter for class com.reactnativestripesdk.GooglePayButtonManager
05-07 06:12:58.846  5192  5250 W unknown:ViewManagerPropertyUpdater: Could not find generated setter for class com.reactnativestripesdk.pushprovisioning.AddToWalletButtonManager
05-07 06:12:58.847  5192  5250 W unknown:ViewManagerPropertyUpdater: Could not find generated setter for class com.reactnativestripesdk.addresssheet.AddressSheetViewManager
05-07 06:12:58.848  5192  5250 W unknown:ViewManagerPropertyUpdater: Could not find generated setter for class expo.modules.kotlin.views.GroupViewManagerWrapper
05-07 06:12:58.850  5192  5250 W unknown:ViewManagerPropertyUpdater: Could not find generated setter for class expo.modules.kotlin.views.SimpleViewManagerWrapper
05-07 06:12:58.851  5192  5250 W unknown:ViewManagerPropertyUpdater: Could not find generated setter for class com.airbnb.android.react.lottie.LottieAnimationViewManager
05-07 06:12:58.852  5192  5250 W unknown:ViewManagerPropertyUpdater: Could not find generated setter for class com.swmansion.gesturehandler.react.RNGestureHandlerRootViewManager
05-07 06:12:58.853  5192  5250 W unknown:ViewManagerPropertyUpdater: Could not find generated setter for class com.swmansion.gesturehandler.react.RNGestureHandlerButtonViewManager
05-07 06:12:58.855  5192  5250 W unknown:ViewManagerPropertyUpdater: Could not find generated setter for class com.rnmaps.maps.MapManager
05-07 06:12:58.857  5192  5250 W unknown:ViewManagerPropertyUpdater: Could not find generated setter for class com.rnmaps.maps.MapMarkerManager
05-07 06:12:58.858  5192  5250 W unknown:ViewManagerPropertyUpdater: Could not find generated setter for class com.rnmaps.maps.MapCalloutManager
05-07 06:12:58.859  5192  5250 W unknown:ViewManagerPropertyUpdater: Could not find generated setter for class com.rnmaps.maps.MapPolylineManager
05-07 06:12:58.860  5192  5250 W unknown:ViewManagerPropertyUpdater: Could not find generated setter for class com.rnmaps.maps.MapGradientPolylineManager
05-07 06:12:58.861  5192  5250 W unknown:ViewManagerPropertyUpdater: Could not find generated setter for class com.rnmaps.maps.MapPolygonManager
05-07 06:12:58.862  5192  5250 W unknown:ViewManagerPropertyUpdater: Could not find generated setter for class com.rnmaps.maps.MapCircleManager
05-07 06:12:58.863  5192  5250 W unknown:ViewManagerPropertyUpdater: Could not find generated setter for class com.rnmaps.maps.MapUrlTileManager
05-07 06:12:58.864  5192  5250 W unknown:ViewManagerPropertyUpdater: Could not find generated setter for class com.rnmaps.maps.MapWMSTileManager
05-07 06:12:58.865  5192  5250 W unknown:ViewManagerPropertyUpdater: Could not find generated setter for class com.rnmaps.maps.MapLocalTileManager
05-07 06:12:58.866  5192  5250 W unknown:ViewManagerPropertyUpdater: Could not find generated setter for class com.rnmaps.maps.MapOverlayManager
05-07 06:12:58.867  5192  5250 W unknown:ViewManagerPropertyUpdater: Could not find generated setter for class com.rnmaps.maps.MapHeatmapManager
05-07 06:12:58.868  5192  5250 W unknown:ViewManagerPropertyUpdater: Could not find generated setter for class com.th3rdwave.safeareacontext.SafeAreaProviderManager
05-07 06:12:58.869  5192  5250 W unknown:ViewManagerPropertyUpdater: Could not find generated setter for class com.th3rdwave.safeareacontext.SafeAreaViewManager
05-07 06:12:58.870  5192  5250 W unknown:ViewManagerPropertyUpdater: Could not find generated setter for class com.th3rdwave.safeareacontext.SafeAreaViewShadowNode
05-07 06:12:58.870  5192  5250 W unknown:ViewManagerPropertyUpdater: Could not find generated setter for class com.swmansion.rnscreens.ScreenContainerViewManager
05-07 06:12:58.871  5192  5250 W unknown:ViewManagerPropertyUpdater: Could not find generated setter for class com.swmansion.rnscreens.ScreenViewManager
05-07 06:12:58.873  5192  5250 W unknown:ViewManagerPropertyUpdater: Could not find generated setter for class com.swmansion.rnscreens.ModalScreenViewManager
05-07 06:12:58.874  5192  5250 W unknown:ViewManagerPropertyUpdater: Could not find generated setter for class com.swmansion.rnscreens.ScreenStackViewManager
05-07 06:12:58.875  5192  5250 W unknown:ViewManagerPropertyUpdater: Could not find generated setter for class com.swmansion.rnscreens.ScreenStackHeaderConfigViewManager
05-07 06:12:58.876  5192  5250 W unknown:ViewManagerPropertyUpdater: Could not find generated setter for class com.swmansion.rnscreens.ScreenStackHeaderSubviewManager
05-07 06:12:58.877  5192  5250 W unknown:ViewManagerPropertyUpdater: Could not find generated setter for class com.swmansion.rnscreens.SearchBarManager
05-07 06:12:58.878  5192  5250 W unknown:ViewManagerPropertyUpdater: Could not find generated setter for class com.swmansion.rnscreens.ScreenFooterManager
05-07 06:12:58.879  5192  5250 W unknown:ViewManagerPropertyUpdater: Could not find generated setter for class com.swmansion.rnscreens.ScreenContentWrapperManager
05-07 06:12:58.880  5192  5250 W unknown:ViewManagerPropertyUpdater: Could not find generated setter for class com.horcrux.svg.RenderableViewManager$DefsViewManager
05-07 06:12:58.881  5192  5250 W unknown:ViewManagerPropertyUpdater: Could not find generated setter for class com.horcrux.svg.VirtualViewManager$RenderableShadowNode
05-07 06:12:58.882  5192  5250 W unknown:ViewManagerPropertyUpdater: Could not find generated setter for class com.horcrux.svg.RenderableViewManager$FeMergeManager
05-07 06:12:58.884  5192  5250 W unknown:ViewManagerPropertyUpdater: Could not find generated setter for class com.horcrux.svg.RenderableViewManager$LinearGradientManager
05-07 06:12:58.885  5192  5250 W unknown:ViewManagerPropertyUpdater: Could not find generated setter for class com.horcrux.svg.RenderableViewManager$FeGaussianBlurManager
05-07 06:12:58.886  5192  5250 W unknown:ViewManagerPropertyUpdater: Could not find generated setter for class com.horcrux.svg.RenderableViewManager$FeColorMatrixManager
05-07 06:12:58.887  5192  5250 W unknown:ViewManagerPropertyUpdater: Could not find generated setter for class com.horcrux.svg.RenderableViewManager$ClipPathViewManager
05-07 06:12:58.888  5192  5250 W unknown:ViewManagerPropertyUpdater: Could not find generated setter for class com.horcrux.svg.RenderableViewManager$SymbolManager
05-07 06:12:58.890  5192  5250 W unknown:ViewManagerPropertyUpdater: Could not find generated setter for class com.horcrux.svg.RenderableViewManager$PatternManager
05-07 06:12:58.892  5192  5250 W unknown:ViewManagerPropertyUpdater: Could not find generated setter for class com.horcrux.svg.RenderableViewManager$FeBlendManager
05-07 06:12:58.893  5192  5250 W unknown:ViewManagerPropertyUpdater: Could not find generated setter for class com.horcrux.svg.SvgViewManager
05-07 06:12:58.894  5192  5250 W unknown:ViewManagerPropertyUpdater: Could not find generated setter for class com.horcrux.svg.RenderableViewManager$UseViewManager
05-07 06:12:58.895  5192  5250 W unknown:ViewManagerPropertyUpdater: Could not find generated setter for class com.horcrux.svg.RenderableViewManager$CircleViewManager
05-07 06:12:58.897  5192  5250 W unknown:ViewManagerPropertyUpdater: Could not find generated setter for class com.horcrux.svg.RenderableViewManager$TSpanViewManager
05-07 06:12:58.899  5192  5250 W unknown:ViewManagerPropertyUpdater: Could not find generated setter for class com.horcrux.svg.RenderableViewManager$FilterManager
05-07 06:12:58.901  5192  5250 W unknown:ViewManagerPropertyUpdater: Could not find generated setter for class com.horcrux.svg.RenderableViewManager$MarkerManager
05-07 06:12:58.902  5192  5250 W unknown:ViewManagerPropertyUpdater: Could not find generated setter for class com.horcrux.svg.RenderableViewManager$ForeignObjectManager
05-07 06:12:58.904  5192  5250 W unknown:ViewManagerPropertyUpdater: Could not find generated setter for class com.horcrux.svg.RenderableViewManager$EllipseViewManager
05-07 06:12:58.905  5192  5250 W unknown:ViewManagerPropertyUpdater: Could not find generated setter for class com.horcrux.svg.RenderableViewManager$LineViewManager
05-07 06:12:58.907  5192  5250 W unknown:ViewManagerPropertyUpdater: Could not find generated setter for class com.horcrux.svg.RenderableViewManager$FeFloodManager
05-07 06:12:58.908  5192  5250 W unknown:ViewManagerPropertyUpdater: Could not find generated setter for class com.horcrux.svg.RenderableViewManager$GroupViewManager
05-07 06:12:58.909  5192  5250 W unknown:ViewManagerPropertyUpdater: Could not find generated setter for class com.horcrux.svg.RenderableViewManager$TextViewManager
05-07 06:12:58.910  5192  5250 W unknown:ViewManagerPropertyUpdater: Could not find generated setter for class com.horcrux.svg.RenderableViewManager$ImageViewManager
05-07 06:12:58.911  5192  5250 W unknown:ViewManagerPropertyUpdater: Could not find generated setter for class com.horcrux.svg.RenderableViewManager$RadialGradientManager
05-07 06:12:58.913  5192  5250 W unknown:ViewManagerPropertyUpdater: Could not find generated setter for class com.horcrux.svg.RenderableViewManager$MaskManager
05-07 06:12:58.914  5192  5250 W unknown:ViewManagerPropertyUpdater: Could not find generated setter for class com.horcrux.svg.RenderableViewManager$RectViewManager
05-07 06:12:58.915  5192  5250 W unknown:ViewManagerPropertyUpdater: Could not find generated setter for class com.horcrux.svg.RenderableViewManager$TextPathViewManager
05-07 06:12:58.917  5192  5250 W unknown:ViewManagerPropertyUpdater: Could not find generated setter for class com.horcrux.svg.RenderableViewManager$FeOffsetManager
05-07 06:12:58.918  5192  5250 W unknown:ViewManagerPropertyUpdater: Could not find generated setter for class com.horcrux.svg.RenderableViewManager$PathViewManager
05-07 06:12:58.949   988  2634 D ConnectivityService: requestNetwork for uid/pid:10248/5192 activeRequest: null callbackRequest: 1003 [NetworkRequest [ REQUEST id=1004, [ Capabilities: INTERNET&NOT_RESTRICTED&TRUSTED&NOT_VCN_MANAGED Uid: 10248 RequestorUid: 10248 RequestorPkg: com.gtaxi.rider UnderlyingNetworks: Null] ]] callback flags: 0 order: 2147483647 isUidTracked: false declaredMethods: AVAIL|LOSING|LOST|UNAVAIL|NC|LP
05-07 06:12:58.952   988  1168 D WifiNetworkFactory: got request NetworkRequest [ REQUEST id=1004, [ Capabilities: INTERNET&NOT_RESTRICTED&TRUSTED&NOT_VCN_MANAGED Uid: 10248 RequestorUid: 10248 RequestorPkg: com.gtaxi.rider UnderlyingNetworks: Null] ]
05-07 06:12:58.952   988  1168 D UntrustedWifiNetworkFactory: got request NetworkRequest [ REQUEST id=1004, [ Capabilities: INTERNET&NOT_RESTRICTED&TRUSTED&NOT_VCN_MANAGED Uid: 10248 RequestorUid: 10248 RequestorPkg: com.gtaxi.rider UnderlyingNetworks: Null] ]
05-07 06:12:58.952   988  1168 D OemPaidWifiNetworkFactory: got request NetworkRequest [ REQUEST id=1004, [ Capabilities: INTERNET&NOT_RESTRICTED&TRUSTED&NOT_VCN_MANAGED Uid: 10248 RequestorUid: 10248 RequestorPkg: com.gtaxi.rider UnderlyingNetworks: Null] ]
05-07 06:12:58.952   988  1178 D ConnectivityService: NetReassign [1004 : null → 100] [c 1] [a 0] [i 1]
05-07 06:12:58.952   988  1168 D MultiInternetWifiNetworkFactory: got request NetworkRequest [ REQUEST id=1004, [ Capabilities: INTERNET&NOT_RESTRICTED&TRUSTED&NOT_VCN_MANAGED Uid: 10248 RequestorUid: 10248 RequestorPkg: com.gtaxi.rider UnderlyingNetworks: Null] ]
05-07 06:12:58.956   578  2224 D mali_gralloc: unregister: id=24100000642, handle=0xb40000734894d830, base=0x0, importpid=578, count:0
05-07 06:12:58.957   578  2224 D mali_gralloc: unregister: id=24100000644, handle=0xb40000734894ae90, base=0x0, importpid=578, count:0
05-07 06:12:58.957   578  2224 D mali_gralloc: unregister: id=24100000643, handle=0xb40000734894b1f0, base=0x0, importpid=578, count:0
05-07 06:12:58.958   988  1591 D PerformanceDatabaseControl: querymem pkgName = com.gtaxi.rider
05-07 06:12:58.958   988  1591 D PerformanceDatabaseControl: querycount pkgName = com.gtaxi.rider
05-07 06:12:58.958   988  1591 D PerformanceDatabaseControl: updateDatabase pkgName = com.gtaxi.rider
05-07 06:12:58.980  1793  3948 I FontLog : (REDACTED) Received query %s, URI %s
05-07 06:12:58.981  1793  3948 I FontLog : (REDACTED) Query [%s] resolved to %s
05-07 06:12:58.982  1793  3948 I FontLog : (REDACTED) Fetch %s end status %s
05-07 06:12:58.985  1793  3682 I FontLog : (REDACTED) Pulling font file for id = %d, cache size = %d
05-07 06:12:58.990  1793  3682 I FontLog : (REDACTED) Pulling font file for id = %d, cache size = %d
05-07 06:12:58.996   635   684 D mali_gralloc: unregister: id=24100000644, handle=0xb400006f0f191b70, base=0x0, importpid=635, count:0
05-07 06:12:59.031  5192  5249 D nativeloader: Load /data/app/~~CE0-sCtFhrSbidlWI4Chew==/com.gtaxi.rider-fDKpF2vT40y69aCJgaRauQ==/base.apk!/lib/arm64-v8a/libexpo-modules-core.so using class loader ns clns-6 (caller=/data/app/~~CE0-sCtFhrSbidlWI4Chew==/com.gtaxi.rider-fDKpF2vT40y69aCJgaRauQ==/base.apk!classes3.dex): ok
05-07 06:12:59.040  5192  5249 I ExpoModulesCore: ✅ JSI interop was installed
05-07 06:12:59.040  5192  5249 W ExpoModulesCore: ⚠️ JSI interop was already installed
05-07 06:12:59.055  5192  5249 I ExpoModulesCore: ✅ Constants were exported
05-07 06:12:59.058   988  2634 D CompatibilityChangeReporter: Compat change id reported: 261072174; UID 10248; state: ENABLED
05-07 06:12:59.078   988  1168 D WifiStaIfaceHidlImpl: getCachedScanData is not implemented by HIDL
05-07 06:12:59.085   988  1168 I HalDevMgr: bestIfaceCreationProposal is null, requestIface=STA, existingIface=[name=wlan0 type=STA]
05-07 06:12:59.093  5192  5249 D nativeloader: Load /data/app/~~CE0-sCtFhrSbidlWI4Chew==/com.gtaxi.rider-fDKpF2vT40y69aCJgaRauQ==/base.apk!/lib/arm64-v8a/librnscreens.so using class loader ns clns-6 (caller=/data/app/~~CE0-sCtFhrSbidlWI4Chew==/com.gtaxi.rider-fDKpF2vT40y69aCJgaRauQ==/base.apk!classes4.dex): ok
05-07 06:12:59.147  5192  5249 V AsyncStorageExpoMigration: No scoped database found
05-07 06:12:59.162  5192  5249 D nativeloader: Load /data/app/~~CE0-sCtFhrSbidlWI4Chew==/com.gtaxi.rider-fDKpF2vT40y69aCJgaRauQ==/base.apk!/lib/arm64-v8a/libworklets.so using class loader ns clns-6 (caller=/data/app/~~CE0-sCtFhrSbidlWI4Chew==/com.gtaxi.rider-fDKpF2vT40y69aCJgaRauQ==/base.apk!classes3.dex): ok
05-07 06:12:59.165  5192  5249 D nativeloader: Load /data/app/~~CE0-sCtFhrSbidlWI4Chew==/com.gtaxi.rider-fDKpF2vT40y69aCJgaRauQ==/base.apk!/lib/arm64-v8a/libreanimated.so using class loader ns clns-6 (caller=/data/app/~~CE0-sCtFhrSbidlWI4Chew==/com.gtaxi.rider-fDKpF2vT40y69aCJgaRauQ==/base.apk!classes3.dex): ok
05-07 06:12:59.247  1793  5167 I NearbyMediums: No BLE Fast/GATT advertisements found in the latest cycle.
05-07 06:12:59.247  1793  5167 I NearbyMediums: Current Tracked Scanning Clients are : {NearbyConnections.EnvironmentMonitor, NearbySharing, NearbyConnections.TxAdvertisement}
05-07 06:12:59.250  5192  5249 E StripePushProvisioning: PushProvisioning dependency not found
05-07 06:12:59.290  5192  5249 I ReactNativeJS: Running "main"
05-07 06:12:59.299  5192  5263 D nativeloader: Load /system/lib64/liblog.so using class loader ns clns-6 (caller=/data/app/~~CE0-sCtFhrSbidlWI4Chew==/com.gtaxi.rider-fDKpF2vT40y69aCJgaRauQ==/base.apk!classes5.dex): ok
05-07 06:12:59.299  5192  5250 I RNSentry: Starting with DSN: 'https://examplePublicKey@o0.ingest.sentry.io/0'
05-07 06:12:59.300  5192  5250 I RNSentry: Native Integrations '[io.sentry.UncaughtExceptionHandlerIntegration@af6d20b, io.sentry.ShutdownHookIntegration@e98f8e8, io.sentry.SpotlightIntegration@e68db01, io.sentry.android.core.SendCachedEnvelopeIntegration@925bda6, io.sentry.android.core.NdkIntegration@93e83e7, io.sentry.android.core.EnvelopeFileObserverIntegration$OutboxEnvelopeFileObserverIntegration@778bb94, io.sentry.android.core.SendCachedEnvelopeIntegration@7263d, io.sentry.android.core.AppLifecycleIntegration@e00e32, io.sentry.android.core.AnrV2Integration@657783, io.sentry.android.core.AppComponentsBreadcrumbsIntegration@7effd00, io.sentry.android.core.SystemEventsBreadcrumbsIntegration@e44e939, io.sentry.android.core.NetworkBreadcrumbsIntegration@d7cdb7e, io.sentry.android.replay.ReplayIntegration@a7e08df]'
05-07 06:12:59.301  5192  5263 D nativeloader: Load /data/app/~~CE0-sCtFhrSbidlWI4Chew==/com.gtaxi.rider-fDKpF2vT40y69aCJgaRauQ==/base.apk!/lib/arm64-v8a/libsentry.so using class loader ns clns-6 (caller=/data/app/~~CE0-sCtFhrSbidlWI4Chew==/com.gtaxi.rider-fDKpF2vT40y69aCJgaRauQ==/base.apk!classes5.dex): ok
05-07 06:12:59.302  5192  5263 D nativeloader: Load /data/app/~~CE0-sCtFhrSbidlWI4Chew==/com.gtaxi.rider-fDKpF2vT40y69aCJgaRauQ==/base.apk!/lib/arm64-v8a/libsentry-android.so using class loader ns clns-6 (caller=/data/app/~~CE0-sCtFhrSbidlWI4Chew==/com.gtaxi.rider-fDKpF2vT40y69aCJgaRauQ==/base.apk!classes5.dex): ok
05-07 06:12:59.302  5192  5192 W pool-4-thread-1: type=1400 audit(0.0:467): avc:  denied  { read } for  name="version" dev="proc" ino=4026532008 scontext=u:r:untrusted_app:s0:c248,c256,c512,c768 tcontext=u:object_r:proc_version:s0 tclass=file permissive=0 app=com.gtaxi.rider
05-07 06:12:59.310   988  2634 D ConnectivityService: requestNetwork for uid/pid:10248/5192 activeRequest: null callbackRequest: 1005 [NetworkRequest [ REQUEST id=1006, [ Capabilities: INTERNET&NOT_RESTRICTED&TRUSTED&NOT_VCN_MANAGED Uid: 10248 RequestorUid: 10248 RequestorPkg: com.gtaxi.rider UnderlyingNetworks: Null] ]] callback flags: 0 order: 2147483647 isUidTracked: false declaredMethods: AVAIL|LOSING|LOST|UNAVAIL
05-07 06:12:59.312   988  1168 D WifiNetworkFactory: got request NetworkRequest [ REQUEST id=1006, [ Capabilities: INTERNET&NOT_RESTRICTED&TRUSTED&NOT_VCN_MANAGED Uid: 10248 RequestorUid: 10248 RequestorPkg: com.gtaxi.rider UnderlyingNetworks: Null] ]
05-07 06:12:59.312   988  1168 D UntrustedWifiNetworkFactory: got request NetworkRequest [ REQUEST id=1006, [ Capabilities: INTERNET&NOT_RESTRICTED&TRUSTED&NOT_VCN_MANAGED Uid: 10248 RequestorUid: 10248 RequestorPkg: com.gtaxi.rider UnderlyingNetworks: Null] ]
05-07 06:12:59.313   988  1168 D OemPaidWifiNetworkFactory: got request NetworkRequest [ REQUEST id=1006, [ Capabilities: INTERNET&NOT_RESTRICTED&TRUSTED&NOT_VCN_MANAGED Uid: 10248 RequestorUid: 10248 RequestorPkg: com.gtaxi.rider UnderlyingNetworks: Null] ]
05-07 06:12:59.313   988  1178 D ConnectivityService: NetReassign [1006 : null → 100] [c 0] [a 1] [i 1]
05-07 06:12:59.313   988  1168 D MultiInternetWifiNetworkFactory: got request NetworkRequest [ REQUEST id=1006, [ Capabilities: INTERNET&NOT_RESTRICTED&TRUSTED&NOT_VCN_MANAGED Uid: 10248 RequestorUid: 10248 RequestorPkg: com.gtaxi.rider UnderlyingNetworks: Null] ]
05-07 06:12:59.313   988  1070 V PackageManager: Sending package changed: package=com.gtaxi.rider components=[androidx.work.impl.background.systemjob.SystemJobService]
05-07 06:12:59.314   988  1070 V BroadcastQueue: Enqueuing BroadcastRecord{3a29675 android.intent.action.PACKAGE_CHANGED/u0} from uid 1000 pid 988 for 85 receivers
05-07 06:12:59.314   988  2193 D ConnectivityService: requestNetwork for uid/pid:10248/5192 activeRequest: null callbackRequest: 1007 [NetworkRequest [ REQUEST id=1008, [ Capabilities: INTERNET&NOT_RESTRICTED&TRUSTED&NOT_VCN_MANAGED Uid: 10248 RequestorUid: 10248 RequestorPkg: com.gtaxi.rider UnderlyingNetworks: Null] ]] callback flags: 0 order: 2147483647 isUidTracked: false declaredMethods: AVAIL|LOSING|LOST|UNAVAIL
05-07 06:12:59.316  5192  5268 D CompatibilityChangeReporter: Compat change id reported: 263076149; UID 10248; state: ENABLED
05-07 06:12:59.317   988  1178 D ConnectivityService: NetReassign [1008 : null → 100] [c 0] [a 0] [i 2]
05-07 06:12:59.318   988  1168 D WifiNetworkFactory: got request NetworkRequest [ REQUEST id=1008, [ Capabilities: INTERNET&NOT_RESTRICTED&TRUSTED&NOT_VCN_MANAGED Uid: 10248 RequestorUid: 10248 RequestorPkg: com.gtaxi.rider UnderlyingNetworks: Null] ]
05-07 06:12:59.318   988  1168 D UntrustedWifiNetworkFactory: got request NetworkRequest [ REQUEST id=1008, [ Capabilities: INTERNET&NOT_RESTRICTED&TRUSTED&NOT_VCN_MANAGED Uid: 10248 RequestorUid: 10248 RequestorPkg: com.gtaxi.rider UnderlyingNetworks: Null] ]
05-07 06:12:59.318   988  1168 D OemPaidWifiNetworkFactory: got request NetworkRequest [ REQUEST id=1008, [ Capabilities: INTERNET&NOT_RESTRICTED&TRUSTED&NOT_VCN_MANAGED Uid: 10248 RequestorUid: 10248 RequestorPkg: com.gtaxi.rider UnderlyingNetworks: Null] ]
05-07 06:12:59.318   988  1168 D MultiInternetWifiNetworkFactory: got request NetworkRequest [ REQUEST id=1008, [ Capabilities: INTERNET&NOT_RESTRICTED&TRUSTED&NOT_VCN_MANAGED Uid: 10248 RequestorUid: 10248 RequestorPkg: com.gtaxi.rider UnderlyingNetworks: Null] ]
05-07 06:12:59.322  1239  1239 D CarrierSvcBindHelper: onPackageModified: com.gtaxi.rider
05-07 06:12:59.323  1567  1567 V MediaPlayerList: mPackageChangedBroadcastReceiver: action: android.intent.action.PACKAGE_CHANGED
05-07 06:12:59.324  1239  1239 D CarrierSvcBindHelper: No carrier app for: 0
05-07 06:12:59.325  1239  1239 D CarrierSvcBindHelper: No carrier app for: 1
05-07 06:12:59.327   988  2632 D CompatibilityChangeReporter: Compat change id reported: 161145287; UID 10248; state: ENABLED
05-07 06:12:59.327   988  2632 V BroadcastQueue: Enqueuing BroadcastRecord{d782d9d android.intent.action.BATTERY_CHANGED/u-1} from uid -1 pid -1 for 1 receivers
05-07 06:12:59.332   988  1111 I RoleService: Granting default roles...
05-07 06:12:59.335   988  2632 D ConnectivityService: requestNetwork for uid/pid:10248/5192 activeRequest: null callbackRequest: 1009 [NetworkRequest [ REQUEST id=1010, [ Capabilities: INTERNET&NOT_RESTRICTED&TRUSTED&NOT_VCN_MANAGED Uid: 10248 RequestorUid: 10248 RequestorPkg: com.gtaxi.rider UnderlyingNetworks: Null] ]] callback flags: 0 order: 2147483647 isUidTracked: false declaredMethods: AVAIL|LOST|NC
05-07 06:12:59.338   635  1693 D mali_gralloc: register: id=24100000648, handle=0xb400006f0f1a36f0, importpid=5192, gRegisteredHandles=11
05-07 06:12:59.341   988  1168 D WifiNetworkFactory: got request NetworkRequest [ REQUEST id=1010, [ Capabilities: INTERNET&NOT_RESTRICTED&TRUSTED&NOT_VCN_MANAGED Uid: 10248 RequestorUid: 10248 RequestorPkg: com.gtaxi.rider UnderlyingNetworks: Null] ]
05-07 06:12:59.341   988  1168 D UntrustedWifiNetworkFactory: got request NetworkRequest [ REQUEST id=1010, [ Capabilities: INTERNET&NOT_RESTRICTED&TRUSTED&NOT_VCN_MANAGED Uid: 10248 RequestorUid: 10248 RequestorPkg: com.gtaxi.rider UnderlyingNetworks: Null] ]
05-07 06:12:59.341   988  1168 D OemPaidWifiNetworkFactory: got request NetworkRequest [ REQUEST id=1010, [ Capabilities: INTERNET&NOT_RESTRICTED&TRUSTED&NOT_VCN_MANAGED Uid: 10248 RequestorUid: 10248 RequestorPkg: com.gtaxi.rider UnderlyingNetworks: Null] ]
05-07 06:12:59.341   988  1168 D MultiInternetWifiNetworkFactory: got request NetworkRequest [ REQUEST id=1010, [ Capabilities: INTERNET&NOT_RESTRICTED&TRUSTED&NOT_VCN_MANAGED Uid: 10248 RequestorUid: 10248 RequestorPkg: com.gtaxi.rider UnderlyingNetworks: Null] ]
05-07 06:12:59.341   988  1178 D ConnectivityService: NetReassign [1010 : null → 100] [c 0] [a 0] [i 2]
05-07 06:12:59.344  5192  5249 E ReactNativeJS: TypeError: Cannot read property 'useEffect' of null
05-07 06:12:59.344  5192  5249 E ReactNativeJS: 
05-07 06:12:59.344  5192  5249 E ReactNativeJS: This error is located at:
05-07 06:12:59.344  5192  5249 E ReactNativeJS:     in QueryClientProvider
05-07 06:12:59.344  5192  5249 E ReactNativeJS:     in RNCSafeAreaProvider
05-07 06:12:59.344  5192  5249 E ReactNativeJS:     in SafeAreaProvider
05-07 06:12:59.344  5192  5249 E ReactNativeJS:     in StripeProvider
05-07 06:12:59.344  5192  5249 E ReactNativeJS:     in App
05-07 06:12:59.344  5192  5249 E ReactNativeJS:     in FeedbackWidgetProvider
05-07 06:12:59.344  5192  5249 E ReactNativeJS:     in ReactNativeProfiler
05-07 06:12:59.344  5192  5249 E ReactNativeJS:     in RCTView
05-07 06:12:59.344  5192  5249 E ReactNativeJS:     in Unknown
05-07 06:12:59.344  5192  5249 E ReactNativeJS:     in __Sentry.TouchEventBoundary
05-07 06:12:59.344  5192  5249 E ReactNativeJS:     in RootApp
05-07 06:12:59.344  5192  5249 E ReactNativeJS:     in RCTView
05-07 06:12:59.344  5192  5249 E ReactNativeJS:     in Unknown
05-07 06:12:59.344  5192  5249 E ReactNativeJS:     in AppContainer, js engine: hermes
05-07 06:12:59.348   988  1124 I InputReader: Reconfiguring input devices, changes=KEYBOARD_LAYOUTS
05-07 06:12:59.350  5192  5250 E unknown:ReactNative: TypeError: Cannot read property 'useEffect' of null
05-07 06:12:59.350  5192  5250 E unknown:ReactNative: 
05-07 06:12:59.350  5192  5250 E unknown:ReactNative: This error is located at:
05-07 06:12:59.350  5192  5250 E unknown:ReactNative:     in QueryClientProvider
05-07 06:12:59.350  5192  5250 E unknown:ReactNative:     in RNCSafeAreaProvider
05-07 06:12:59.350  5192  5250 E unknown:ReactNative:     in SafeAreaProvider
05-07 06:12:59.350  5192  5250 E unknown:ReactNative:     in StripeProvider
05-07 06:12:59.350  5192  5250 E unknown:ReactNative:     in App
05-07 06:12:59.350  5192  5250 E unknown:ReactNative:     in FeedbackWidgetProvider
05-07 06:12:59.350  5192  5250 E unknown:ReactNative:     in ReactNativeProfiler
05-07 06:12:59.350  5192  5250 E unknown:ReactNative:     in RCTView
05-07 06:12:59.350  5192  5250 E unknown:ReactNative:     in Unknown
05-07 06:12:59.350  5192  5250 E unknown:ReactNative:     in __Sentry.TouchEventBoundary
05-07 06:12:59.350  5192  5250 E unknown:ReactNative:     in RootApp
05-07 06:12:59.350  5192  5250 E unknown:ReactNative:     in RCTView
05-07 06:12:59.350  5192  5250 E unknown:ReactNative:     in Unknown
05-07 06:12:59.350  5192  5250 E unknown:ReactNative:     in AppContainer, js engine: hermes, stack:
05-07 06:12:59.350  5192  5250 E unknown:ReactNative: anonymous@1:610478
05-07 06:12:59.350  5192  5250 E unknown:ReactNative: QueryClientProvider@1:975098
05-07 06:12:59.350  5192  5250 E unknown:ReactNative: renderWithHooks@1:429464
05-07 06:12:59.350  5192  5250 E unknown:ReactNative: beginWork@1:446850
05-07 06:12:59.350  5192  5250 E unknown:ReactNative: performUnitOfWork@1:466014
05-07 06:12:59.350  5192  5250 E unknown:ReactNative: workLoopSync@1:465145
05-07 06:12:59.350  5192  5250 E unknown:ReactNative: renderRootSync@1:464977
05-07 06:12:59.350  5192  5250 E unknown:ReactNative: flushSyncWorkAcrossRoots_impl@1:418971
05-07 06:12:59.350  5192  5250 E unknown:ReactNative: batchedUpdatesImpl@1:477525
05-07 06:12:59.350  5192  5250 E unknown:ReactNative: batchedUpdates$1@1:411686
05-07 06:12:59.350  5192  5250 E unknown:ReactNative: _receiveRootNodeIDEvent@1:411974
05-07 06:12:59.350  5192  5250 E unknown:ReactNative: receiveEvent@1:474785
05-07 06:12:59.350  5192  5250 E unknown:ReactNative: __callFunction@1:137979
05-07 06:12:59.350  5192  5250 E unknown:ReactNative: anonymous@1:136421
05-07 06:12:59.350  5192  5250 E unknown:ReactNative: __guard@1:137361
05-07 06:12:59.350  5192  5250 E unknown:ReactNative: callFunctionReturnFlushedQueue@1:136379
05-07 06:12:59.351  5192  5250 D CompatibilityChangeReporter: Compat change id reported: 289878283; UID 10248; state: ENABLED
05-07 06:12:59.353  4419  4419 I PkDeviceHelper: PkDeviceHelper.refreshDevices():87 refreshing devices
05-07 06:12:59.355   578  2224 D mali_gralloc: register: id=24100000648, handle=0xb40000734894b1f0, importpid=635, gRegisteredHandles=12
05-07 06:12:59.357 26393 31576 I PermissionControllerServiceImpl: Updating user sensitive for uid 10248
05-07 06:12:59.357   635  1693 D mali_gralloc: register: id=24100000647, handle=0xb400006f0f1a8010, importpid=5192, gRegisteredHandles=12
05-07 06:12:59.359  4419  4419 I PkDeviceHelper: PkDeviceHelper.refreshDevices():87 refreshing devices
05-07 06:12:59.363  4419  4419 I PkDeviceHelper: PkDeviceHelper.refreshDevices():87 refreshing devices
05-07 06:12:59.364  4419  4419 I PkDeviceHelper: PkDeviceHelper.refreshDevices():87 refreshing devices
05-07 06:12:59.369  5289  5289 E vold    : access /data/media/0/Android/data/com.gtaxi.rider/files/ failed with 2
05-07 06:12:59.372   578  2224 D mali_gralloc: register: id=24100000647, handle=0xb40000734894ae90, importpid=635, gRegisteredHandles=13
05-07 06:12:59.383   988  1038 D ActivityManager: Skip enqueue broadcast because no receiver with Intent { act=android.search.action.SEARCHABLES_CHANGED flg=0x24000010 }
05-07 06:12:59.384  1982  1997 W gle.android.gms: ApkAssets: Deleting an ApkAssets object '<empty> and /data/app/~~_PeyOrHhEaNrTLMQdVgdqg==/com.gtaxi.rider-Luw8pTo3GXiUuUfFvCy7kQ==/base.apk' with 1 weak references
05-07 06:12:59.389  1982  1997 W gle.android.gms: ApkAssets: Deleting an ApkAssets object '<empty> and /system_ext/priv-app/Settings/Settings.apk' with 1 weak references
05-07 06:12:59.391  1239  1523 D ImsResolver: maybeAddedImsService, packageName: com.gtaxi.rider
05-07 06:12:59.391  1982  1997 W gle.android.gms: ApkAssets: Deleting an ApkAssets object '/product/overlay/Settings__auto_generated_rro_product.apk' with 1 weak references
05-07 06:12:59.392  1982  1997 W gle.android.gms: ApkAssets: Deleting an ApkAssets object '<empty> and /data/app/~~CE0-sCtFhrSbidlWI4Chew==/com.gtaxi.rider-fDKpF2vT40y69aCJgaRauQ==/base.apk' with 1 weak references
05-07 06:12:59.403  1642  1642 D wjt     : PackageName = com.android.launcher3getFakeText old text antutu=G Taxi Rider
05-07 06:12:59.404  1642  1642 D wjt     : PackageName = com.android.launcher3getFakeText old text antutu=1 ENGR FULE FLOW
05-07 06:12:59.405  1642  1642 D wjt     : PackageName = com.android.launcher3getFakeText old text antutu=All PDF Reader
05-07 06:12:59.405  1642  1642 D wjt     : PackageName = com.android.launcher3getFakeText old text antutu=Assistant
05-07 06:12:59.406  1642  1642 D wjt     : PackageName = com.android.launcher3getFakeText old text antutu=Calculator
05-07 06:12:59.406  1642  1642 D wjt     : PackageName = com.android.launcher3getFakeText old text antutu=Calendar
05-07 06:12:59.406  1642  1642 D wjt     : PackageName = com.android.launcher3getFakeText old text antutu=Camera
05-07 06:12:59.407  1642  1642 D wjt     : PackageName = com.android.launcher3getFakeText old text antutu=CamScanner
05-07 06:12:59.407  1642  1642 D wjt     : PackageName = com.android.launcher3getFakeText old text antutu=ChatGPT
05-07 06:12:59.407  1642  1642 D wjt     : PackageName = com.android.launcher3getFakeText old text antutu=Chrome
05-07 06:12:59.407  1642  1642 D wjt     : PackageName = com.android.launcher3getFakeText old text antutu=Clock
05-07 06:12:59.408  1642  1642 D wjt     : PackageName = com.android.launcher3getFakeText old text antutu=DeepSeek
05-07 06:12:59.408  1642  1642 D wjt     : PackageName = com.android.launcher3getFakeText old text antutu=Docs
05-07 06:12:59.408  1642  1642 D wjt     : PackageName = com.android.launcher3getFakeText old text antutu=Docusign
05-07 06:12:59.408  1642  1642 D wjt     : PackageName = com.android.launcher3getFakeText old text antutu=Drive
05-07 06:12:59.409  1642  1642 D wjt     : PackageName = com.android.launcher3getFakeText old text antutu=Expo Go
05-07 06:12:59.409  1642  1642 D wjt     : PackageName = com.android.launcher3getFakeText old text antutu=Files
05-07 06:12:59.409  1642  1642 D wjt     : PackageName = com.android.launcher3getFakeText old text antutu=Find Hub
05-07 06:12:59.410  1642  1642 D wjt     : PackageName = com.android.launcher3getFakeText old text antutu=FM Radio
05-07 06:12:59.411  1642  1642 D wjt     : PackageName = com.android.launcher3getFakeText old text antutu=G Taxi Rider
05-07 06:12:59.411  1642  1642 D wjt     : PackageName = com.android.launcher3getFakeText old text antutu=Gemini
05-07 06:12:59.411  1642  1642 D wjt     : PackageName = com.android.launcher3getFakeText old text antutu=Gmail
05-07 06:12:59.412  1642  1642 D wjt     : PackageName = com.android.launcher3getFakeText old text antutu=Google
05-07 06:12:59.412  5192  5249 E ReactNativeJS: TypeError: Cannot read property 'useEffect' of null
05-07 06:12:59.412  5192  5249 E ReactNativeJS: 
05-07 06:12:59.412  5192  5249 E ReactNativeJS: This error is located at:
05-07 06:12:59.412  5192  5249 E ReactNativeJS:     in QueryClientProvider
05-07 06:12:59.412  5192  5249 E ReactNativeJS:     in RNCSafeAreaProvider
05-07 06:12:59.412  5192  5249 E ReactNativeJS:     in SafeAreaProvider
05-07 06:12:59.412  5192  5249 E ReactNativeJS:     in StripeProvider
05-07 06:12:59.412  5192  5249 E ReactNativeJS:     in App
05-07 06:12:59.412  5192  5249 E ReactNativeJS:     in FeedbackWidgetProvider
05-07 06:12:59.412  5192  5249 E ReactNativeJS:     in ReactNativeProfiler
05-07 06:12:59.412  5192  5249 E ReactNativeJS:     in RCTView
05-07 06:12:59.412  5192  5249 E ReactNativeJS:     in Unknown
05-07 06:12:59.412  5192  5249 E ReactNativeJS:     in __Sentry.TouchEventBoundary
05-07 06:12:59.412  5192  5249 E ReactNativeJS:     in RootApp
05-07 06:12:59.412  5192  5249 E ReactNativeJS:     in RCTView
05-07 06:12:59.412  5192  5249 E ReactNativeJS:     in Unknown
05-07 06:12:59.412  5192  5249 E ReactNativeJS:     in AppContainer, js engine: hermes
05-07 06:12:59.413  1642  1642 D wjt     : PackageName = com.android.launcher3getFakeText old text antutu=Google TV
05-07 06:12:59.413  1642  1642 D wjt     : PackageName = com.android.launcher3getFakeText old text antutu=Hole it!
05-07 06:12:59.414  1642  1642 D wjt     : PackageName = com.android.launcher3getFakeText old text antutu=Keep Notes
05-07 06:12:59.415  1642  1642 D wjt     : PackageName = com.android.launcher3getFakeText old text antutu=Maps
05-07 06:12:59.415  1642  1642 D wjt     : PackageName = com.android.launcher3getFakeText old text antutu=Meet
05-07 06:12:59.416  1642  1642 D wjt     : PackageName = com.android.launcher3getFakeText old text antutu=MyEdit
05-07 06:12:59.416  1642  1642 D wjt     : PackageName = com.android.launcher3getFakeText old text antutu=Offline Games
05-07 06:12:59.417  1642  1642 D wjt     : PackageName = com.android.launcher3getFakeText old text antutu=orderly-app
05-07 06:12:59.417  1642  1642 D wjt     : PackageName = com.android.launcher3getFakeText old text antutu=Photos
05-07 06:12:59.418  1642  1642 D wjt     : PackageName = com.android.launcher3getFakeText old text antutu=Play Games
05-07 06:12:59.418  1642  1642 D wjt     : PackageName = com.android.launcher3getFakeText old text antutu=Play Store
05-07 06:12:59.418  1642  1642 D wjt     : PackageName = com.android.launcher3getFakeText old text antutu=Screen Mirror
05-07 06:12:59.419  1642  1642 D wjt     : PackageName = com.android.launcher3getFakeText old text antutu=Settings
05-07 06:12:59.419  1642  1642 D wjt     : PackageName = com.android.launcher3getFakeText old text antutu=Sheets
05-07 06:12:59.419  1642  1642 D wjt     : PackageName = com.android.launcher3getFakeText old text antutu=Sound Recorder
05-07 06:12:59.419  1642  1642 D wjt     : PackageName = com.android.launcher3getFakeText old text antutu=WhatsApp
05-07 06:12:59.419  1642  1642 D wjt     : PackageName = com.android.launcher3getFakeText old text antutu=YouTube
05-07 06:12:59.420  1642  1642 D wjt     : PackageName = com.android.launcher3getFakeText old text antutu=YT Music
05-07 06:12:59.420  1642  1642 D UNISOC-LAUNCHER3: LauncherAppMonitor, onPackagesUpdated, packageNames:[com.gtaxi.rider] user:UserHandle{0} type:2
05-07 06:12:59.426 26393  5284 E RoleControllerServiceImpl: Default/fallback role holder package doesn't qualify for the role, package: com.google.android.gms.supervision, role: android.app.role.SYSTEM_SUPERVISION, user: 0
--------- beginning of crash
05-07 06:12:59.449  5192  5250 E AndroidRuntime: FATAL EXCEPTION: mqt_native_modules
05-07 06:12:59.449  5192  5250 E AndroidRuntime: Process: com.gtaxi.rider, PID: 5192
05-07 06:12:59.449  5192  5250 E AndroidRuntime: com.facebook.react.common.JavascriptException: TypeError: Cannot read property 'useEffect' of null
05-07 06:12:59.449  5192  5250 E AndroidRuntime: 
05-07 06:12:59.449  5192  5250 E AndroidRuntime: This error is located at:
05-07 06:12:59.449  5192  5250 E AndroidRuntime:     in QueryClientProvider
05-07 06:12:59.449  5192  5250 E AndroidRuntime:     in RNCSafeAreaProvider
05-07 06:12:59.449  5192  5250 E AndroidRuntime:     in SafeAreaProvider
05-07 06:12:59.449  5192  5250 E AndroidRuntime:     in StripeProvider
05-07 06:12:59.449  5192  5250 E AndroidRuntime:     in App
05-07 06:12:59.449  5192  5250 E AndroidRuntime:     in FeedbackWidgetProvider
05-07 06:12:59.449  5192  5250 E AndroidRuntime:     in ReactNativeProfiler
05-07 06:12:59.449  5192  5250 E AndroidRuntime:     in RCTView
05-07 06:12:59.449  5192  5250 E AndroidRuntime:     in Unknown
05-07 06:12:59.449  5192  5250 E AndroidRuntime:     in __Sentry.TouchEventBoundary
05-07 06:12:59.449  5192  5250 E AndroidRuntime:     in RootApp
05-07 06:12:59.449  5192  5250 E AndroidRuntime:     in RCTView
05-07 06:12:59.449  5192  5250 E AndroidRuntime:     in Unknown
05-07 06:12:59.449  5192  5250 E AndroidRuntime:     in AppContainer, js engine: hermes, stack:
05-07 06:12:59.449  5192  5250 E AndroidRuntime: anonymous@1:610478
05-07 06:12:59.449  5192  5250 E AndroidRuntime: QueryClientProvider@1:975098
05-07 06:12:59.449  5192  5250 E AndroidRuntime: renderWithHooks@1:429464
05-07 06:12:59.449  5192  5250 E AndroidRuntime: beginWork@1:446850
05-07 06:12:59.449  5192  5250 E AndroidRuntime: performUnitOfWork@1:466014
05-07 06:12:59.449  5192  5250 E AndroidRuntime: workLoopSync@1:465145
05-07 06:12:59.449  5192  5250 E AndroidRuntime: renderRootSync@1:464977
05-07 06:12:59.449  5192  5250 E AndroidRuntime: flushSyncWorkAcrossRoots_impl@1:418971
05-07 06:12:59.449  5192  5250 E AndroidRuntime: batchedUpdatesImpl@1:477525
05-07 06:12:59.449  5192  5250 E AndroidRuntime: batchedUpdates$1@1:411686
05-07 06:12:59.449  5192  5250 E AndroidRuntime: _receiveRootNodeIDEvent@1:411974
05-07 06:12:59.449  5192  5250 E AndroidRuntime: receiveEvent@1:474785
05-07 06:12:59.449  5192  5250 E AndroidRuntime: __callFunction@1:137979
05-07 06:12:59.449  5192  5250 E AndroidRuntime: anonymous@1:136421
05-07 06:12:59.449  5192  5250 E AndroidRuntime: __guard@1:137361
05-07 06:12:59.449  5192  5250 E AndroidRuntime: callFunctionReturnFlushedQueue@1:136379
05-07 06:12:59.449  5192  5250 E AndroidRuntime: 
05-07 06:12:59.449  5192  5250 E AndroidRuntime: 	at com.facebook.react.modules.core.ExceptionsManagerModule.reportException(ExceptionsManagerModule.kt:52)
05-07 06:12:59.449  5192  5250 E AndroidRuntime: 	at java.lang.reflect.Method.invoke(Native Method)
05-07 06:12:59.449  5192  5250 E AndroidRuntime: 	at com.facebook.react.bridge.JavaMethodWrapper.invoke(JavaMethodWrapper.java:372)
05-07 06:12:59.449  5192  5250 E AndroidRuntime: 	at com.facebook.react.bridge.JavaModuleWrapper.invoke(JavaModuleWrapper.java:146)
05-07 06:12:59.449  5192  5250 E AndroidRuntime: 	at com.facebook.jni.NativeRunnable.run(Native Method)
05-07 06:12:59.449  5192  5250 E AndroidRuntime: 	at android.os.Handler.handleCallback(Handler.java:958)
05-07 06:12:59.449  5192  5250 E AndroidRuntime: 	at android.os.Handler.dispatchMessage(Handler.java:99)
05-07 06:12:59.449  5192  5250 E AndroidRuntime: 	at com.facebook.react.bridge.queue.MessageQueueThreadHandler.dispatchMessage(MessageQueueThreadHandler.java:27)
05-07 06:12:59.449  5192  5250 E AndroidRuntime: 	at android.os.Looper.loopOnce(Looper.java:205)
05-07 06:12:59.449  5192  5250 E AndroidRuntime: 	at android.os.Looper.loop(Looper.java:294)
05-07 06:12:59.449  5192  5250 E AndroidRuntime: 	at com.facebook.react.bridge.queue.MessageQueueThreadImpl.lambda$startNewBackgroundThread$2(MessageQueueThreadImpl.java:217)
05-07 06:12:59.449  5192  5250 E AndroidRuntime: 	at com.facebook.react.bridge.queue.MessageQueueThreadImpl$$ExternalSyntheticLambda1.run(D8$$SyntheticClass:0)
05-07 06:12:59.449  5192  5250 E AndroidRuntime: 	at java.lang.Thread.run(Thread.java:1564)
05-07 06:12:59.454   988  5291 I DropBoxManagerService: add tag=data_app_crash isTagEnabled=true flags=0x2
05-07 06:12:59.454   988  1736 W ActivityTaskManager:   Force finishing activity com.gtaxi.rider/.MainActivity
05-07 06:12:59.455  1285  1315 V WindowManagerShell: Transition requested: android.os.BinderProxy@9801f8c TransitionRequestInfo { type = CLOSE, triggerTask = null, remoteTransition = null, displayChange = null }
05-07 06:12:59.457   988  1736 D WindowManager: setFocusedApp mFocusedApp = ActivityRecord{37d711f u0 com.android.launcher3/com.android.searchlauncher.SearchLauncher t248 d0}displayId = 0Callers = com.android.server.wm.ActivityTaskManagerService.setLastResumedActivityUncheckLocked:4898 com.android.server.wm.ActivityRecord.moveFocusableActivityToTop:3514 com.android.server.wm.TaskDisplayArea.moveHomeActivityToTop:1605 com.android.server.wm.Task.adjustFocusToNextFocusableTask:2483 
05-07 06:12:59.457   988  1736 D InputDispatcher: setFocusedApplication displayId=0 ActivityRecord{37d711f u0 com.android.launcher3/com.android.searchlauncher.SearchLauncher t248 d0}
05-07 06:12:59.458 26393  5284 W SignedPackage: Package doesn't have required signing certificate: com.google.android.apps.work.clouddpc
05-07 06:12:59.458   988  1736 I WindowManager: Input focus has changed to null from 4d5dcab com.gtaxi.rider/com.gtaxi.rider.MainActivity mDisplayId 0 updateInputWindows true
05-07 06:12:59.459   988  1736 D UnisocDisplayJamMonitorImpl: Switch focus to null.
05-07 06:12:59.467   988  1018 V BroadcastQueue: Enqueuing BroadcastRecord{e30f116 android.intent.action.DROPBOX_ENTRY_ADDED/u-1} from uid 1000 pid 988 for 2 receivers
05-07 06:12:59.468  5192  5250 I Process : Sending signal. PID: 5192 SIG: 9
05-07 06:12:59.488   635   635 I BpBinder: onLastStrongRef automatically unlinking death recipients: 
05-07 06:12:59.516   988  1087 I WindowManager: WIN DEATH: Window{4d5dcab u0 com.gtaxi.rider/com.gtaxi.rider.MainActivity}, [type=1]-[Surface(name=*Title#1907)/@0x7139887, shown=false, alpha=0.0, windowType=1]
05-07 06:12:59.516   988  1087 W InputManager-JNI: Input channel object '4d5dcab com.gtaxi.rider/com.gtaxi.rider.MainActivity (client)' was disposed without first being removed with the input manager!
05-07 06:12:59.516   988  1178 D ConnectivityService: releasing NetworkRequest [ REQUEST id=1002, [ Capabilities: INTERNET&NOT_RESTRICTED&TRUSTED&NOT_VCN_MANAGED Uid: 10248 RequestorUid: 10248 RequestorPkg: com.gtaxi.rider UnderlyingNetworks: Null] ] (release request)
05-07 06:12:59.517   988  2632 I ActivityManager: Process com.gtaxi.rider (pid 5192) has died: fg  TOP 
05-07 06:12:59.517   988  1045 I libprocessgroup: Successfully killed process cgroup uid 10248 pid 5192 in 0ms
05-07 06:12:59.517   988  1192 I ImeTracker: com.gtaxi.rider:6f5f72b0: onRequestHide at ORIGIN_SERVER_HIDE_INPUT reason HIDE_REMOVE_CLIENT
05-07 06:12:59.517   988  1178 D ConnectivityService: releasing NetworkRequest [ REQUEST id=1008, [ Capabilities: INTERNET&NOT_RESTRICTED&TRUSTED&NOT_VCN_MANAGED Uid: 10248 RequestorUid: 10248 RequestorPkg: com.gtaxi.rider UnderlyingNetworks: Null] ] (release request)
05-07 06:12:59.517   988  1192 I ImeTracker: com.gtaxi.rider:6f5f72b0: onCancelled at PHASE_SERVER_SHOULD_HIDE
05-07 06:12:59.517   561   561 I Zygote  : Process 5192 exited due to signal 9 (Killed)
05-07 06:12:59.517   988  1178 D ConnectivityService: releasing NetworkRequest [ REQUEST id=1004, [ Capabilities: INTERNET&NOT_RESTRICTED&TRUSTED&NOT_VCN_MANAGED Uid: 10248 RequestorUid: 10248 RequestorPkg: com.gtaxi.rider UnderlyingNetworks: Null] ] (release request)
05-07 06:12:59.517   988  1178 D ConnectivityService: releasing NetworkRequest [ REQUEST id=1006, [ Capabilities: INTERNET&NOT_RESTRICTED&TRUSTED&NOT_VCN_MANAGED Uid: 10248 RequestorUid: 10248 RequestorPkg: com.gtaxi.rider UnderlyingNetworks: Null] ] (release request)
05-07 06:12:59.517   988  1087 D WindowManager: isSupportDynamicNavbar user0, navBarMode = 2, is3buttonModeNavbar = false
05-07 06:12:59.517   988  1178 D ConnectivityService: releasing NetworkRequest [ REQUEST id=1010, [ Capabilities: INTERNET&NOT_RESTRICTED&TRUSTED&NOT_VCN_MANAGED Uid: 10248 RequestorUid: 10248 RequestorPkg: com.gtaxi.rider UnderlyingNetworks: Null] ] (release request)
05-07 06:12:59.521   988  1019 D DisplayManagerService: Drop pending events for gone uid 10248
05-07 06:12:59.530   988  2632 D WindowManager: isSupportDynamicNavbar user0, navBarMode = 2, is3buttonModeNavbar = false
05-07 06:12:59.541   988  1461 D PowerController.RecogA: packageName:com.google.android.gms mFgEvent:SYSTEM_INTERACTION mLastTimeFgEventChanged:32316963 mLastLaunchTime:0 mProcState:PROCESS_STATE_CACHED_EMPTY mLastTimeProcStateChanged:0 mNotificationState:0 mLastTimeNotificationStateChanged:0 mAudioState:0 mLastTimeAudioStateChanged:0 mRequestGps:true mAvoidConstraintGps:false mBehaviorType:0 mScreenOn:true mLastTimeScreenStateChanged:32177256 mLastBgTime:0 mFgDuration:0 mAudioDuration:0 mBgAudioDuration:0 mHasNoClearNotificationWhenNavi:false
05-07 06:12:59.541   988  1087 D WindowManager: isSupportDynamicNavbar user0, navBarMode = 2, is3buttonModeNavbar = false
05-07 06:12:59.546   603   603 D PowerHAL: Enter getSceneIdByName: sceneName:com.android.launcher3
05-07 06:12:59.546   603   603 D PowerHAL: Enter getSceneIdByName: sceneName:PACKAGE
05-07 06:12:59.548  1642  1642 D b/267448330: provider: ComponentInfo{com.google.android.googlequicksearchbox/com.google.android.googlequicksearchbox.SearchWidgetProvider}, paddedSizes: [680.8889x150.22223, 1107.5555x79.111115], getMinMaxSizes: Rect(680, 79 - 1107, 150)
05-07 06:12:59.551   577   577 I mali_gralloc: allocate: id=24100000649, hal_format=RGBA8888, mali_format=RGBA8888, afbc=SPLIT, usage=GPU_RW|HWC, size=800x1280(4160512), stride=800, name=VRI[GoogleDiscoverWindow]#20(BLAST Consumer)20
05-07 06:12:59.551 12948  5292 D mali_gralloc: register: id=24100000649, handle=0xb4000071cb681210, importpid=-1, gRegisteredHandles=20
05-07 06:12:59.552   577   577 I mali_gralloc: allocate: id=2410000064a, hal_format=RGBA8888, mali_format=RGBA8888, afbc=SPLIT, usage=GPU_RW|HWC, size=800x1280(4160512), stride=800, name=VRI[GoogleDiscoverWindow]#20(BLAST Consumer)20
05-07 06:12:59.553 12948  5292 D mali_gralloc: register: id=2410000064a, handle=0xb4000071cb62c9d0, importpid=-1, gRegisteredHandles=21
05-07 06:12:59.554   577   577 I mali_gralloc: allocate: id=2410000064b, hal_format=RGBA8888, mali_format=RGBA8888, afbc=SPLIT, usage=GPU_RW|HWC, size=800x1280(4160512), stride=800, name=VRI[GoogleDiscoverWindow]#20(BLAST Consumer)20
05-07 06:12:59.554 12948  5292 D mali_gralloc: register: id=2410000064b, handle=0xb4000071cb62fd90, importpid=-1, gRegisteredHandles=22
05-07 06:12:59.557   635   836 D mali_gralloc: register: id=24100000649, handle=0xb400006f0f19a5d0, importpid=12948, gRegisteredHandles=13
05-07 06:12:59.557 12948 12948 I bxmb    : onStart
05-07 06:12:59.557   988  2634 D WindowManager: finishDrawingLocked: merge with mWin.mSyncTransaction!!! ,mWin = Window{59150bc u0 GoogleDiscoverWindow}, [type=4]-[Surface(name=*Title#1913)/@0x1e5cbc6, shown=false, alpha=0.0, windowType=4] ,inputHandle = 59150bc GoogleDiscoverWindow, frame=[0,0,0,0], touchableRegion=SkRegion((0,0,800,1280)), scaleFactor=1.0, transform=null, windowToken=android.os.BinderProxy@3c514af, displayId=0, isClone=false, packageName=com.android.launcher3, ownerPid=12948, touchableRegionSurfaceControl=java.lang.ref.WeakReference@4768766, replaceTouchableRegionWithCrop=false, changed=false
05-07 06:12:59.558   988  1022 D WindowManager: isSupportDynamicNavbar user0, navBarMode = 2, is3buttonModeNavbar = false
05-07 06:12:59.560 12948 12948 I bvgd    : (REDACTED) [%s] onStart()
05-07 06:12:59.560 12948 12948 I bvip    : Reloading theme data
05-07 06:12:59.563 12948 12948 E NetworkErrorMessage: (REDACTED) Invalid connectivity state: %s
05-07 06:12:59.563 12948 12948 I bxmb    : onResume
05-07 06:12:59.567   988  3199 D WindowManager: isSupportDynamicNavbar user0, navBarMode = 2, is3buttonModeNavbar = false
05-07 06:12:59.574   988  3199 D WindowManager: isSupportDynamicNavbar user0, navBarMode = 2, is3buttonModeNavbar = false
05-07 06:12:59.574   988  3199 I WindowManager: Input focus has changed to Window{4ee602 u0 com.android.launcher3/com.android.searchlauncher.SearchLauncher}, [type=1]-[Surface(name=*Title#1914)/@0x30a9a20, shown=false, alpha=0.0, windowType=1] from 4d5dcab com.gtaxi.rider/com.gtaxi.rider.MainActivity mDisplayId 0 updateInputWindows true
05-07 06:12:59.575   988  3199 D UnisocDisplayJamMonitorImpl: Switch focus to Window{4ee602 u0 com.android.launcher3/com.android.searchlauncher.SearchLauncher}, [type=1]-[Surface(name=*Title#1914)/@0x30a9a20, shown=false, alpha=0.0, windowType=1] on APP(ActivityRecord{37d711f u0 com.android.launcher3/com.android.searchlauncher.SearchLauncher t248 d0}) from null, newWindowHandle = 4ee602 com.android.launcher3/com.android.searchlauncher.SearchLauncher, frame=[0,0,0,0], touchableRegion=SkRegion(), scaleFactor=1.0, transform=null, windowToken=android.os.BinderProxy@c2e3b4d, displayId=0, isClone=false, packageName=com.android.launcher3, ownerPid=1642, touchableRegionSurfaceControl=java.lang.ref.WeakReference@2f476c3, replaceTouchableRegionWithCrop=false, changed=true mGlobalScale=1.0 mCompatScale=1.0 mInvGlobalScale=1.0
05-07 06:12:59.579   577   577 I mali_gralloc: allocate: id=2410000064c, hal_format=RGBA8888, mali_format=RGBA8888, afbc=SPLIT, usage=GPU_RW|HWC, size=800x1280(4160512), stride=800, name=VRI[SearchLauncher]#19(BLAST Consumer)19
05-07 06:12:59.580  1642  5293 D mali_gralloc: register: id=2410000064c, handle=0xb4000071cb66ac50, importpid=-1, gRegisteredHandles=34
05-07 06:12:59.581   577   577 I mali_gralloc: allocate: id=2410000064d, hal_format=RGBA8888, mali_format=RGBA8888, afbc=SPLIT, usage=GPU_RW|HWC, size=800x1280(4160512), stride=800, name=VRI[SearchLauncher]#19(BLAST Consumer)19
05-07 06:12:59.581  1642  5293 D mali_gralloc: register: id=2410000064d, handle=0xb4000071cb68ff70, importpid=-1, gRegisteredHandles=35
05-07 06:12:59.582   577   577 I mali_gralloc: allocate: id=2410000064e, hal_format=RGBA8888, mali_format=RGBA8888, afbc=SPLIT, usage=GPU_RW|HWC, size=800x1280(4160512), stride=800, name=VRI[SearchLauncher]#19(BLAST Consumer)19
05-07 06:12:59.583  1642  5293 D mali_gralloc: register: id=2410000064e, handle=0xb4000071cb670ad0, importpid=-1, gRegisteredHandles=36
05-07 06:12:59.590   635   682 D mali_gralloc: register: id=2410000064d, handle=0xb400006f0f198410, importpid=1642, gRegisteredHandles=14
05-07 06:12:59.598   988  1022 W WindowManager: Failed to deliver inset control state change to w=Window{4d5dcab u0 com.gtaxi.rider/com.gtaxi.rider.MainActivity EXITING}, [type=1]-[Surface(name=*Title#1907)/@0x7139887, shown=false, alpha=0.0, windowType=1]
05-07 06:12:59.598   988  1022 W WindowManager: android.os.DeadObjectException
05-07 06:12:59.598   988  1022 W WindowManager: 	at android.os.BinderProxy.transactNative(Native Method)
05-07 06:12:59.598   988  1022 W WindowManager: 	at android.os.BinderProxy.transact(BinderProxy.java:599)
05-07 06:12:59.598   988  1022 W WindowManager: 	at android.view.IWindow$Stub$Proxy.insetsControlChanged(IWindow.java:479)
05-07 06:12:59.598   988  1022 W WindowManager: 	at com.android.server.wm.WindowState.notifyInsetsControlChanged(WindowState.java:3910)
05-07 06:12:59.598   988  1022 W WindowManager: 	at com.android.server.wm.InsetsStateController.lambda$notifyPendingInsetsControlChanged$3(InsetsStateController.java:343)
05-07 06:12:59.598   988  1022 W WindowManager: 	at com.android.server.wm.InsetsStateController.$r8$lambda$8yykPRG1GyNq_J17QvL9d5xANMc(InsetsStateController.java:0)
05-07 06:12:59.598   988  1022 W WindowManager: 	at com.android.server.wm.InsetsStateController$$ExternalSyntheticLambda2.run(R8$$SyntheticClass:0)
05-07 06:12:59.598   988  1022 W WindowManager: 	at com.android.server.wm.WindowAnimator.executeAfterPrepareSurfacesRunnables(WindowAnimator.java:294)
05-07 06:12:59.598   988  1022 W WindowManager: 	at com.android.server.wm.WindowAnimator.animate(WindowAnimator.java:202)
05-07 06:12:59.598   988  1022 W WindowManager: 	at com.android.server.wm.WindowAnimator.lambda$new$1(WindowAnimator.java:99)
05-07 06:12:59.598   988  1022 W WindowManager: 	at com.android.server.wm.WindowAnimator.$r8$lambda$aHNu1uhcqxihX5NZc4McDDQPAyw(WindowAnimator.java:0)
05-07 06:12:59.598   988  1022 W WindowManager: 	at com.android.server.wm.WindowAnimator$$ExternalSyntheticLambda1.doFrame(R8$$SyntheticClass:0)
05-07 06:12:59.598   988  1022 W WindowManager: 	at android.view.Choreographer$CallbackRecord.run(Choreographer.java:1397)
05-07 06:12:59.598   988  1022 W WindowManager: 	at android.view.Choreographer$CallbackRecord.run(Choreographer.java:1408)
05-07 06:12:59.598   988  1022 W WindowManager: 	at android.view.Choreographer.doCallbacks(Choreographer.java:1012)
05-07 06:12:59.598   988  1022 W WindowManager: 	at android.view.Choreographer.doFrame(Choreographer.java:938)
05-07 06:12:59.598   988  1022 W WindowManager: 	at android.view.Choreographer$FrameDisplayEventReceiver.run(Choreographer.java:1382)
05-07 06:12:59.598   988  1022 W WindowManager: 	at android.os.Handler.handleCallback(Handler.java:958)
05-07 06:12:59.598   988  1022 W WindowManager: 	at android.os.Handler.dispatchMessage(Handler.java:99)
05-07 06:12:59.598   988  1022 W WindowManager: 	at android.os.Looper.loopOnce(Looper.java:205)
05-07 06:12:59.598   988  1022 W WindowManager: 	at android.os.Looper.loop(Looper.java:294)
05-07 06:12:59.598   988  1022 W WindowManager: 	at android.os.HandlerThread.run(HandlerThread.java:67)
05-07 06:12:59.598   988  1022 W WindowManager: 	at com.android.server.ServiceThread.run(ServiceThread.java:46)
05-07 06:12:59.600   635   682 D mali_gralloc: register: id=2410000064e, handle=0xb400006f0f1a5c10, importpid=1642, gRegisteredHandles=15
05-07 06:12:59.600   988  1022 D WindowManager: isSupportDynamicNavbar user0, navBarMode = 2, is3buttonModeNavbar = false
05-07 06:12:59.604   988  1087 D WindowManager: finishDrawingLocked: merge with mWin.mSyncTransaction!!! ,mWin = Window{4ee602 u0 com.android.launcher3/com.android.searchlauncher.SearchLauncher}, [type=1]-[Surface(name=*Title#1914)/@0x30a9a20, shown=false, alpha=0.0, windowType=1] ,inputHandle = 4ee602 com.android.launcher3/com.android.searchlauncher.SearchLauncher, frame=[0,0,0,0], touchableRegion=SkRegion((0,0,800,1280)), scaleFactor=1.0, transform=null, windowToken=android.os.BinderProxy@c2e3b4d, displayId=0, isClone=false, packageName=com.android.launcher3, ownerPid=1642, touchableRegionSurfaceControl=java.lang.ref.WeakReference@2f476c3, replaceTouchableRegionWithCrop=false, changed=false
05-07 06:12:59.607   988  1022 D WindowManager: isSupportDynamicNavbar user0, navBarMode = 2, is3buttonModeNavbar = false
05-07 06:12:59.610   635   682 D mali_gralloc: register: id=2410000064c, handle=0xb400006f0f1a12f0, importpid=1642, gRegisteredHandles=16
05-07 06:12:59.613   577   577 I mali_gralloc: allocate: id=2410000064f, hal_format=RGBA8888, mali_format=RGBA8888, afbc=false, usage=CPU_RW|GPU_RW|HWC, size=800x1280(4096000), stride=800, name=screenshot
05-07 06:12:59.614   635   682 D mali_gralloc: register: id=2410000064f, handle=0xb400006f0f198ad0, importpid=-1, gRegisteredHandles=17
05-07 06:12:59.618   988  2634 D mali_gralloc: register: id=2410000064f, handle=0xb4000071cb6e76f0, importpid=635, gRegisteredHandles=5
05-07 06:12:59.620  1642  1691 D QuickstepModelDelegate: notifyAppTargetEvent action=1 launchLocation=workspace/1/[-1,-1]/[1,1]
05-07 06:12:59.621   988  1018 V WindowManager: Sent Transition #134 createdAt=05-07 06:12:59.455 via request=TransitionRequestInfo { type = CLOSE, triggerTask = null, remoteTransition = null, displayChange = null }
05-07 06:12:59.621   988  1018 V WindowManager:     startWCT=WindowContainerTransaction { changes = {} hops = [] errorCallbackToken=null taskFragmentOrganizer=null }
05-07 06:12:59.621   988  1018 V WindowManager:     info={id=134 t=CLOSE f=0x10 trk=0 r=[0@Point(0, 0)] c=[{WCT{RemoteToken{b5392b0 Task{bf22427 #247 type=home}}} m=TO_FRONT f=SHOW_WALLPAPER|MOVE_TO_TOP leash=Surface(name=Task=247#122)/@0xca96062 sb=Rect(0, 0 - 800, 1280) eb=Rect(0, 0 - 800, 1280) d=0},{WCT{RemoteToken{4a5f48d Task{bf1aee2 #274 type=standard A=10248:com.gtaxi.rider}}} m=CLOSE f=NONE leash=Surface(name=Task=274#1898)/@0xbaff5b7 sb=Rect(0, 0 - 800, 1280) eb=Rect(0, 0 - 800, 1280) d=0},{null m=TO_FRONT f=IS_WALLPAPER leash=Surface(name=WallpaperWindowToken{ebe5fb2 token=android.os.Binder@30dcdbd}#62)/@0xdd72ff sb=Rect(0, 0 - 800, 1280) eb=Rect(0, 0 - 800, 1280) d=0}]}
05-07 06:12:59.622  1285  1315 V WindowManagerShell: onTransitionReady android.os.BinderProxy@9801f8c: {id=134 t=CLOSE f=0x10 trk=0 r=[0@Point(0, 0)] c=[{WCT{android.window.IWindowContainerToken$Stub$Proxy@51d7b51} m=TO_FRONT f=SHOW_WALLPAPER|MOVE_TO_TOP leash=Surface(name=Task=247#122)/@0x77246d5 sb=Rect(0, 0 - 800, 1280) eb=Rect(0, 0 - 800, 1280) d=0},{WCT{android.window.IWindowContainerToken$Stub$Proxy@ac65fb6} m=CLOSE f=NONE leash=Surface(name=Task=274#1898)/@0xafb3eea sb=Rect(0, 0 - 800, 1280) eb=Rect(0, 0 - 800, 1280) d=0},{null m=TO_FRONT f=IS_WALLPAPER leash=Surface(name=WallpaperWindowToken{ebe5fb2 token=android.os.Binder@30dcdbd}#62)/@0xd2145db sb=Rect(0, 0 - 800, 1280) eb=Rect(0, 0 - 800, 1280) d=0}]}
05-07 06:12:59.622   635   635 I Layer   : fillInputInfo layer:Wallpaper BBQ wrapper#67, visible=1 (hasInputInfo:1, isHidden:0, alpha:1.000000, parent:com.android.systemui.wallpapers.ImageWallpaper#66,parenthidden:0, parentalpha:1.000000, mBuffer:1, mSidebandStream:0,hasSomethingToDraw:1, hasEffect:0, fillsColor:0, drawShadows:0, hasBlur:0)
05-07 06:12:59.622   635   635 I Layer   : fillInputInfo layer:com.android.systemui.wallpapers.ImageWallpaper#66, visible=1 (hasInputInfo:1, isHidden:0, alpha:1.000000, parent:379f0c2 com.android.systemui.wallpapers.ImageWallpaper#65,parenthidden:0, parentalpha:1.000000, mBuffer:0, mSidebandStream:0,hasSomethingToDraw:0, hasEffect:0, fillsColor:0, drawShadows:0, hasBlur:0)
05-07 06:12:59.623  1285  1315 V WindowManagerShell: Playing animation for (#134)android.os.BinderProxy@9801f8c@0
05-07 06:12:59.623  1285  1315 V WindowManagerShell:  try handler com.android.wm.shell.transition.DefaultMixedHandler@32c573b
05-07 06:12:59.623  1285  1315 V WindowManagerShell:  try handler com.android.wm.shell.keyguard.KeyguardTransitionHandler@f174e58
05-07 06:12:59.623  1285  1315 V WindowManagerShell:  try handler com.android.wm.shell.activityembedding.ActivityEmbeddingController@6db5bb1
05-07 06:12:59.623  1285  1315 V WindowManagerShell:  try handler com.android.wm.shell.recents.RecentsTransitionHandler@d3c2896
05-07 06:12:59.623  1285  1315 V ShellRecents: RecentsTransitionHandler.startAnimation: no controller found
05-07 06:12:59.623  1285  1315 V WindowManagerShell:  try handler com.android.wm.shell.pip.PipTransition@ff2c17
05-07 06:12:59.623  1285  1315 V WindowManagerShell:  try handler com.android.wm.shell.splitscreen.StageCoordinator@cdef804
05-07 06:12:59.624  1285  1315 V WindowManagerShell:  try handler com.android.wm.shell.transition.RemoteTransitionHandler@19901ed
05-07 06:12:59.624  1285  1315 V WindowManagerShell: Transition doesn't have explicit remote, search filters for match for {id=134 t=CLOSE f=0x10 trk=0 r=[0@Point(0, 0)] c=[{WCT{android.window.IWindowContainerToken$Stub$Proxy@51d7b51} m=TO_FRONT f=SHOW_WALLPAPER|MOVE_TO_TOP leash=Surface(name=Task=247#122)/@0x77246d5 sb=Rect(0, 0 - 800, 1280) eb=Rect(0, 0 - 800, 1280) d=0},{WCT{android.window.IWindowContainerToken$Stub$Proxy@ac65fb6} m=CLOSE f=NONE leash=Surface(name=Task=274#1898)/@0xafb3eea sb=Rect(0, 0 - 800, 1280) eb=Rect(0, 0 - 800, 1280) d=0},{null m=TO_FRONT f=IS_WALLPAPER leash=Surface(name=WallpaperWindowToken{ebe5fb2 token=android.os.Binder@30dcdbd}#62)/@0xd2145db sb=Rect(0, 0 - 800, 1280) eb=Rect(0, 0 - 800, 1280) d=0}]}
05-07 06:12:59.624  1285  1315 V WindowManagerShell:  Checking filter Pair{{types=[] flags=0x0] notFlags=0x100 checks=[{atype=home independent=true modes=[OPEN,TO_FRONT] flags=NONE mustBeTask=false order=TOP topActivity=ComponentInfo{com.android.launcher3/com.android.searchlauncher.SearchLauncher}},{atype=standard independent=true modes=[CLOSE,TO_BACK] flags=NONE mustBeTask=false order=ANY topActivity=null}]} RemoteTransition { remoteTransition = android.window.IRemoteTransition$Stub$Proxy@38f1aa1, appThread = android.app.IApplicationThread$Stub$Proxy@79194c6, debugName = QuickstepLaunchHome }}
05-07 06:12:59.624  1285  1315 D RemoteTransitionHandler: Found filterPair{{types=[] flags=0x0] notFlags=0x100 checks=[{atype=home independent=true modes=[OPEN,TO_FRONT] flags=NONE mustBeTask=false order=TOP topActivity=ComponentInfo{com.android.launcher3/com.android.searchlauncher.SearchLauncher}},{atype=standard independent=true modes=[CLOSE,TO_BACK] flags=NONE mustBeTask=false order=ANY topActivity=null}]} RemoteTransition { remoteTransition = android.window.IRemoteTransition$Stub$Proxy@38f1aa1, appThread = android.app.IApplicationThread$Stub$Proxy@79194c6, debugName = QuickstepLaunchHome }}
05-07 06:12:59.624  1285  1315 V WindowManagerShell:  Delegate animation for #134 to RemoteTransition { remoteTransition = android.window.IRemoteTransition$Stub$Proxy@38f1aa1, appThread = android.app.IApplicationThread$Stub$Proxy@79194c6, debugName = QuickstepLaunchHome }
05-07 06:12:59.625  1285 20449 D mali_gralloc: register: id=2410000064f, handle=0xb4000071cb63c4b0, importpid=988, gRegisteredHandles=96
05-07 06:12:59.625  1642  1653 D mali_gralloc: register: id=2410000064f, handle=0xb4000071cb67b810, importpid=988, gRegisteredHandles=37
05-07 06:12:59.626  1285  1437 D mali_gralloc: register: id=2410000064f, handle=0xb4000071cb6f9150, importpid=988, gRegisteredHandles=97
05-07 06:12:59.626  1285  1295 D mali_gralloc: register: id=2410000064f, handle=0xb4000071cb695970, importpid=988, gRegisteredHandles=96
05-07 06:12:59.626  1285  1437 D mali_gralloc: unregister: id=2410000064f, handle=0xb4000071cb6f9150, base=0x0, importpid=1285, count:2
05-07 06:12:59.626  1285  1285 D mali_gralloc: unregister: id=2410000064f, handle=0xb4000071cb695970, base=0x0, importpid=1285, count:1
05-07 06:12:59.644  1285  1315 V WindowManagerShell:  animated by com.android.wm.shell.transition.RemoteTransitionHandler@19901ed
05-07 06:12:59.644  1285  1315 D TaskStackListenerImpl: onTaskSnapshotChanged close hardwarebuffer, snapshot = TaskSnapshot{ mId=1778148779611 mCaptureTime=32317048113782 mTopActivityComponent=com.gtaxi.rider/.MainActivity mSnapshot=android.hardware.HardwareBuffer@a010e90 (800x1280) mColorSpace=sRGB IEC61966-2.1 (id=0, model=RGB) mOrientation=1 mRotation=0 mTaskSize=Point(800, 1280) mContentInsets=[0,27][0,27] mLetterboxInsets=[0,0][0,0] mIsLowResolution=false mIsRealSnapshot=true mWindowingMode=1 mAppearance=0 mIsTranslucent=false mHasImeSurface=false
05-07 06:12:59.645  1285  1315 D mali_gralloc: unregister: id=2410000064f, handle=0xb4000071cb63c4b0, base=0x0, importpid=1285, count:0
05-07 06:12:59.650  1642  1642 D QuickstepTransitionManager: excute ClosingWindowAnim, the IconView is com.android.launcher3.views.DoubleShadowBubbleTextView{6ac3f4a VFED..CL. ........ 0,366-130,549 #46}, targetRect = RectF(43.0, 444.0, 106.0, 507.0)
05-07 06:12:59.651  1642  1642 D ningshuran: ningshuran color
05-07 06:12:59.651  1642  1642 D ningshuran: ningshuran color
05-07 06:12:59.652  1642  1642 D ningshuran: ningshuran color
05-07 06:12:59.652  1642  1642 D ningshuran: ningshuran color
05-07 06:12:59.652  1642  1642 D ningshuran: ningshuran color
05-07 06:12:59.652  1642  1642 D ningshuran: ningshuran color
05-07 06:12:59.652  1642  1642 D ningshuran: ningshuran color
05-07 06:12:59.653  1642  1642 D ningshuran: ningshuran color
05-07 06:12:59.653  1642  1642 D ningshuran: ningshuran color
05-07 06:12:59.653  1642  1642 D ningshuran: ningshuran color
05-07 06:12:59.653  1642  1642 D ningshuran: ningshuran color
05-07 06:12:59.653  1642  1642 D ningshuran: ningshuran color
05-07 06:12:59.653  1642  1642 D ningshuran: ningshuran color
05-07 06:12:59.653  1642  1642 D ningshuran: ningshuran color
05-07 06:12:59.653  1642  1642 D ningshuran: ningshuran color
05-07 06:12:59.653  1642  1642 D ningshuran: ningshuran color
05-07 06:12:59.653  1642  1642 D ningshuran: ningshuran color
05-07 06:12:59.653  1642  1642 D ningshuran: ningshuran color
05-07 06:12:59.653  1642  1642 D ningshuran: ningshuran color
05-07 06:12:59.654  1642  1642 D ningshuran: ningshuran color
05-07 06:12:59.654  1642  1642 D ningshuran: ningshuran color
05-07 06:12:59.655  1642  1642 D ningshuran: ningshuran color
05-07 06:12:59.655  1642  1642 D ningshuran: ningshuran color
05-07 06:12:59.655  1642  1642 D ningshuran: ningshuran color
05-07 06:12:59.655  1642  1642 D ningshuran: ningshuran color
05-07 06:12:59.655  1642  1642 D ningshuran: ningshuran color
05-07 06:12:59.655  1642  1642 D ningshuran: ningshuran color
05-07 06:12:59.656   635   635 I Layer   : fillInputInfo layer:com.android.launcher3/com.android.searchlauncher.SearchLauncher#1914, visible=1 (hasInputInfo:1, isHidden:0, alpha:1.000000, parent:4ee602 com.android.launcher3/com.android.searchlauncher.SearchLauncher#125,parenthidden:0, parentalpha:1.000000, mBuffer:1, mSidebandStream:0,hasSomethingToDraw:1, hasEffect:0, fillsColor:0, drawShadows:0, hasBlur:0)
05-07 06:12:59.657   635   635 I Layer   : fillInputInfo layer:533bcbe ActivityRecordInputSink com.android.launcher3/com.android.searchlauncher.SearchLauncher#134, visible=1 (hasInputInfo:1, isHidden:0, alpha:1.000000, parent:ActivityRecord{37d711f u0 com.android.launcher3/com.android.searchlauncher.SearchLauncher#124,parenthidden:0, parentalpha:1.000000, mBuffer:0, mSidebandStream:0,hasSomethingToDraw:0, hasEffect:0, fillsColor:0, drawShadows:0, hasBlur:0)
05-07 06:12:59.660   635   684 D mali_gralloc: unregister: id=2410000064f, handle=0xb400006f0f198ad0, base=0x0, importpid=635, count:0
05-07 06:12:59.661   988  1192 I ImeTracker: com.android.launcher3:d7de11e9: onRequestHide at ORIGIN_SERVER_HIDE_INPUT reason HIDE_UNSPECIFIED_WINDOW
05-07 06:12:59.662   988  1192 I ImeTracker: com.android.launcher3:d7de11e9: onCancelled at PHASE_SERVER_SHOULD_HIDE
05-07 06:12:59.664  4419  4419 I GoogleInputMethodService: GoogleInputMethodService.onFinishInput():2259 
05-07 06:12:59.665  4419  4419 I Module  : DeviceLockedStatusModuleProvider$Module.updateDeviceLockedStatus():103 repeatCheckTimes = 0, locked = false
05-07 06:12:59.666  4419  4419 I GoogleInputMethodService: GoogleInputMethodService.onStartInput():1446 onStartInput(EditorInfo{EditorInfo{packageName=com.android.launcher3, inputType=0, inputTypeString=NULL, enableLearning=false, autoCorrection=false, autoComplete=false, imeOptions=0, privateImeOptions=null, actionName=UNSPECIFIED, actionLabel=null, initialSelStart=-1, initialSelEnd=-1, initialCapsMode=0, label=null, fieldId=0, fieldName=null, extras=null, hintText=null, hintLocales=[]}}, false)
05-07 06:12:59.666  4419  4419 W AndroidIME: LatinIMEBase.updateInputViewCoverNavigation():327 Null input view, cannot update padding!
05-07 06:12:59.667  4419  4419 I Module  : DeviceLockedStatusModuleProvider$Module.updateDeviceLockedStatus():103 repeatCheckTimes = 1, locked = false
05-07 06:12:59.668   988  2632 W PackageConfigPersister: App-specific configuration not found for packageName: com.android.launcher3 and userId: 0
05-07 06:12:59.670   988  1022 W WindowManager: Failed to deliver inset control state change to w=Window{4d5dcab u0 com.gtaxi.rider/com.gtaxi.rider.MainActivity EXITING}, [type=1]-[Surface(name=*Title#1907)/@0x7139887, shown=false, alpha=0.0, windowType=1]
05-07 06:12:59.670   988  1022 W WindowManager: android.os.DeadObjectException
05-07 06:12:59.670   988  1022 W WindowManager: 	at android.os.BinderProxy.transactNative(Native Method)
05-07 06:12:59.670   988  1022 W WindowManager: 	at android.os.BinderProxy.transact(BinderProxy.java:599)
05-07 06:12:59.670   988  1022 W WindowManager: 	at android.view.IWindow$Stub$Proxy.insetsControlChanged(IWindow.java:479)
05-07 06:12:59.670   988  1022 W WindowManager: 	at com.android.server.wm.WindowState.notifyInsetsControlChanged(WindowState.java:3910)
05-07 06:12:59.670   988  1022 W WindowManager: 	at com.android.server.wm.InsetsStateController.lambda$notifyPendingInsetsControlChanged$3(InsetsStateController.java:343)
05-07 06:12:59.670   988  1022 W WindowManager: 	at com.android.server.wm.InsetsStateController.$r8$lambda$8yykPRG1GyNq_J17QvL9d5xANMc(InsetsStateController.java:0)
05-07 06:12:59.670   988  1022 W WindowManager: 	at com.android.server.wm.InsetsStateController$$ExternalSyntheticLambda2.run(R8$$SyntheticClass:0)
05-07 06:12:59.670   988  1022 W WindowManager: 	at com.android.server.wm.WindowAnimator.executeAfterPrepareSurfacesRunnables(WindowAnimator.java:294)
05-07 06:12:59.670   988  1022 W WindowManager: 	at com.android.server.wm.RootWindowContainer.performSurfacePlacementNoTrace(RootWindowContainer.java:846)
05-07 06:12:59.670   988  1022 W WindowManager: 	at com.android.server.wm.RootWindowContainer.performSurfacePlacement(RootWindowContainer.java:791)
05-07 06:12:59.670   988  1022 W WindowManager: 	at com.android.server.wm.WindowSurfacePlacer.performSurfacePlacementLoop(WindowSurfacePlacer.java:187)
05-07 06:12:59.670   988  1022 W WindowManager: 	at com.android.server.wm.WindowSurfacePlacer.performSurfacePlacement(WindowSurfacePlacer.java:128)
05-07 06:12:59.670   988  1022 W WindowManager: 	at com.android.server.wm.WindowSurfacePlacer.performSurfacePlacement(WindowSurfacePlacer.java:117)
05-07 06:12:59.670   988  1022 W WindowManager: 	at com.android.server.wm.WindowSurfacePlacer$Traverser.run(WindowSurfacePlacer.java:59)
05-07 06:12:59.670   988  1022 W WindowManager: 	at android.os.Handler.handleCallback(Handler.java:958)
05-07 06:12:59.670   988  1022 W WindowManager: 	at android.os.Handler.dispatchMessage(Handler.java:99)
05-07 06:12:59.670   988  1022 W WindowManager: 	at android.os.Looper.loopOnce(Looper.java:205)
05-07 06:12:59.670   988  1022 W WindowManager: 	at android.os.Looper.loop(Looper.java:294)
05-07 06:12:59.670   988  1022 W WindowManager: 	at android.os.HandlerThread.run(HandlerThread.java:67)
05-07 06:12:59.670   988  1022 W WindowManager: 	at com.android.server.ServiceThread.run(ServiceThread.java:46)
05-07 06:12:59.671  1642  1642 D ningshuran: ningshuran color
05-07 06:12:59.671  1642  1642 D ningshuran: ningshuran color
05-07 06:12:59.671  1642  1642 D ningshuran: ningshuran color
05-07 06:12:59.671  1642  1642 D ningshuran: ningshuran color
05-07 06:12:59.672  1642  1642 D ningshuran: ningshuran color
05-07 06:12:59.672  1642  1642 D ningshuran: ningshuran color
05-07 06:12:59.672  1642  1642 D ningshuran: ningshuran color
05-07 06:12:59.672  1642  1642 D ningshuran: ningshuran color
05-07 06:12:59.688  1642  1642 D ningshuran: ningshuran color
05-07 06:12:59.688  1642  1642 D ningshuran: ningshuran color
05-07 06:12:59.688  1642  1642 D ningshuran: ningshuran color
05-07 06:12:59.688  1642  1642 D ningshuran: ningshuran color
05-07 06:12:59.688  1642  1642 D ningshuran: ningshuran color
05-07 06:12:59.688  1642  1642 D ningshuran: ningshuran color
05-07 06:12:59.688  1642  1642 D ningshuran: ningshuran color
05-07 06:12:59.688  1642  1642 D ningshuran: ningshuran color
05-07 06:12:59.691   578  2224 D SPRDHWComposer: HWC Range:1, HWC_Transfer:4
05-07 06:12:59.691   578  2224 D mali_gralloc: register: id=2410000060d, handle=0xb40000734894d830, importpid=635, gRegisteredHandles=14
05-07 06:12:59.691   578  2224 D SPRDHWComposer: HWC Range:1, HWC_Transfer:4
05-07 06:12:59.691   578  2224 D mali_gralloc: register: id=2410000064e, handle=0xb400007348949a50, importpid=635, gRegisteredHandles=15
05-07 06:12:59.705  1642  1642 D ningshuran: ningshuran color
05-07 06:12:59.705  1642  1642 D ningshuran: ningshuran color
05-07 06:12:59.705  1642  1642 D ningshuran: ningshuran color
05-07 06:12:59.705  1642  1642 D ningshuran: ningshuran color
05-07 06:12:59.705  1642  1642 D ningshuran: ningshuran color
05-07 06:12:59.705  1642  1642 D ningshuran: ningshuran color
05-07 06:12:59.705  1642  1642 D ningshuran: ningshuran color
05-07 06:12:59.705  1642  1642 D ningshuran: ningshuran color
05-07 06:12:59.707   578  2224 D mali_gralloc: register: id=2410000064c, handle=0xb40000734894d3b0, importpid=635, gRegisteredHandles=16
05-07 06:12:59.721  1642  1642 D ningshuran: ningshuran color
05-07 06:12:59.721  1642  1642 D ningshuran: ningshuran color
05-07 06:12:59.722  1642  1642 D ningshuran: ningshuran color
05-07 06:12:59.722  1642  1642 D ningshuran: ningshuran color
05-07 06:12:59.722  1642  1642 D ningshuran: ningshuran color
05-07 06:12:59.722  1642  1642 D ningshuran: ningshuran color
05-07 06:12:59.722  1642  1642 D ningshuran: ningshuran color
05-07 06:12:59.722  1642  1642 D ningshuran: ningshuran color
05-07 06:12:59.724   578  2224 D mali_gralloc: register: id=2410000064d, handle=0xb40000734894a110, importpid=635, gRegisteredHandles=17
05-07 06:12:59.738  1642  1642 D ningshuran: ningshuran color
05-07 06:12:59.738  1642  1642 D ningshuran: ningshuran color
05-07 06:12:59.739  1642  1642 D ningshuran: ningshuran color
05-07 06:12:59.739  1642  1642 D ningshuran: ningshuran color
05-07 06:12:59.739  1642  1642 D ningshuran: ningshuran color
05-07 06:12:59.739  1642  1642 D ningshuran: ningshuran color
05-07 06:12:59.739  1642  1642 D ningshuran: ningshuran color
05-07 06:12:59.739  1642  1642 D ningshuran: ningshuran color
05-07 06:12:59.755  1642  1642 D ningshuran: ningshuran color
05-07 06:12:59.755  1642  1642 D ningshuran: ningshuran color
05-07 06:12:59.755  1642  1642 D ningshuran: ningshuran color
05-07 06:12:59.755  1642  1642 D ningshuran: ningshuran color
05-07 06:12:59.755  1642  1642 D ningshuran: ningshuran color
05-07 06:12:59.755  1642  1642 D ningshuran: ningshuran color
05-07 06:12:59.756  1642  1642 D ningshuran: ningshuran color
05-07 06:12:59.756  1642  1642 D ningshuran: ningshuran color
05-07 06:12:59.771  1642  1642 D ningshuran: ningshuran color
05-07 06:12:59.771  1642  1642 D ningshuran: ningshuran color
05-07 06:12:59.772  1642  1642 D ningshuran: ningshuran color
05-07 06:12:59.772  1642  1642 D ningshuran: ningshuran color
05-07 06:12:59.772  1642  1642 D ningshuran: ningshuran color
05-07 06:12:59.772  1642  1642 D ningshuran: ningshuran color
05-07 06:12:59.773  1642  1642 D ningshuran: ningshuran color
05-07 06:12:59.773  1642  1642 D ningshuran: ningshuran color
05-07 06:12:59.788  1642  1642 D ningshuran: ningshuran color
05-07 06:12:59.788  1642  1642 D ningshuran: ningshuran color
05-07 06:12:59.789  1642  1642 D ningshuran: ningshuran color
05-07 06:12:59.789  1642  1642 D ningshuran: ningshuran color
05-07 06:12:59.789  1642  1642 D ningshuran: ningshuran color
05-07 06:12:59.789  1642  1642 D ningshuran: ningshuran color
05-07 06:12:59.789  1642  1642 D ningshuran: ningshuran color
05-07 06:12:59.789  1642  1642 D ningshuran: ningshuran color
05-07 06:12:59.805  1642  1642 D ningshuran: ningshuran color
05-07 06:12:59.805  1642  1642 D ningshuran: ningshuran color
05-07 06:12:59.806  1642  1642 D ningshuran: ningshuran color
05-07 06:12:59.806  1642  1642 D ningshuran: ningshuran color
05-07 06:12:59.806  1642  1642 D ningshuran: ningshuran color
05-07 06:12:59.806  1642  1642 D ningshuran: ningshuran color
05-07 06:12:59.806  1642  1642 D ningshuran: ningshuran color
05-07 06:12:59.806  1642  1642 D ningshuran: ningshuran color
05-07 06:12:59.817  1285  1285 D ControlsListingControllerImpl: ServiceConfig reloaded, count: 0
05-07 06:12:59.822  1642  1642 D ningshuran: ningshuran color
05-07 06:12:59.822  1642  1642 D ningshuran: ningshuran color
05-07 06:12:59.822  1642  1642 D ningshuran: ningshuran color
05-07 06:12:59.822  1642  1642 D ningshuran: ningshuran color
05-07 06:12:59.823  1642  1642 D ningshuran: ningshuran color
05-07 06:12:59.823  1642  1642 D ningshuran: ningshuran color
05-07 06:12:59.823  1642  1642 D ningshuran: ningshuran color
05-07 06:12:59.823  1642  1642 D ningshuran: ningshuran color
05-07 06:12:59.831   988  1087 V AlarmManager: set(PendingIntent{62a4a5f: PendingIntentRecord{724ccac com.google.android.gms/com.google.android.gms.container startService}}) : type=3 listener=null listenerTag=null workSource=null callingPackage=com.google.android.gms callingUid=10125 triggerAtTime=315392317253 win=3600000 tElapsed=315392317253 maxElapsed=315395917253 interval=0 flags=0x0
05-07 06:12:59.832   988  1087 D AlarmManagerService: set alarm to kernel: 32832.625000000, type=2 
05-07 06:12:59.832   988  1087 D AlarmManagerService: set alarm to kernel: 32317.422000000, type=3 
05-07 06:12:59.838  1642  1642 D ningshuran: ningshuran color
05-07 06:12:59.838  1642  1642 D ningshuran: ningshuran color
05-07 06:12:59.839  1642  1642 D ningshuran: ningshuran color
05-07 06:12:59.839  1642  1642 D ningshuran: ningshuran color
05-07 06:12:59.839  1642  1642 D ningshuran: ningshuran color
05-07 06:12:59.839  1642  1642 D ningshuran: ningshuran color
05-07 06:12:59.839  1642  1642 D ningshuran: ningshuran color
05-07 06:12:59.840  1642  1642 D ningshuran: ningshuran color
05-07 06:12:59.850   988  1192 V AlarmManager: set(PendingIntent{a532d7b: PendingIntentRecord{5680798 com.google.android.gms/com.google.android.gms.container startService}}) : type=3 listener=null listenerTag=null workSource=null callingPackage=com.google.android.gms callingUid=10125 triggerAtTime=315392317273 win=3600000 tElapsed=315392317273 maxElapsed=315395917273 interval=0 flags=0x0
05-07 06:12:59.853   988  1192 D AlarmManagerService: set alarm to kernel: 32832.625000000, type=2 
05-07 06:12:59.853   988  1192 D AlarmManagerService: set alarm to kernel: 32317.422000000, type=3 
05-07 06:12:59.855  1642  1642 D ningshuran: ningshuran color
05-07 06:12:59.855  1642  1642 D ningshuran: ningshuran color
05-07 06:12:59.855  1642  1642 D ningshuran: ningshuran color
05-07 06:12:59.855  1642  1642 D ningshuran: ningshuran color
05-07 06:12:59.856  1642  1642 D ningshuran: ningshuran color
05-07 06:12:59.856  1642  1642 D ningshuran: ningshuran color
05-07 06:12:59.856  1642  1642 D ningshuran: ningshuran color
05-07 06:12:59.856  1642  1642 D ningshuran: ningshuran color
05-07 06:12:59.872  1642  1642 D ningshuran: ningshuran color
05-07 06:12:59.872  1642  1642 D ningshuran: ningshuran color
05-07 06:12:59.872  1642  1642 D ningshuran: ningshuran color
05-07 06:12:59.872  1642  1642 D ningshuran: ningshuran color
05-07 06:12:59.872  1642  1642 D ningshuran: ningshuran color
05-07 06:12:59.872  1642  1642 D ningshuran: ningshuran color
05-07 06:12:59.873   635   635 I Layer   : fillInputInfo layer:com.gtaxi.rider/com.gtaxi.rider.MainActivity#1907, visible=0 (hasInputInfo:1, isHidden:0, alpha:0.000000, parent:4d5dcab com.gtaxi.rider/com.gtaxi.rider.MainActivity#1906,parenthidden:0, parentalpha:0.000000, mBuffer:1, mSidebandStream:0,hasSomethingToDraw:1, hasEffect:0, fillsColor:0, drawShadows:0, hasBlur:0)
05-07 06:12:59.873  1642  1642 D ningshuran: ningshuran color
05-07 06:12:59.873  1642  1642 D ningshuran: ningshuran color
05-07 06:12:59.874   635   635 D mali_gralloc: unregister: id=24100000648, handle=0xb400006f0f1a36f0, base=0x0, importpid=635, count:0
05-07 06:12:59.874   635   635 D mali_gralloc: unregister: id=24100000646, handle=0xb400006f0f19f490, base=0x0, importpid=635, count:0
05-07 06:12:59.874   578  2224 D mali_gralloc: unregister: id=24100000646, handle=0xb40000734894e010, base=0x0, importpid=578, count:0
05-07 06:12:59.875   578  2224 D mali_gralloc: unregister: id=24100000648, handle=0xb40000734894b1f0, base=0x0, importpid=578, count:0
05-07 06:12:59.875   578  2224 D mali_gralloc: unregister: id=24100000647, handle=0xb40000734894ae90, base=0x0, importpid=578, count:0
05-07 06:12:59.888  1642  1642 D ningshuran: ningshuran color
05-07 06:12:59.965   988   988 V BroadcastQueue: Enqueuing BroadcastRecord{fb84c6a android.intent.action.BATTERY_CHANGED/u-1} from uid 1000 pid 988 for 22 receivers
05-07 06:12:59.970  1285  1781 D PowerUI : can't show warning due to - plugged: true status unknown: false
05-07 06:12:59.973  1285  1285 D UnisocBatteryControllerEx: fireChargingSpeedChanged: 1
05-07 06:12:59.973  1285  1285 D UnisocPowerUI: health:2 --> 2 mTemperature: 284
05-07 06:12:59.974  1285  1315 V WindowManagerShell: Transition animation finished (aborted=false), notifying core (#134)android.os.BinderProxy@9801f8c@0
05-07 06:12:59.976   988  1018 V WindowManager: Finish Transition #134: created at 05-07 06:12:59.455 collect-started=0.149ms request-sent=0.237ms started=12.738ms ready=73.921ms sent=165.207ms finished=521.179ms
05-07 06:12:59.977   988  1192 W WindowManager: Exception thrown during dispatchAppVisibility Window{4d5dcab u0 com.gtaxi.rider/com.gtaxi.rider.MainActivity EXITING}, [type=1]-[Surface(name=*Title#1907)/@0x7139887, shown=false, alpha=0.0, windowType=1]
05-07 06:12:59.977   988  1192 W WindowManager: android.os.DeadObjectException
05-07 06:12:59.977   988  1192 W WindowManager: 	at android.os.BinderProxy.transactNative(Native Method)
05-07 06:12:59.977   988  1192 W WindowManager: 	at android.os.BinderProxy.transact(BinderProxy.java:599)
05-07 06:12:59.977   988  1192 W WindowManager: 	at android.view.IWindow$Stub$Proxy.dispatchAppVisibility(IWindow.java:546)
05-07 06:12:59.977   988  1192 W WindowManager: 	at com.android.server.wm.WindowState.sendAppVisibilityToClients(WindowState.java:3375)
05-07 06:12:59.977   988  1192 W WindowManager: 	at com.android.server.wm.WindowContainer.sendAppVisibilityToClients(WindowContainer.java:1293)
05-07 06:12:59.977   988  1192 W WindowManager: 	at com.android.server.wm.WindowToken.setClientVisible(WindowToken.java:409)
05-07 06:12:59.977   988  1192 W WindowManager: 	at com.android.server.wm.ActivityRecord.setClientVisible(ActivityRecord.java:7185)
05-07 06:12:59.977   988  1192 W WindowManager: 	at com.android.server.wm.ActivityRecord.postApplyAnimation(ActivityRecord.java:5833)
05-07 06:12:59.977   988  1192 W WindowManager: 	at com.android.server.wm.ActivityRecord.commitVisibility(ActivityRecord.java:5776)
05-07 06:12:59.977   988  1192 W WindowManager: 	at com.android.server.wm.Transition.finishTransition(Transition.java:1200)
05-07 06:12:59.977   988  1192 W WindowManager: 	at com.android.server.wm.TransitionController.finishTransition(TransitionController.java:937)
05-07 06:12:59.977   988  1192 W WindowManager: 	at com.android.server.wm.WindowOrganizerController.finishTransition(WindowOrganizerController.java:396)
05-07 06:12:59.977   988  1192 W WindowManager: 	at android.window.IWindowOrganizerController$Stub.onTransact(IWindowOrganizerController.java:286)
05-07 06:12:59.977   988  1192 W WindowManager: 	at com.android.server.wm.WindowOrganizerController.onTransact(WindowOrganizerController.java:181)
05-07 06:12:59.977   988  1192 W WindowManager: 	at android.os.Binder.execTransactInternal(Binder.java:1339)
05-07 06:12:59.977   988  1192 W WindowManager: 	at android.os.Binder.execTransact(Binder.java:1275)
05-07 06:12:59.978   988  1192 W Process : Unable to open /proc/5192/status
05-07 06:12:59.978   988  1192 I Process : Sending signal. PID: 5192 SIG: 9
05-07 06:12:59.983   988  1021 W ActivityManager: setHasOverlayUi called on unknown pid: 5192
05-07 06:12:59.989  1285  1315 V WindowManagerShell: Track 0 became idle
05-07 06:12:59.989  1285  1315 V WindowManagerShell: All active transition animations finished
05-07 06:12:59.990   635   635 I Layer   : fillInputInfo layer:63060c4 ActivityRecordInputSink com.gtaxi.rider/.MainActivity#1905, visible=0 (hasInputInfo:1, isHidden:1, alpha:1.000000, parent:ActivityRecord{bad1bad u0 com.gtaxi.rider/.MainActivity#1899,parenthidden:1, parentalpha:1.000000, mBuffer:0, mSidebandStream:0,hasSomethingToDraw:0, hasEffect:0, fillsColor:0, drawShadows:0, hasBlur:0)
05-07 06:12:59.994  1285  1437 D BLASTBufferQueue: [VRI[StatusBar]#3](f:0,a:2) PendingRelease=1, PendingBuffersToHold=0, SyncedFrameNumbers=0, lacfnr:3524, lapfnr:3524
05-07 06:12:59.999  1285  1512 D WallpaperService: Wallpaper opaque is false
05-07 06:12:59.999   988  1115 D AlarmManager: waitForAlarm result:8currentTime=1778148779999, elapsedRealtime=32317422
05-07 06:13:00.000   988  1115 V AlarmManager: Received TIME_TICK alarm; rescheduling
05-07 06:13:00.000   988  1115 V AlarmManager: set(null) : type=3 listener=com.android.server.alarm.AlarmManagerService$3@9367f0 listenerTag=TIME_TICK workSource=null callingPackage=android callingUid=1000 triggerAtTime=32377422 win=0 tElapsed=32377422 maxElapsed=32377422 interval=0 flags=0x9
05-07 06:13:00.000   988   988 V BroadcastQueue: Enqueuing BroadcastRecord{77175a4 android.intent.action.TIME_TICK/u-1} from uid 1000 pid 988 for 3 receivers
05-07 06:13:00.000   988  1115 D AlarmManagerService: set alarm to kernel: 32832.625000000, type=2 
05-07 06:13:00.000   988  1115 D AlarmManagerService: set alarm to kernel: 32357.333000000, type=3 
05-07 06:13:00.002  1285  1285 D wjt     : PackageName = com.android.systemuigetFakeText old text antutu=06:13
05-07 06:13:00.003   988  1115 D AlarmManager: sending alarm.type = 3, action = null, alarm = Alarm{dff3f0d type 3 origWhen 32317422 whenElapsed 32317422 android}, cn = null, operation = null, listener=com.android.server.alarm.AlarmManagerService$3@9367f0, listenerTag=TIME_TICK, workSource=null
05-07 06:13:00.003  1285  1285 D wjt     : PackageName = com.android.systemuigetFakeText old text antutu=06:13
05-07 06:13:00.003   988  1115 D AlarmManagerService: set alarm to kernel: 32832.625000000, type=2 
05-07 06:13:00.003   988  1115 D AlarmManagerService: set alarm to kernel: 32357.333000000, type=3 
05-07 06:13:00.004  1285  1285 D wjt     : PackageName = com.google.android.gmgetFakeText old text antutu=14m
05-07 06:13:00.004  1285  1285 D wjt     : PackageName = com.google.android.gmgetFakeText old text antutu=14m
05-07 06:13:00.005  1285  1285 D wjt     : PackageName = com.google.android.gmgetFakeText old text antutu=14m
05-07 06:13:00.005  1285  1285 D wjt     : PackageName = com.google.android.gmgetFakeText old text antutu=14m
05-07 06:13:00.005  1285  1285 D wjt     : PackageName = com.google.android.gmgetFakeText old text antutu=14m
05-07 06:13:00.006  1285  1285 D wjt     : PackageName = com.google.android.gmgetFakeText old text antutu=14m
05-07 06:13:00.006   635   635 E BpTransactionCompletedListener: Failed to transact (-32)
05-07 06:13:00.006  1285  1285 D wjt     : PackageName = com.google.android.gmgetFakeText old text antutu=14m
05-07 06:13:00.006  1285  1285 D wjt     : PackageName = com.google.android.gmgetFakeText old text antutu=14m
05-07 06:13:00.007  1285  1285 D wjt     : PackageName = com.android.systemuigetFakeText old text antutu=06:13
05-07 06:13:00.007   988  4248 D mali_gralloc: unregister: id=2410000063e, handle=0xb4000071cb64f7d0, base=0x0, importpid=988, count:0
05-07 06:13:00.008  1285  1285 D wjt     : PackageName = com.android.systemuigetFakeText old text antutu=06
05-07 06:13:00.008  1285  1285 D wjt     : 13
05-07 06:13:00.008  1285  1285 D wjt     : PackageName = com.google.android.gmgetFakeText old text antutu=14m
05-07 06:13:00.008  1285  1285 D wjt     : PackageName = com.google.android.gmgetFakeText old text antutu=14m
05-07 06:13:00.009  1285  1285 D wjt     : PackageName = com.google.android.gmgetFakeText old text antutu=14m
05-07 06:13:00.009  1285  1285 D wjt     : PackageName = com.google.android.gmgetFakeText old text antutu=14m
05-07 06:13:00.009  1285  1285 D wjt     : PackageName = com.google.android.gmgetFakeText old text antutu=14m
05-07 06:13:00.010  1285  1285 D wjt     : PackageName = com.google.android.gmgetFakeText old text antutu=14m
05-07 06:13:00.010  1285  1285 D wjt     : PackageName = com.google.android.gmgetFakeText old text antutu=14m
05-07 06:13:00.010  1285  1285 D wjt     : PackageName = com.google.android.gmgetFakeText old text antutu=14m
05-07 06:13:00.010  1285  1285 D wjt     : PackageName = com.google.android.gmgetFakeText old text antutu=14m
05-07 06:13:00.011  1285  1285 D wjt     : PackageName = com.google.android.gmgetFakeText old text antutu=14m
05-07 06:13:00.012  1285  1285 D wjt     : PackageName = androidgetFakeText old text antutu=35m
05-07 06:13:00.012  1285  1285 D wjt     : PackageName = androidgetFakeText old text antutu=35m
05-07 06:13:00.012  1285  1285 D wjt     : PackageName = com.google.android.googlequicksearchboxgetFakeText old text antutu=3m
05-07 06:13:00.012  1285  1285 D wjt     : PackageName = com.google.android.googlequicksearchboxgetFakeText old text antutu=3m
05-07 06:13:00.013  1285  1285 D wjt     : PackageName = com.google.android.googlequicksearchboxgetFakeText old text antutu=3m
05-07 06:13:00.027  1285  1295 D BLASTBufferQueue: [VRI[StatusBar]#3](f:0,a:2) PendingRelease=1, PendingBuffersToHold=0, SyncedFrameNumbers=0, lacfnr:3525, lapfnr:3525
05-07 06:13:00.066   635   684 D mali_gralloc: unregister: id=24100000647, handle=0xb400006f0f1a8010, base=0x0, importpid=635, count:0
05-07 06:13:02.072   988  1024 E UnisocWatchdog: UnisocWatchdogImpl sendMessage:0
05-07 06:13:02.072   988  1089 E UnisocWatchdog: UNISOCWATCHDOG_MESSAGE_TIMER30 trigger
05-07 06:13:02.100   988  1168 D WifiStaIfaceHidlImpl: getCachedScanData is not implemented by HIDL
05-07 06:13:02.118   988  1168 I HalDevMgr: bestIfaceCreationProposal is null, requestIface=STA, existingIface=[name=wlan0 type=STA]
05-07 06:13:02.292 28115 28241 I PlayCommon: [101] Preparing logs for uploading
05-07 06:13:02.298 28115 28241 I PlayCommon: [101] Connecting to server: https://play.googleapis.com/play/log?format=raw&proto_v2=true
05-07 06:13:02.598 28115 28241 I PlayCommon: [101] Successfully uploaded logs.
05-07 06:13:03.314  1793  1793 D BoundBrokerSvc: onUnbind: Intent { act=com.google.android.gms.auth.aang.events.services.START dat=chimera-action:/... cmp=com.google.android.gms/.chimera.PersistentApiService }
05-07 06:13:03.316  1982  1982 D BoundBrokerSvc: onUnbind: Intent { act=com.google.android.gms.auth.service.START pkg=com.google.android.gms }
05-07 06:13:04.373   560  5280 W SocketClient: write error (Broken pipe)
05-07 06:13:04.373   560  5280 W resolv  : GetAddrInfoHandler::run: Error writing DNS result to client uid 10248 pid 5192: Broken pipe
05-07 06:13:04.378   560  5281 W SocketClient: write error (Broken pipe)
05-07 06:13:04.378   560  5281 W resolv  : GetAddrInfoHandler::run: Error writing DNS result to client uid 10248 pid 5192: Broken pipe
05-07 06:13:05.126   988  1168 D WifiStaIfaceHidlImpl: getCachedScanData is not implemented by HIDL
05-07 06:13:05.148  1793  1793 I MagicTether: (REDACTED) [ActiveNetworkTracker] setActiveNetwork: %s
05-07 06:13:05.149  1793  1793 I MagicTether: (REDACTED) [TetherService] onActiveNetworkChanged: network=%s isLost=%s
05-07 06:13:05.150  1793  5156 I MagicTether: [WifiConnectionHandler] Ignoring getWifiConfigurationByNetworkId when checking connected state [CONTEXT service_id=276 ]
05-07 06:13:05.151  1793  5156 I MagicTether: [WifiConnectionHandler] No networkId set, can't be connected. [CONTEXT service_id=276 ]
05-07 06:13:05.151  1793  5156 I MagicTether: (REDACTED) [TetherService] TRANSPORT_CELLULAR [%s], TRANSPORT_ETHERNET [%s], TRANSPORT_WIFI [%s]
05-07 06:13:05.153  1793  5156 I MagicTether: (REDACTED) [TetherService] setRoles hasActiveNetworkConnection=%s canActiveNetworkBeTethered=%s isConnectedToInstantTether=%s isWifiEnabled=%s isHosting=%s
05-07 06:13:05.154  1793  3987 I NullBinder: NullBinder for android.net.action.RECOMMEND_NETWORKS triggering remote TransactionTooLargeException due to Service without Chimera impl, calling uid: 1000, calling pid: 0
05-07 06:13:05.154   988  1168 I HalDevMgr: bestIfaceCreationProposal is null, requestIface=STA, existingIface=[name=wlan0 type=STA]
05-07 06:13:05.154  1793  3987 W .gms.persistent: Large reply transaction of 1056768 bytes, interface descriptor , code 1
05-07 06:13:05.157  1793  1793 I MagicTether: (REDACTED) [LaunchUtils] Instant Wifi for status account: name: %s | type: %s | isLaunched: %s
05-07 06:13:05.158  1793  1793 I MagicTether: (REDACTED) [TidepoolFeatureStatusManager] isInstantHotspotEnabled=%s
05-07 06:13:05.158  1793  1793 I MagicTether: (REDACTED) [TidepoolFeatureStatusManager] isInstantWifiEnabled=%s
05-07 06:13:05.158  1793  1793 I MagicTether: (REDACTED) [TetherService] startNearbyClientRole: start: %s isInstantHotspotEnabled: %s isInstantWifiEnabled: %s
05-07 06:13:05.158  1793  1793 I MagicTether: [TetherService] Stopping Nearby client role [CONTEXT service_id=276 ]
05-07 06:13:05.158  1793  1793 I MagicTether: [ClientTetherRole] Client role already stopped [CONTEXT service_id=276 ]
05-07 06:13:05.160  1793  1793 I MagicTether: (REDACTED) [LaunchUtils] Instant Wifi for status account: name: %s | type: %s | isLaunched: %s
05-07 06:13:05.160  1793  1793 I MagicTether: (REDACTED) [TidepoolFeatureStatusManager] isInstantHotspotEnabled=%s
05-07 06:13:05.161  1793  1793 I MagicTether: (REDACTED) [TidepoolFeatureStatusManager] isInstantWifiEnabled=%s
05-07 06:13:05.161  1793  1793 I MagicTether: (REDACTED) [TetherService] startNearbyHostRole: start: %s isInstantHotspotEnabled: %s isInstantWifiEnabled: %s
05-07 06:13:05.161  1793  1793 I MagicTether: (REDACTED) [TidepoolFeatureStatusManager] isInstantHotspotEnabled=%s
05-07 06:13:05.161  1793  1793 I MagicTether: [HostTetherRole] Nearby host role already started [CONTEXT service_id=276 ]
05-07 06:13:05.655  1793  5167 I NearbySharing: Network state changed: NetworkState(isRestricted=false, isOnline=true, isCongested=false, isMetered=false, isWifiConnected=true)
05-07 06:13:06.860   988  1087 D AlarmManagerService: set alarm to kernel: 32832.625000000, type=2 
05-07 06:13:06.860   988  1087 D AlarmManagerService: set alarm to kernel: 32357.333000000, type=3 
05-07 06:13:06.862   988  1087 D AlarmManagerService: set alarm to kernel: 32832.625000000, type=2 
05-07 06:13:06.862   988  1087 D AlarmManagerService: set alarm to kernel: 32357.333000000, type=3 
05-07 06:13:07.121   988  1109 D ActivityManager: freezing 15753 com.google.android.apps.wellbeing
05-07 06:13:07.123   988  1109 D ActivityManager: freezing 9239 com.android.settings
05-07 06:13:07.336   988  1109 D ActivityManager: freezing 5174 com.google.android.apps.turbo
05-07 06:13:08.151   988  1109 D ActivityManager: freezing 4538 android.process.acore
05-07 06:13:08.152   988  1109 D ActivityManager: freezing 4318 com.google.process.gservices
05-07 06:13:08.153   988  1109 D ActivityManager: freezing 4893 com.google.android.apps.docs
05-07 06:13:08.155   988  1109 D ActivityManager: freezing 4822 com.google.android.apps.carrier.carrierwifi
05-07 06:13:08.156   988  1109 D ActivityManager: freezing 4748 com.android.keychain
05-07 06:13:08.156   988  1109 D ActivityManager: freezing 4848 com.google.android.videos
05-07 06:13:08.158   988  1109 D ActivityManager: freezing 4834 com.google.android.documentsui
05-07 06:13:08.168   988  1168 D WifiStaIfaceHidlImpl: getCachedScanData is not implemented by HIDL
05-07 06:13:08.178   988  1168 I HalDevMgr: bestIfaceCreationProposal is null, requestIface=STA, existingIface=[name=wlan0 type=STA]
05-07 06:13:08.179  1285  1285 D WifiSignalController: connected : true, level : 3, isDefault : true, inetCondition : 1, statusLabel : null
05-07 06:13:08.180  1285  1285 D StatusBarIconController: ignoring old pipeline callback because the new wifi icon is enabled
05-07 06:13:08.180  1285  1285 D StatusBarIconController: setIconVisibility: slot=wifi,visibility=true,tag=0
05-07 06:13:08.201  1285  1295 D BLASTBufferQueue: [VRI[StatusBar]#3](f:0,a:2) PendingRelease=1, PendingBuffersToHold=0, SyncedFrameNumbers=0, lacfnr:3526, lapfnr:3526
05-07 06:13:08.646   988  1109 D ActivityManager: freezing 4736 com.android.chrome
05-07 06:13:08.647   988  1109 D ActivityManager: freezing 3554 com.google.android.youtube
05-07 06:13:08.683   988  6308 I AppSearchIcing: icing-search-engine.cc:2486: Persisting data to disk with mode 3
05-07 06:13:08.700   988  6308 I AppSearchIcing: icing-search-engine.cc:2501: PersistToDisk completed.
05-07 06:13:09.077   988  1087 W ProcessStats: Tracking association SourceState{e0e4f81 com.android.launcher3/10160 BTop #28988} whose proc state 2 is better than process ProcessState{7175826 com.google.android.googlequicksearchbox:googleapp/10126 pkg=com.google.android.googlequicksearchbox} proc state 14 (24 skipped)
05-07 06:13:09.248  1793  5167 I NearbyMediums: No BLE Fast/GATT advertisements found in the latest cycle.
05-07 06:13:09.248  1793  5167 I NearbyMediums: Current Tracked Scanning Clients are : {NearbyConnections.EnvironmentMonitor, NearbySharing, NearbyConnections.TxAdvertisement}
05-07 06:13:09.600  1381  1713 D IpClient/wlan0: interfaceLinkStateChanged: ifindex 28 up
05-07 06:13:11.186   988  1168 D WifiStaIfaceHidlImpl: getCachedScanData is not implemented by HIDL
05-07 06:13:11.205   988  1168 I HalDevMgr: bestIfaceCreationProposal is null, requestIface=STA, existingIface=[name=wlan0 type=STA]
05-07 06:13:12.169   804   818 E SLOGCP  : data_rate_stat: agdsp rate: total size(MB)=0.000000; per second(bytes)=0.000000, drop_cnt_=0, drop_data_size_=0, pollin event times=0.
05-07 06:13:14.218   988  1168 D WifiStaIfaceHidlImpl: getCachedScanData is not implemented by HIDL
05-07 06:13:14.232   988  1168 I HalDevMgr: bestIfaceCreationProposal is null, requestIface=STA, existingIface=[name=wlan0 type=STA]
05-07 06:13:14.235  1793  1793 I MagicTether: (REDACTED) [ActiveNetworkTracker] setActiveNetwork: %s
05-07 06:13:14.235  1793  2472 I NullBinder: NullBinder for android.net.action.RECOMMEND_NETWORKS triggering remote TransactionTooLargeException due to Service without Chimera impl, calling uid: 1000, calling pid: 0
05-07 06:13:14.235  1793  2472 W .gms.persistent: Large reply transaction of 1056768 bytes, interface descriptor , code 1
05-07 06:13:14.235  1793  1793 I MagicTether: (REDACTED) [TetherService] onActiveNetworkChanged: network=%s isLost=%s
05-07 06:13:14.235  1793  5156 I MagicTether: [WifiConnectionHandler] Ignoring getWifiConfigurationByNetworkId when checking connected state [CONTEXT service_id=276 ]
05-07 06:13:14.236  1793  5156 I MagicTether: [WifiConnectionHandler] No networkId set, can't be connected. [CONTEXT service_id=276 ]
05-07 06:13:14.236  1793  5156 I MagicTether: (REDACTED) [TetherService] TRANSPORT_CELLULAR [%s], TRANSPORT_ETHERNET [%s], TRANSPORT_WIFI [%s]
05-07 06:13:14.237  1793  5156 I MagicTether: (REDACTED) [TetherService] setRoles hasActiveNetworkConnection=%s canActiveNetworkBeTethered=%s isConnectedToInstantTether=%s isWifiEnabled=%s isHosting=%s
05-07 06:13:14.241  1793  1793 I MagicTether: (REDACTED) [LaunchUtils] Instant Wifi for status account: name: %s | type: %s | isLaunched: %s
05-07 06:13:14.242  1793  1793 I MagicTether: (REDACTED) [TidepoolFeatureStatusManager] isInstantHotspotEnabled=%s
05-07 06:13:14.242  1793  1793 I MagicTether: (REDACTED) [TidepoolFeatureStatusManager] isInstantWifiEnabled=%s
05-07 06:13:14.242  1793  1793 I MagicTether: (REDACTED) [TetherService] startNearbyClientRole: start: %s isInstantHotspotEnabled: %s isInstantWifiEnabled: %s
05-07 06:13:14.242  1793  1793 I MagicTether: [TetherService] Stopping Nearby client role [CONTEXT service_id=276 ]
05-07 06:13:14.243  1793  1793 I MagicTether: [ClientTetherRole] Client role already stopped [CONTEXT service_id=276 ]
05-07 06:13:14.244  1793  1793 I MagicTether: (REDACTED) [LaunchUtils] Instant Wifi for status account: name: %s | type: %s | isLaunched: %s
05-07 06:13:14.244  1793  1793 I MagicTether: (REDACTED) [TidepoolFeatureStatusManager] isInstantHotspotEnabled=%s
05-07 06:13:14.245  1793  1793 I MagicTether: (REDACTED) [TidepoolFeatureStatusManager] isInstantWifiEnabled=%s
05-07 06:13:14.245  1793  1793 I MagicTether: (REDACTED) [TetherService] startNearbyHostRole: start: %s isInstantHotspotEnabled: %s isInstantWifiEnabled: %s
05-07 06:13:14.245  1793  1793 I MagicTether: (REDACTED) [TidepoolFeatureStatusManager] isInstantHotspotEnabled=%s
05-07 06:13:14.245  1793  1793 I MagicTether: [HostTetherRole] Nearby host role already started [CONTEXT service_id=276 ]
05-07 06:13:14.735  1793  5167 I NearbySharing: Network state changed: NetworkState(isRestricted=false, isOnline=true, isCongested=false, isMetered=false, isWifiConnected=true)
05-07 06:13:17.247   988  1168 D WifiStaIfaceHidlImpl: getCachedScanData is not implemented by HIDL
05-07 06:13:17.264  1793  1793 I MagicTether: (REDACTED) [ActiveNetworkTracker] setActiveNetwork: %s
05-07 06:13:17.264  1793  1793 I MagicTether: (REDACTED) [TetherService] onActiveNetworkChanged: network=%s isLost=%s
05-07 06:13:17.264   988  1168 I HalDevMgr: bestIfaceCreationProposal is null, requestIface=STA, existingIface=[name=wlan0 type=STA]
05-07 06:13:17.265  1285  1359 D WifiSignalController: connected : true, level : 3, isDefault : true, inetCondition : 1, statusLabel : null
05-07 06:13:17.266  1793  5156 I MagicTether: [WifiConnectionHandler] Ignoring getWifiConfigurationByNetworkId when checking connected state [CONTEXT service_id=276 ]
05-07 06:13:17.266  1793  5156 I MagicTether: [WifiConnectionHandler] No networkId set, can't be connected. [CONTEXT service_id=276 ]
05-07 06:13:17.267  1285  1285 D StatusBarIconController: ignoring old pipeline callback because the new wifi icon is enabled
05-07 06:13:17.267  1285  1285 D StatusBarIconController: setIconVisibility: slot=wifi,visibility=true,tag=0
05-07 06:13:17.267  1793  5156 I MagicTether: (REDACTED) [TetherService] TRANSPORT_CELLULAR [%s], TRANSPORT_ETHERNET [%s], TRANSPORT_WIFI [%s]
05-07 06:13:17.267  1793  5156 I MagicTether: (REDACTED) [TetherService] setRoles hasActiveNetworkConnection=%s canActiveNetworkBeTethered=%s isConnectedToInstantTether=%s isWifiEnabled=%s isHosting=%s
05-07 06:13:17.268  1793  3987 I NullBinder: NullBinder for android.net.action.RECOMMEND_NETWORKS triggering remote TransactionTooLargeException due to Service without Chimera impl, calling uid: 1000, calling pid: 0
05-07 06:13:17.268  1793  3987 W .gms.persistent: Large reply transaction of 1056768 bytes, interface descriptor , code 1
05-07 06:13:17.272  1793  1793 I MagicTether: (REDACTED) [LaunchUtils] Instant Wifi for status account: name: %s | type: %s | isLaunched: %s
05-07 06:13:17.272  1793  1793 I MagicTether: (REDACTED) [TidepoolFeatureStatusManager] isInstantHotspotEnabled=%s
05-07 06:13:17.272  1793  1793 I MagicTether: (REDACTED) [TidepoolFeatureStatusManager] isInstantWifiEnabled=%s
05-07 06:13:17.273  1793  1793 I MagicTether: (REDACTED) [TetherService] startNearbyClientRole: start: %s isInstantHotspotEnabled: %s isInstantWifiEnabled: %s
05-07 06:13:17.273  1793  1793 I MagicTether: [TetherService] Stopping Nearby client role [CONTEXT service_id=276 ]
05-07 06:13:17.273  1793  1793 I MagicTether: [ClientTetherRole] Client role already stopped [CONTEXT service_id=276 ]
05-07 06:13:17.275  1793  1793 I MagicTether: (REDACTED) [LaunchUtils] Instant Wifi for status account: name: %s | type: %s | isLaunched: %s
05-07 06:13:17.275  1793  1793 I MagicTether: (REDACTED) [TidepoolFeatureStatusManager] isInstantHotspotEnabled=%s
05-07 06:13:17.275  1793  1793 I MagicTether: (REDACTED) [TidepoolFeatureStatusManager] isInstantWifiEnabled=%s
05-07 06:13:17.275  1793  1793 I MagicTether: (REDACTED) [TetherService] startNearbyHostRole: start: %s isInstantHotspotEnabled: %s isInstantWifiEnabled: %s
05-07 06:13:17.275  1793  1793 I MagicTether: (REDACTED) [TidepoolFeatureStatusManager] isInstantHotspotEnabled=%s
05-07 06:13:17.275  1793  1793 I MagicTether: [HostTetherRole] Nearby host role already started [CONTEXT service_id=276 ]
05-07 06:13:17.764  1793  5305 I NearbySharing: Network state changed: NetworkState(isRestricted=false, isOnline=true, isCongested=false, isMetered=false, isWifiConnected=true)
05-07 06:13:19.249  1793  5305 I NearbyMediums: No BLE Fast/GATT advertisements found in the latest cycle.
05-07 06:13:19.249  1793  5305 I NearbyMediums: Current Tracked Scanning Clients are : {NearbyConnections.EnvironmentMonitor, NearbySharing, NearbyConnections.TxAdvertisement}
05-07 06:13:20.276   988  1168 D WifiStaIfaceHidlImpl: getCachedScanData is not implemented by HIDL
05-07 06:13:20.287  1793  1793 I MagicTether: (REDACTED) [ActiveNetworkTracker] setActiveNetwork: %s
05-07 06:13:20.287   988  1168 I HalDevMgr: bestIfaceCreationProposal is null, requestIface=STA, existingIface=[name=wlan0 type=STA]
05-07 06:13:20.287  1793  1793 I MagicTether: (REDACTED) [TetherService] onActiveNetworkChanged: network=%s isLost=%s
05-07 06:13:20.287  1793  5304 I MagicTether: [WifiConnectionHandler] Ignoring getWifiConfigurationByNetworkId when checking connected state [CONTEXT service_id=276 ]
05-07 06:13:20.287  1793  5304 I MagicTether: [WifiConnectionHandler] No networkId set, can't be connected. [CONTEXT service_id=276 ]
05-07 06:13:20.289  1285  1285 D WifiSignalController: connected : true, level : 3, isDefault : true, inetCondition : 1, statusLabel : null
05-07 06:13:20.289  1285  1285 D StatusBarIconController: ignoring old pipeline callback because the new wifi icon is enabled
05-07 06:13:20.289  1793  5304 I MagicTether: (REDACTED) [TetherService] TRANSPORT_CELLULAR [%s], TRANSPORT_ETHERNET [%s], TRANSPORT_WIFI [%s]
05-07 06:13:20.289  1285  1285 D StatusBarIconController: setIconVisibility: slot=wifi,visibility=true,tag=0
05-07 06:13:20.290  1793  5304 I MagicTether: (REDACTED) [TetherService] setRoles hasActiveNetworkConnection=%s canActiveNetworkBeTethered=%s isConnectedToInstantTether=%s isWifiEnabled=%s isHosting=%s
05-07 06:13:20.291  1793  3473 I NullBinder: NullBinder for android.net.action.RECOMMEND_NETWORKS triggering remote TransactionTooLargeException due to Service without Chimera impl, calling uid: 1000, calling pid: 0
05-07 06:13:20.292  1793  3473 W .gms.persistent: Large reply transaction of 1056768 bytes, interface descriptor , code 1
05-07 06:13:20.294  1793  1793 I MagicTether: (REDACTED) [LaunchUtils] Instant Wifi for status account: name: %s | type: %s | isLaunched: %s
05-07 06:13:20.294  1793  1793 I MagicTether: (REDACTED) [TidepoolFeatureStatusManager] isInstantHotspotEnabled=%s
05-07 06:13:20.295  1793  1793 I MagicTether: (REDACTED) [TidepoolFeatureStatusManager] isInstantWifiEnabled=%s
05-07 06:13:20.295  1793  1793 I MagicTether: (REDACTED) [TetherService] startNearbyClientRole: start: %s isInstantHotspotEnabled: %s isInstantWifiEnabled: %s
05-07 06:13:20.295  1793  1793 I MagicTether: [TetherService] Stopping Nearby client role [CONTEXT service_id=276 ]
05-07 06:13:20.295  1793  1793 I MagicTether: [ClientTetherRole] Client role already stopped [CONTEXT service_id=276 ]
05-07 06:13:20.296  1793  1793 I MagicTether: (REDACTED) [LaunchUtils] Instant Wifi for status account: name: %s | type: %s | isLaunched: %s
05-07 06:13:20.296  1793  1793 I MagicTether: (REDACTED) [TidepoolFeatureStatusManager] isInstantHotspotEnabled=%s
05-07 06:13:20.296  1793  1793 I MagicTether: (REDACTED) [TidepoolFeatureStatusManager] isInstantWifiEnabled=%s
05-07 06:13:20.296  1793  1793 I MagicTether: (REDACTED) [TetherService] startNearbyHostRole: start: %s isInstantHotspotEnabled: %s isInstantWifiEnabled: %s
05-07 06:13:20.296  1793  1793 I MagicTether: (REDACTED) [TidepoolFeatureStatusManager] isInstantHotspotEnabled=%s
05-07 06:13:20.296  1793  1793 I MagicTether: [HostTetherRole] Nearby host role already started [CONTEXT service_id=276 ]
05-07 06:13:20.317  1285  1295 D BLASTBufferQueue: [VRI[StatusBar]#3](f:0,a:2) PendingRelease=1, PendingBuffersToHold=0, SyncedFrameNumbers=0, lacfnr:3527, lapfnr:3527
05-07 06:13:20.788  1793  5305 I NearbySharing: Network state changed: NetworkState(isRestricted=false, isOnline=true, isCongested=false, isMetered=false, isWifiConnected=true)
05-07 06:13:23.297   988  1168 D WifiStaIfaceHidlImpl: getCachedScanData is not implemented by HIDL
05-07 06:13:23.307   988  1168 I HalDevMgr: bestIfaceCreationProposal is null, requestIface=STA, existingIface=[name=wlan0 type=STA]
05-07 06:13:23.309  1793  1793 I MagicTether: (REDACTED) [ActiveNetworkTracker] setActiveNetwork: %s
05-07 06:13:23.309  1793  1793 I MagicTether: (REDACTED) [TetherService] onActiveNetworkChanged: network=%s isLost=%s
05-07 06:13:23.309  1793  5304 I MagicTether: [WifiConnectionHandler] Ignoring getWifiConfigurationByNetworkId when checking connected state [CONTEXT service_id=276 ]
05-07 06:13:23.309  1793  5304 I MagicTether: [WifiConnectionHandler] No networkId set, can't be connected. [CONTEXT service_id=276 ]
05-07 06:13:23.310  1793  5304 I MagicTether: (REDACTED) [TetherService] TRANSPORT_CELLULAR [%s], TRANSPORT_ETHERNET [%s], TRANSPORT_WIFI [%s]
05-07 06:13:23.311  1793  5304 I MagicTether: (REDACTED) [TetherService] setRoles hasActiveNetworkConnection=%s canActiveNetworkBeTethered=%s isConnectedToInstantTether=%s isWifiEnabled=%s isHosting=%s
05-07 06:13:23.313  1793  3473 I NullBinder: NullBinder for android.net.action.RECOMMEND_NETWORKS triggering remote TransactionTooLargeException due to Service without Chimera impl, calling uid: 1000, calling pid: 0
05-07 06:13:23.313  1793  3473 W .gms.persistent: Large reply transaction of 1056768 bytes, interface descriptor , code 1
05-07 06:13:23.314  1793  1793 I MagicTether: (REDACTED) [LaunchUtils] Instant Wifi for status account: name: %s | type: %s | isLaunched: %s
05-07 06:13:23.314  1793  1793 I MagicTether: (REDACTED) [TidepoolFeatureStatusManager] isInstantHotspotEnabled=%s
05-07 06:13:23.314  1793  1793 I MagicTether: (REDACTED) [TidepoolFeatureStatusManager] isInstantWifiEnabled=%s
05-07 06:13:23.315  1793  1793 I MagicTether: (REDACTED) [TetherService] startNearbyClientRole: start: %s isInstantHotspotEnabled: %s isInstantWifiEnabled: %s
05-07 06:13:23.315  1793  1793 I MagicTether: [TetherService] Stopping Nearby client role [CONTEXT service_id=276 ]
05-07 06:13:23.315  1793  1793 I MagicTether: [ClientTetherRole] Client role already stopped [CONTEXT service_id=276 ]
05-07 06:13:23.315  1793  1793 I MagicTether: (REDACTED) [LaunchUtils] Instant Wifi for status account: name: %s | type: %s | isLaunched: %s
05-07 06:13:23.316  1793  1793 I MagicTether: (REDACTED) [TidepoolFeatureStatusManager] isInstantHotspotEnabled=%s
05-07 06:13:23.316  1793  1793 I MagicTether: (REDACTED) [TidepoolFeatureStatusManager] isInstantWifiEnabled=%s
05-07 06:13:23.316  1793  1793 I MagicTether: (REDACTED) [TetherService] startNearbyHostRole: start: %s isInstantHotspotEnabled: %s isInstantWifiEnabled: %s
05-07 06:13:23.316  1793  1793 I MagicTether: (REDACTED) [TidepoolFeatureStatusManager] isInstantHotspotEnabled=%s
05-07 06:13:23.316  1793  1793 I MagicTether: [HostTetherRole] Nearby host role already started [CONTEXT service_id=276 ]
05-07 06:13:23.810  1793  5305 I NearbySharing: Network state changed: NetworkState(isRestricted=false, isOnline=true, isCongested=false, isMetered=false, isWifiConnected=true)
05-07 06:13:24.140   988  1192 W ProcessStats: Tracking association SourceState{e0e4f81 com.android.launcher3/10160 BTop #28997} whose proc state 2 is better than process ProcessState{7175826 com.google.android.googlequicksearchbox:googleapp/10126 pkg=com.google.android.googlequicksearchbox} proc state 14 (2 skipped)
05-07 06:13:25.114   988  1109 D ActivityManager: freezing 26393 com.google.android.permissioncontroller
05-07 06:13:26.315   988  1168 D WifiStaIfaceHidlImpl: getCachedScanData is not implemented by HIDL
05-07 06:13:26.325  1793  1793 I MagicTether: (REDACTED) [ActiveNetworkTracker] setActiveNetwork: %s
05-07 06:13:26.325  1285  1359 D WifiSignalController: connected : true, level : 3, isDefault : true, inetCondition : 1, statusLabel : null
05-07 06:13:26.326  1793  1793 I MagicTether: (REDACTED) [TetherService] onActiveNetworkChanged: network=%s isLost=%s
05-07 06:13:26.326  1285  1285 D StatusBarIconController: ignoring old pipeline callback because the new wifi icon is enabled
05-07 06:13:26.326  1285  1285 D StatusBarIconController: setIconVisibility: slot=wifi,visibility=true,tag=0
05-07 06:13:26.326  1793  5304 I MagicTether: [WifiConnectionHandler] Ignoring getWifiConfigurationByNetworkId when checking connected state [CONTEXT service_id=276 ]
05-07 06:13:26.326  1793  5304 I MagicTether: [WifiConnectionHandler] No networkId set, can't be connected. [CONTEXT service_id=276 ]
05-07 06:13:26.326   988  1168 I HalDevMgr: bestIfaceCreationProposal is null, requestIface=STA, existingIface=[name=wlan0 type=STA]
05-07 06:13:26.327  1285  1285 D WifiSignalController: connected : true, level : 3, isDefault : true, inetCondition : 1, statusLabel : null
05-07 06:13:26.327  1793  5304 I MagicTether: (REDACTED) [TetherService] TRANSPORT_CELLULAR [%s], TRANSPORT_ETHERNET [%s], TRANSPORT_WIFI [%s]
05-07 06:13:26.328  1285  1285 D StatusBarIconController: ignoring old pipeline callback because the new wifi icon is enabled
05-07 06:13:26.328  1285  1285 D StatusBarIconController: setIconVisibility: slot=wifi,visibility=true,tag=0
05-07 06:13:26.328  1793  5304 I MagicTether: (REDACTED) [TetherService] setRoles hasActiveNetworkConnection=%s canActiveNetworkBeTethered=%s isConnectedToInstantTether=%s isWifiEnabled=%s isHosting=%s
05-07 06:13:26.328  1793  3987 I NullBinder: NullBinder for android.net.action.RECOMMEND_NETWORKS triggering remote TransactionTooLargeException due to Service without Chimera impl, calling uid: 1000, calling pid: 0
05-07 06:13:26.328  1793  3987 W .gms.persistent: Large reply transaction of 1056768 bytes, interface descriptor , code 1
05-07 06:13:26.334  1793  1793 I MagicTether: (REDACTED) [LaunchUtils] Instant Wifi for status account: name: %s | type: %s | isLaunched: %s
05-07 06:13:26.334  1793  1793 I MagicTether: (REDACTED) [TidepoolFeatureStatusManager] isInstantHotspotEnabled=%s
05-07 06:13:26.334  1793  1793 I MagicTether: (REDACTED) [TidepoolFeatureStatusManager] isInstantWifiEnabled=%s
05-07 06:13:26.334  1793  1793 I MagicTether: (REDACTED) [TetherService] startNearbyClientRole: start: %s isInstantHotspotEnabled: %s isInstantWifiEnabled: %s
05-07 06:13:26.334  1793  1793 I MagicTether: [TetherService] Stopping Nearby client role [CONTEXT service_id=276 ]
05-07 06:13:26.335  1793  1793 I MagicTether: [ClientTetherRole] Client role already stopped [CONTEXT service_id=276 ]
05-07 06:13:26.336  1793  1793 I MagicTether: (REDACTED) [LaunchUtils] Instant Wifi for status account: name: %s | type: %s | isLaunched: %s
05-07 06:13:26.336  1793  1793 I MagicTether: (REDACTED) [TidepoolFeatureStatusManager] isInstantHotspotEnabled=%s
05-07 06:13:26.336  1793  1793 I MagicTether: (REDACTED) [TidepoolFeatureStatusManager] isInstantWifiEnabled=%s
05-07 06:13:26.336  1793  1793 I MagicTether: (REDACTED) [TetherService] startNearbyHostRole: start: %s isInstantHotspotEnabled: %s isInstantWifiEnabled: %s
05-07 06:13:26.336  1793  1793 I MagicTether: (REDACTED) [TidepoolFeatureStatusManager] isInstantHotspotEnabled=%s
05-07 06:13:26.336  1793  1793 I MagicTether: [HostTetherRole] Nearby host role already started [CONTEXT service_id=276 ]
05-07 06:13:26.375  1285  1437 D BLASTBufferQueue: [VRI[StatusBar]#3](f:0,a:2) PendingRelease=1, PendingBuffersToHold=0, SyncedFrameNumbers=0, lacfnr:3528, lapfnr:3528
05-07 06:13:26.827  1793  5305 I NearbySharing: Network state changed: NetworkState(isRestricted=false, isOnline=true, isCongested=false, isMetered=false, isWifiConnected=true)
05-07 06:13:29.251  1793  5305 I NearbyMediums: No BLE Fast/GATT advertisements found in the latest cycle.
05-07 06:13:29.251  1793  5305 I NearbyMediums: Current Tracked Scanning Clients are : {NearbyConnections.EnvironmentMonitor, NearbySharing, NearbyConnections.TxAdvertisement}
05-07 06:13:29.341   988  1168 D WifiStaIfaceHidlImpl: getCachedScanData is not implemented by HIDL
05-07 06:13:29.358  1285  1359 D WifiSignalController: connected : true, level : 3, isDefault : true, inetCondition : 1, statusLabel : null
05-07 06:13:29.359  1793  1793 I MagicTether: (REDACTED) [ActiveNetworkTracker] setActiveNetwork: %s
05-07 06:13:29.359   988  1168 I HalDevMgr: bestIfaceCreationProposal is null, requestIface=STA, existingIface=[name=wlan0 type=STA]
05-07 06:13:29.359  1793  3948 I NullBinder: NullBinder for android.net.action.RECOMMEND_NETWORKS triggering remote TransactionTooLargeException due to Service without Chimera impl, calling uid: 1000, calling pid: 0
05-07 06:13:29.359  1793  3948 W .gms.persistent: Large reply transaction of 1056768 bytes, interface descriptor , code 1
05-07 06:13:29.359  1793  1793 I MagicTether: (REDACTED) [TetherService] onActiveNetworkChanged: network=%s isLost=%s
05-07 06:13:29.359  1285  1285 D StatusBarIconController: ignoring old pipeline callback because the new wifi icon is enabled
05-07 06:13:29.359  1285  1285 D StatusBarIconController: setIconVisibility: slot=wifi,visibility=true,tag=0
05-07 06:13:29.360  1793  5156 I MagicTether: [WifiConnectionHandler] Ignoring getWifiConfigurationByNetworkId when checking connected state [CONTEXT service_id=276 ]
05-07 06:13:29.360  1793  5156 I MagicTether: [WifiConnectionHandler] No networkId set, can't be connected. [CONTEXT service_id=276 ]
05-07 06:13:29.361  1793  5156 I MagicTether: (REDACTED) [TetherService] TRANSPORT_CELLULAR [%s], TRANSPORT_ETHERNET [%s], TRANSPORT_WIFI [%s]
05-07 06:13:29.361  1793  5156 I MagicTether: (REDACTED) [TetherService] setRoles hasActiveNetworkConnection=%s canActiveNetworkBeTethered=%s isConnectedToInstantTether=%s isWifiEnabled=%s isHosting=%s
05-07 06:13:29.365  1793  1793 I MagicTether: (REDACTED) [LaunchUtils] Instant Wifi for status account: name: %s | type: %s | isLaunched: %s
05-07 06:13:29.365  1793  1793 I MagicTether: (REDACTED) [TidepoolFeatureStatusManager] isInstantHotspotEnabled=%s
05-07 06:13:29.365  1793  1793 I MagicTether: (REDACTED) [TidepoolFeatureStatusManager] isInstantWifiEnabled=%s
05-07 06:13:29.365  1793  1793 I MagicTether: (REDACTED) [TetherService] startNearbyClientRole: start: %s isInstantHotspotEnabled: %s isInstantWifiEnabled: %s
05-07 06:13:29.365  1793  1793 I MagicTether: [TetherService] Stopping Nearby client role [CONTEXT service_id=276 ]
05-07 06:13:29.365  1793  1793 I MagicTether: [ClientTetherRole] Client role already stopped [CONTEXT service_id=276 ]
05-07 06:13:29.367  1793  1793 I MagicTether: (REDACTED) [LaunchUtils] Instant Wifi for status account: name: %s | type: %s | isLaunched: %s
05-07 06:13:29.367  1793  1793 I MagicTether: (REDACTED) [TidepoolFeatureStatusManager] isInstantHotspotEnabled=%s
05-07 06:13:29.367  1793  1793 I MagicTether: (REDACTED) [TidepoolFeatureStatusManager] isInstantWifiEnabled=%s
05-07 06:13:29.367  1793  1793 I MagicTether: (REDACTED) [TetherService] startNearbyHostRole: start: %s isInstantHotspotEnabled: %s isInstantWifiEnabled: %s
05-07 06:13:29.367  1793  1793 I MagicTether: (REDACTED) [TidepoolFeatureStatusManager] isInstantHotspotEnabled=%s
05-07 06:13:29.367  1793  1793 I MagicTether: [HostTetherRole] Nearby host role already started [CONTEXT service_id=276 ]
05-07 06:13:29.860  1793  5305 I NearbySharing: Network state changed: NetworkState(isRestricted=false, isOnline=true, isCongested=false, isMetered=false, isWifiConnected=true)
05-07 06:13:32.073   988  1024 E UnisocWatchdog: UnisocWatchdogImpl sendMessage:0
05-07 06:13:32.073   988  1089 E UnisocWatchdog: UNISOCWATCHDOG_MESSAGE_TIMER30 trigger
05-07 06:13:32.368   988  1168 D WifiStaIfaceHidlImpl: getCachedScanData is not implemented by HIDL
05-07 06:13:32.379   988  1168 I HalDevMgr: bestIfaceCreationProposal is null, requestIface=STA, existingIface=[name=wlan0 type=STA]
05-07 06:13:35.388   988  1168 D WifiStaIfaceHidlImpl: getCachedScanData is not implemented by HIDL
05-07 06:13:35.401   988  1168 I HalDevMgr: bestIfaceCreationProposal is null, requestIface=STA, existingIface=[name=wlan0 type=STA]
05-07 06:13:35.401  1793  1793 I MagicTether: (REDACTED) [ActiveNetworkTracker] setActiveNetwork: %s
05-07 06:13:35.402  1793  1793 I MagicTether: (REDACTED) [TetherService] onActiveNetworkChanged: network=%s isLost=%s
05-07 06:13:35.402  1793  5156 I MagicTether: [WifiConnectionHandler] Ignoring getWifiConfigurationByNetworkId when checking connected state [CONTEXT service_id=276 ]
05-07 06:13:35.403  1793  5156 I MagicTether: [WifiConnectionHandler] No networkId set, can't be connected. [CONTEXT service_id=276 ]
05-07 06:13:35.403  1793  3682 I NullBinder: NullBinder for android.net.action.RECOMMEND_NETWORKS triggering remote TransactionTooLargeException due to Service without Chimera impl, calling uid: 1000, calling pid: 0
05-07 06:13:35.403  1793  3682 W .gms.persistent: Large reply transaction of 1056768 bytes, interface descriptor , code 1
05-07 06:13:35.403  1793  5156 I MagicTether: (REDACTED) [TetherService] TRANSPORT_CELLULAR [%s], TRANSPORT_ETHERNET [%s], TRANSPORT_WIFI [%s]
05-07 06:13:35.404  1793  5156 I MagicTether: (REDACTED) [TetherService] setRoles hasActiveNetworkConnection=%s canActiveNetworkBeTethered=%s isConnectedToInstantTether=%s isWifiEnabled=%s isHosting=%s
05-07 06:13:35.408  1793  1793 I MagicTether: (REDACTED) [LaunchUtils] Instant Wifi for status account: name: %s | type: %s | isLaunched: %s
05-07 06:13:35.408  1793  1793 I MagicTether: (REDACTED) [TidepoolFeatureStatusManager] isInstantHotspotEnabled=%s
05-07 06:13:35.408  1793  1793 I MagicTether: (REDACTED) [TidepoolFeatureStatusManager] isInstantWifiEnabled=%s
05-07 06:13:35.408  1793  1793 I MagicTether: (REDACTED) [TetherService] startNearbyClientRole: start: %s isInstantHotspotEnabled: %s isInstantWifiEnabled: %s
05-07 06:13:35.408  1793  1793 I MagicTether: [TetherService] Stopping Nearby client role [CONTEXT service_id=276 ]
05-07 06:13:35.409  1793  1793 I MagicTether: [ClientTetherRole] Client role already stopped [CONTEXT service_id=276 ]
05-07 06:13:35.411  1793  1793 I MagicTether: (REDACTED) [LaunchUtils] Instant Wifi for status account: name: %s | type: %s | isLaunched: %s
05-07 06:13:35.411  1793  1793 I MagicTether: (REDACTED) [TidepoolFeatureStatusManager] isInstantHotspotEnabled=%s
05-07 06:13:35.411  1793  1793 I MagicTether: (REDACTED) [TidepoolFeatureStatusManager] isInstantWifiEnabled=%s
05-07 06:13:35.411  1793  1793 I MagicTether: (REDACTED) [TetherService] startNearbyHostRole: start: %s isInstantHotspotEnabled: %s isInstantWifiEnabled: %s
05-07 06:13:35.411  1793  1793 I MagicTether: (REDACTED) [TidepoolFeatureStatusManager] isInstantHotspotEnabled=%s
05-07 06:13:35.411  1793  1793 I MagicTether: [HostTetherRole] Nearby host role already started [CONTEXT service_id=276 ]
05-07 06:13:35.904  1793  5305 I NearbySharing: Network state changed: NetworkState(isRestricted=false, isOnline=true, isCongested=false, isMetered=false, isWifiConnected=true)
05-07 06:13:37.755   988  1178 D ActivityManager: Skip enqueue broadcast because no receiver with Intent { act=android.net.conn.DATA_ACTIVITY_CHANGE flg=0x10 (has extras) }
05-07 06:13:38.415   988  1168 D WifiStaIfaceHidlImpl: getCachedScanData is not implemented by HIDL
05-07 06:13:38.434   988  1168 I HalDevMgr: bestIfaceCreationProposal is null, requestIface=STA, existingIface=[name=wlan0 type=STA]
05-07 06:13:38.434  1793  1793 I MagicTether: (REDACTED) [ActiveNetworkTracker] setActiveNetwork: %s
05-07 06:13:38.435  1793  1793 I MagicTether: (REDACTED) [TetherService] onActiveNetworkChanged: network=%s isLost=%s
05-07 06:13:38.436  1793  5156 I MagicTether: [WifiConnectionHandler] Ignoring getWifiConfigurationByNetworkId when checking connected state [CONTEXT service_id=276 ]
05-07 06:13:38.436  1793  5156 I MagicTether: [WifiConnectionHandler] No networkId set, can't be connected. [CONTEXT service_id=276 ]
05-07 06:13:38.436  1285  1359 D WifiSignalController: connected : true, level : 3, isDefault : true, inetCondition : 1, statusLabel : null
05-07 06:13:38.437  1285  1285 D StatusBarIconController: ignoring old pipeline callback because the new wifi icon is enabled
05-07 06:13:38.437  1793  5156 I MagicTether: (REDACTED) [TetherService] TRANSPORT_CELLULAR [%s], TRANSPORT_ETHERNET [%s], TRANSPORT_WIFI [%s]
05-07 06:13:38.437  1285  1285 D StatusBarIconController: setIconVisibility: slot=wifi,visibility=true,tag=0
05-07 06:13:38.437  1793  3948 I NullBinder: NullBinder for android.net.action.RECOMMEND_NETWORKS triggering remote TransactionTooLargeException due to Service without Chimera impl, calling uid: 1000, calling pid: 0
05-07 06:13:38.438  1793  3948 W .gms.persistent: Large reply transaction of 1056768 bytes, interface descriptor , code 1
05-07 06:13:38.438  1793  5156 I MagicTether: (REDACTED) [TetherService] setRoles hasActiveNetworkConnection=%s canActiveNetworkBeTethered=%s isConnectedToInstantTether=%s isWifiEnabled=%s isHosting=%s
05-07 06:13:38.442  1793  1793 I MagicTether: (REDACTED) [LaunchUtils] Instant Wifi for status account: name: %s | type: %s | isLaunched: %s
05-07 06:13:38.442  1793  1793 I MagicTether: (REDACTED) [TidepoolFeatureStatusManager] isInstantHotspotEnabled=%s
05-07 06:13:38.442  1793  1793 I MagicTether: (REDACTED) [TidepoolFeatureStatusManager] isInstantWifiEnabled=%s
05-07 06:13:38.443  1793  1793 I MagicTether: (REDACTED) [TetherService] startNearbyClientRole: start: %s isInstantHotspotEnabled: %s isInstantWifiEnabled: %s
05-07 06:13:38.443  1793  1793 I MagicTether: [TetherService] Stopping Nearby client role [CONTEXT service_id=276 ]
05-07 06:13:38.443  1793  1793 I MagicTether: [ClientTetherRole] Client role already stopped [CONTEXT service_id=276 ]
05-07 06:13:38.444  1793  1793 I MagicTether: (REDACTED) [LaunchUtils] Instant Wifi for status account: name: %s | type: %s | isLaunched: %s
05-07 06:13:38.444  1793  1793 I MagicTether: (REDACTED) [TidepoolFeatureStatusManager] isInstantHotspotEnabled=%s
05-07 06:13:38.444  1793  1793 I MagicTether: (REDACTED) [TidepoolFeatureStatusManager] isInstantWifiEnabled=%s
05-07 06:13:38.444  1793  1793 I MagicTether: (REDACTED) [TetherService] startNearbyHostRole: start: %s isInstantHotspotEnabled: %s isInstantWifiEnabled: %s
05-07 06:13:38.445  1793  1793 I MagicTether: (REDACTED) [TidepoolFeatureStatusManager] isInstantHotspotEnabled=%s
05-07 06:13:38.445  1793  1793 I MagicTether: [HostTetherRole] Nearby host role already started [CONTEXT service_id=276 ]
05-07 06:13:38.935  1793  5167 I NearbySharing: Network state changed: NetworkState(isRestricted=false, isOnline=true, isCongested=false, isMetered=false, isWifiConnected=true)
05-07 06:13:39.252  1793  5167 I NearbyMediums: No BLE Fast/GATT advertisements found in the latest cycle.
05-07 06:13:39.253  1793  5167 I NearbyMediums: Current Tracked Scanning Clients are : {NearbyConnections.EnvironmentMonitor, NearbySharing, NearbyConnections.TxAdvertisement}
05-07 06:13:39.910   988  1115 D AlarmManager: waitForAlarm result:8currentTime=1778148819910, elapsedRealtime=32357333
05-07 06:13:39.915   988  1115 D AlarmManager: sending alarm.type = 3, action = null, alarm = Alarm{2755aab type 3 origWhen 32357333 whenElapsed 32357333 com.google.android.gms}, cn = null, operation = null, listener=android.app.IAlarmListener$Stub$Proxy@e27f6bb, listenerTag=NLPShim:inferred_location_delivery, workSource=WorkSource{1001 com.unisoc.phone}
05-07 06:13:39.915   988  1115 D AlarmManagerService: set alarm to kernel: 32832.625000000, type=2 
05-07 06:13:39.916   988  1115 D AlarmManagerService: set alarm to kernel: 32377.422000000, type=3 
05-07 06:13:39.917   988  1192 V AlarmManager: set(null) : type=3 listener=android.app.IAlarmListener$Stub$Proxy@8d9e508 listenerTag=NLPShim:inferred_location_delivery workSource=WorkSource{1001 com.unisoc.phone} callingPackage=com.google.android.gms callingUid=10125 triggerAtTime=32537336 win=0 tElapsed=32537336 maxElapsed=32537336 interval=0 flags=0x1
05-07 06:13:39.918   988  1192 D AlarmManagerService: set alarm to kernel: 32832.625000000, type=2 
05-07 06:13:39.918   988  1192 D AlarmManagerService: set alarm to kernel: 32377.422000000, type=3 
05-07 06:13:39.923   988  1192 I LocationManagerService: incoming location: locationResult [[Location[network 11****** , -61******  hAcc=100.0 et=+8h59m17s336ms alt=-35.400001525878906 vAcc=100.0]]]
05-07 06:13:39.924   988  1192 I LocationManagerService: incoming location: locationResult [[Location[network 11****** , -61******  hAcc=100.0 et=+8h59m17s336ms alt=-35.400001525878906 vAcc=100.0]]]
05-07 06:13:39.924   988  1018 D LocationManagerService: network provider location send to 1000/android[GnssService]/740F311A
05-07 06:13:39.928   988  1192 D LocationManagerService: passive provider location send to 10125/com.google.android.gms[fused_location_provider]/BB9849DC
05-07 06:13:39.929   988  1192 D LocationManagerService: passive provider location send to 10125/com.google.android.gms[network_location_provider]/8F5D0F04
05-07 06:13:39.944   605   629 D GnssAidl: injectLocation
05-07 06:13:39.945   605   629 D GPS_HAL : gps_injectLocation enter
05-07 06:13:39.945   605   629 D GNSSMGT : gnssmgt_injectLocation: enter
05-07 06:13:39.945   605   629 D GNSSMGT : gps_inject_location: enter
05-07 06:13:41.442   988  1168 D WifiStaIfaceHidlImpl: getCachedScanData is not implemented by HIDL
05-07 06:13:41.453   988  1168 I HalDevMgr: bestIfaceCreationProposal is null, requestIface=STA, existingIface=[name=wlan0 type=STA]
05-07 06:13:44.468   988  1168 D WifiStaIfaceHidlImpl: getCachedScanData is not implemented by HIDL
05-07 06:13:44.487   988  1168 I HalDevMgr: bestIfaceCreationProposal is null, requestIface=STA, existingIface=[name=wlan0 type=STA]
