--------- beginning of main
05-07 05:49:10.131   988  1168 D WifiStaIfaceHidlImpl: getCachedScanData is not implemented by HIDL
05-07 05:49:10.142   988  1168 I HalDevMgr: bestIfaceCreationProposal is null, requestIface=STA, existingIface=[name=wlan0 type=STA]
05-07 05:49:10.861  1793 31432 I NearbyMediums: No BLE Fast/GATT advertisements found in the latest cycle.
05-07 05:49:10.862  1793 31432 I NearbyMediums: Current Tracked Scanning Clients are : {NearbyConnections.EnvironmentMonitor, NearbySharing, NearbyConnections.TxAdvertisement}
05-07 05:49:11.924   804   818 E SLOGCP  : data_rate_stat: agdsp rate: total size(MB)=0.000000; per second(bytes)=0.000000, drop_cnt_=0, drop_data_size_=0, pollin event times=0.
--------- beginning of system
05-07 05:49:12.234   988  1109 D ActivityManager: freezing 29789 com.google.android.apps.turbo
05-07 05:49:13.148   988  1168 D WifiStaIfaceHidlImpl: getCachedScanData is not implemented by HIDL
05-07 05:49:13.159   988  1168 I HalDevMgr: bestIfaceCreationProposal is null, requestIface=STA, existingIface=[name=wlan0 type=STA]
05-07 05:49:16.168   988  1168 D WifiStaIfaceHidlImpl: getCachedScanData is not implemented by HIDL
05-07 05:49:16.179  1285  1359 D WifiSignalController: connected : true, level : 3, isDefault : true, inetCondition : 1, statusLabel : null
05-07 05:49:16.180  1285  1285 D StatusBarIconController: ignoring old pipeline callback because the new wifi icon is enabled
05-07 05:49:16.180  1285  1285 D StatusBarIconController: setIconVisibility: slot=wifi,visibility=true,tag=0
05-07 05:49:16.181   988  1168 I HalDevMgr: bestIfaceCreationProposal is null, requestIface=STA, existingIface=[name=wlan0 type=STA]
05-07 05:49:16.182  1793  3939 I NullBinder: NullBinder for android.net.action.RECOMMEND_NETWORKS triggering remote TransactionTooLargeException due to Service without Chimera impl, calling uid: 1000, calling pid: 0
05-07 05:49:16.183  1793  3939 W .gms.persistent: Large reply transaction of 1056768 bytes, interface descriptor , code 1
05-07 05:49:16.185  1793  1793 I MagicTether: (REDACTED) [ActiveNetworkTracker] setActiveNetwork: %s
05-07 05:49:16.185  1793  1793 I MagicTether: (REDACTED) [TetherService] onActiveNetworkChanged: network=%s isLost=%s
05-07 05:49:16.185  1793 31283 I MagicTether: [WifiConnectionHandler] Ignoring getWifiConfigurationByNetworkId when checking connected state [CONTEXT service_id=276 ]
05-07 05:49:16.185  1793 31283 I MagicTether: [WifiConnectionHandler] No networkId set, can't be connected. [CONTEXT service_id=276 ]
05-07 05:49:16.186  1793 31283 I MagicTether: (REDACTED) [TetherService] TRANSPORT_CELLULAR [%s], TRANSPORT_ETHERNET [%s], TRANSPORT_WIFI [%s]
05-07 05:49:16.187  1793 31283 I MagicTether: (REDACTED) [TetherService] setRoles hasActiveNetworkConnection=%s canActiveNetworkBeTethered=%s isConnectedToInstantTether=%s isWifiEnabled=%s isHosting=%s
05-07 05:49:16.191  1793  1793 I MagicTether: (REDACTED) [LaunchUtils] Instant Wifi for status account: name: %s | type: %s | isLaunched: %s
05-07 05:49:16.191  1793  1793 I MagicTether: (REDACTED) [TidepoolFeatureStatusManager] isInstantHotspotEnabled=%s
05-07 05:49:16.191  1793  1793 I MagicTether: (REDACTED) [TidepoolFeatureStatusManager] isInstantWifiEnabled=%s
05-07 05:49:16.191  1793  1793 I MagicTether: (REDACTED) [TetherService] startNearbyClientRole: start: %s isInstantHotspotEnabled: %s isInstantWifiEnabled: %s
05-07 05:49:16.191  1793  1793 I MagicTether: [TetherService] Stopping Nearby client role [CONTEXT service_id=276 ]
05-07 05:49:16.191  1793  1793 I MagicTether: [ClientTetherRole] Client role already stopped [CONTEXT service_id=276 ]
05-07 05:49:16.192  1793  1793 I MagicTether: (REDACTED) [LaunchUtils] Instant Wifi for status account: name: %s | type: %s | isLaunched: %s
05-07 05:49:16.192  1793  1793 I MagicTether: (REDACTED) [TidepoolFeatureStatusManager] isInstantHotspotEnabled=%s
05-07 05:49:16.192  1793  1793 I MagicTether: (REDACTED) [TidepoolFeatureStatusManager] isInstantWifiEnabled=%s
05-07 05:49:16.192  1793  1793 I MagicTether: (REDACTED) [TetherService] startNearbyHostRole: start: %s isInstantHotspotEnabled: %s isInstantWifiEnabled: %s
05-07 05:49:16.192  1793  1793 I MagicTether: (REDACTED) [TidepoolFeatureStatusManager] isInstantHotspotEnabled=%s
05-07 05:49:16.192  1793  1793 I MagicTether: [HostTetherRole] Nearby host role already started [CONTEXT service_id=276 ]
05-07 05:49:16.686  1793 31432 I NearbySharing: Network state changed: NetworkState(isRestricted=false, isOnline=true, isCongested=false, isMetered=false, isWifiConnected=true)
05-07 05:49:19.188   988  1168 D WifiStaIfaceHidlImpl: getCachedScanData is not implemented by HIDL
05-07 05:49:19.191   988  1168 D ActivityManager: Skip enqueue broadcast because no receiver with Intent { act=android.net.wifi.RSSI_CHANGED flg=0x4000010 (has extras) }
05-07 05:49:19.200   988  1168 I HalDevMgr: bestIfaceCreationProposal is null, requestIface=STA, existingIface=[name=wlan0 type=STA]
05-07 05:49:19.202  1793  1793 I MagicTether: (REDACTED) [ActiveNetworkTracker] setActiveNetwork: %s
05-07 05:49:19.203  1793  1793 I MagicTether: (REDACTED) [TetherService] onActiveNetworkChanged: network=%s isLost=%s
05-07 05:49:19.203  1793 31283 I MagicTether: [WifiConnectionHandler] Ignoring getWifiConfigurationByNetworkId when checking connected state [CONTEXT service_id=276 ]
05-07 05:49:19.203  1793 31283 I MagicTether: [WifiConnectionHandler] No networkId set, can't be connected. [CONTEXT service_id=276 ]
05-07 05:49:19.204  1793 31283 I MagicTether: (REDACTED) [TetherService] TRANSPORT_CELLULAR [%s], TRANSPORT_ETHERNET [%s], TRANSPORT_WIFI [%s]
05-07 05:49:19.205  1793 31283 I MagicTether: (REDACTED) [TetherService] setRoles hasActiveNetworkConnection=%s canActiveNetworkBeTethered=%s isConnectedToInstantTether=%s isWifiEnabled=%s isHosting=%s
05-07 05:49:19.205  1793  3939 I NullBinder: NullBinder for android.net.action.RECOMMEND_NETWORKS triggering remote TransactionTooLargeException due to Service without Chimera impl, calling uid: 1000, calling pid: 0
05-07 05:49:19.205  1793  3939 W .gms.persistent: Large reply transaction of 1056768 bytes, interface descriptor , code 1
05-07 05:49:19.208  1793  1793 I MagicTether: (REDACTED) [LaunchUtils] Instant Wifi for status account: name: %s | type: %s | isLaunched: %s
05-07 05:49:19.208  1793  1793 I MagicTether: (REDACTED) [TidepoolFeatureStatusManager] isInstantHotspotEnabled=%s
05-07 05:49:19.208  1793  1793 I MagicTether: (REDACTED) [TidepoolFeatureStatusManager] isInstantWifiEnabled=%s
05-07 05:49:19.209  1793  1793 I MagicTether: (REDACTED) [TetherService] startNearbyClientRole: start: %s isInstantHotspotEnabled: %s isInstantWifiEnabled: %s
05-07 05:49:19.209  1793  1793 I MagicTether: [TetherService] Stopping Nearby client role [CONTEXT service_id=276 ]
05-07 05:49:19.209  1793  1793 I MagicTether: [ClientTetherRole] Client role already stopped [CONTEXT service_id=276 ]
05-07 05:49:19.210  1793  1793 I MagicTether: (REDACTED) [LaunchUtils] Instant Wifi for status account: name: %s | type: %s | isLaunched: %s
05-07 05:49:19.210  1793  1793 I MagicTether: (REDACTED) [TidepoolFeatureStatusManager] isInstantHotspotEnabled=%s
05-07 05:49:19.210  1793  1793 I MagicTether: (REDACTED) [TidepoolFeatureStatusManager] isInstantWifiEnabled=%s
05-07 05:49:19.210  1793  1793 I MagicTether: (REDACTED) [TetherService] startNearbyHostRole: start: %s isInstantHotspotEnabled: %s isInstantWifiEnabled: %s
05-07 05:49:19.210  1793  1793 I MagicTether: (REDACTED) [TidepoolFeatureStatusManager] isInstantHotspotEnabled=%s
05-07 05:49:19.211  1793  1793 I MagicTether: [HostTetherRole] Nearby host role already started [CONTEXT service_id=276 ]
05-07 05:49:19.211  1285  1359 D WifiSignalController: connected : true, level : 2, isDefault : true, inetCondition : 1, statusLabel : null
05-07 05:49:19.212  1285  1285 D StatusBarIconController: ignoring old pipeline callback because the new wifi icon is enabled
05-07 05:49:19.212  1285  1285 D StatusBarIconController: setIconVisibility: slot=wifi,visibility=true,tag=0
05-07 05:49:19.235  1285  1295 D BLASTBufferQueue: [VRI[StatusBar]#3](f:0,a:2) PendingRelease=1, PendingBuffersToHold=0, SyncedFrameNumbers=0, lacfnr:3056, lapfnr:3056
05-07 05:49:19.703  1793 31432 I NearbySharing: Network state changed: NetworkState(isRestricted=false, isOnline=true, isCongested=false, isMetered=false, isWifiConnected=true)
05-07 05:49:20.863  1793 31432 I NearbyMediums: No BLE Fast/GATT advertisements found in the latest cycle.
05-07 05:49:20.864  1793 31432 I NearbyMediums: Current Tracked Scanning Clients are : {NearbyConnections.EnvironmentMonitor, NearbySharing, NearbyConnections.TxAdvertisement}
05-07 05:49:22.208   988  1168 D WifiStaIfaceHidlImpl: getCachedScanData is not implemented by HIDL
05-07 05:49:22.220   988  1168 I HalDevMgr: bestIfaceCreationProposal is null, requestIface=STA, existingIface=[name=wlan0 type=STA]
05-07 05:49:22.220  1793  3939 I NullBinder: NullBinder for android.net.action.RECOMMEND_NETWORKS triggering remote TransactionTooLargeException due to Service without Chimera impl, calling uid: 1000, calling pid: 0
05-07 05:49:22.220  1793  3939 W .gms.persistent: Large reply transaction of 1056768 bytes, interface descriptor , code 1
05-07 05:49:22.221  1793  1793 I MagicTether: (REDACTED) [ActiveNetworkTracker] setActiveNetwork: %s
05-07 05:49:22.221  1793  1793 I MagicTether: (REDACTED) [TetherService] onActiveNetworkChanged: network=%s isLost=%s
05-07 05:49:22.222  1793 31283 I MagicTether: [WifiConnectionHandler] Ignoring getWifiConfigurationByNetworkId when checking connected state [CONTEXT service_id=276 ]
05-07 05:49:22.222  1793 31283 I MagicTether: [WifiConnectionHandler] No networkId set, can't be connected. [CONTEXT service_id=276 ]
05-07 05:49:22.222  1793 31283 I MagicTether: (REDACTED) [TetherService] TRANSPORT_CELLULAR [%s], TRANSPORT_ETHERNET [%s], TRANSPORT_WIFI [%s]
05-07 05:49:22.223  1793 31283 I MagicTether: (REDACTED) [TetherService] setRoles hasActiveNetworkConnection=%s canActiveNetworkBeTethered=%s isConnectedToInstantTether=%s isWifiEnabled=%s isHosting=%s
05-07 05:49:22.227  1793  1793 I MagicTether: (REDACTED) [LaunchUtils] Instant Wifi for status account: name: %s | type: %s | isLaunched: %s
05-07 05:49:22.227  1793  1793 I MagicTether: (REDACTED) [TidepoolFeatureStatusManager] isInstantHotspotEnabled=%s
05-07 05:49:22.227  1793  1793 I MagicTether: (REDACTED) [TidepoolFeatureStatusManager] isInstantWifiEnabled=%s
05-07 05:49:22.227  1793  1793 I MagicTether: (REDACTED) [TetherService] startNearbyClientRole: start: %s isInstantHotspotEnabled: %s isInstantWifiEnabled: %s
05-07 05:49:22.228  1793  1793 I MagicTether: [TetherService] Stopping Nearby client role [CONTEXT service_id=276 ]
05-07 05:49:22.228  1793  1793 I MagicTether: [ClientTetherRole] Client role already stopped [CONTEXT service_id=276 ]
05-07 05:49:22.229  1793  1793 I MagicTether: (REDACTED) [LaunchUtils] Instant Wifi for status account: name: %s | type: %s | isLaunched: %s
05-07 05:49:22.229  1793  1793 I MagicTether: (REDACTED) [TidepoolFeatureStatusManager] isInstantHotspotEnabled=%s
05-07 05:49:22.229  1793  1793 I MagicTether: (REDACTED) [TidepoolFeatureStatusManager] isInstantWifiEnabled=%s
05-07 05:49:22.229  1793  1793 I MagicTether: (REDACTED) [TetherService] startNearbyHostRole: start: %s isInstantHotspotEnabled: %s isInstantWifiEnabled: %s
05-07 05:49:22.229  1793  1793 I MagicTether: (REDACTED) [TidepoolFeatureStatusManager] isInstantHotspotEnabled=%s
05-07 05:49:22.229  1793  1793 I MagicTether: [HostTetherRole] Nearby host role already started [CONTEXT service_id=276 ]
05-07 05:49:22.721  1793 31446 I NearbySharing: Network state changed: NetworkState(isRestricted=false, isOnline=true, isCongested=false, isMetered=false, isWifiConnected=true)
05-07 05:49:25.227   988  1168 D WifiStaIfaceHidlImpl: getCachedScanData is not implemented by HIDL
05-07 05:49:25.236   988  1168 I HalDevMgr: bestIfaceCreationProposal is null, requestIface=STA, existingIface=[name=wlan0 type=STA]
05-07 05:49:28.241   988  1168 D WifiStaIfaceHidlImpl: getCachedScanData is not implemented by HIDL
05-07 05:49:28.244   988  1168 D ActivityManager: Skip enqueue broadcast because no receiver with Intent { act=android.net.wifi.RSSI_CHANGED flg=0x4000010 (has extras) }
05-07 05:49:28.253  1793  1793 I MagicTether: (REDACTED) [ActiveNetworkTracker] setActiveNetwork: %s
05-07 05:49:28.254  1793  1793 I MagicTether: (REDACTED) [TetherService] onActiveNetworkChanged: network=%s isLost=%s
05-07 05:49:28.254   988  1168 I HalDevMgr: bestIfaceCreationProposal is null, requestIface=STA, existingIface=[name=wlan0 type=STA]
05-07 05:49:28.254  1285  1359 D WifiSignalController: connected : true, level : 3, isDefault : true, inetCondition : 1, statusLabel : null
05-07 05:49:28.254  1793 31283 I MagicTether: [WifiConnectionHandler] Ignoring getWifiConfigurationByNetworkId when checking connected state [CONTEXT service_id=276 ]
05-07 05:49:28.255  1793 31283 I MagicTether: [WifiConnectionHandler] No networkId set, can't be connected. [CONTEXT service_id=276 ]
05-07 05:49:28.255  1793 31283 I MagicTether: (REDACTED) [TetherService] TRANSPORT_CELLULAR [%s], TRANSPORT_ETHERNET [%s], TRANSPORT_WIFI [%s]
05-07 05:49:28.256  1793 31283 I MagicTether: (REDACTED) [TetherService] setRoles hasActiveNetworkConnection=%s canActiveNetworkBeTethered=%s isConnectedToInstantTether=%s isWifiEnabled=%s isHosting=%s
05-07 05:49:28.257  1793  2472 I NullBinder: NullBinder for android.net.action.RECOMMEND_NETWORKS triggering remote TransactionTooLargeException due to Service without Chimera impl, calling uid: 1000, calling pid: 0
05-07 05:49:28.257  1793  2472 W .gms.persistent: Large reply transaction of 1056768 bytes, interface descriptor , code 1
05-07 05:49:28.260  1793  1793 I MagicTether: (REDACTED) [LaunchUtils] Instant Wifi for status account: name: %s | type: %s | isLaunched: %s
05-07 05:49:28.260  1793  1793 I MagicTether: (REDACTED) [TidepoolFeatureStatusManager] isInstantHotspotEnabled=%s
05-07 05:49:28.261  1793  1793 I MagicTether: (REDACTED) [TidepoolFeatureStatusManager] isInstantWifiEnabled=%s
05-07 05:49:28.261  1793  1793 I MagicTether: (REDACTED) [TetherService] startNearbyClientRole: start: %s isInstantHotspotEnabled: %s isInstantWifiEnabled: %s
05-07 05:49:28.261  1793  1793 I MagicTether: [TetherService] Stopping Nearby client role [CONTEXT service_id=276 ]
05-07 05:49:28.261  1793  1793 I MagicTether: [ClientTetherRole] Client role already stopped [CONTEXT service_id=276 ]
05-07 05:49:28.263  1793  1793 I MagicTether: (REDACTED) [LaunchUtils] Instant Wifi for status account: name: %s | type: %s | isLaunched: %s
05-07 05:49:28.263  1793  1793 I MagicTether: (REDACTED) [TidepoolFeatureStatusManager] isInstantHotspotEnabled=%s
05-07 05:49:28.263  1793  1793 I MagicTether: (REDACTED) [TidepoolFeatureStatusManager] isInstantWifiEnabled=%s
05-07 05:49:28.263  1793  1793 I MagicTether: (REDACTED) [TetherService] startNearbyHostRole: start: %s isInstantHotspotEnabled: %s isInstantWifiEnabled: %s
05-07 05:49:28.263  1793  1793 I MagicTether: (REDACTED) [TidepoolFeatureStatusManager] isInstantHotspotEnabled=%s
05-07 05:49:28.264  1793  1793 I MagicTether: [HostTetherRole] Nearby host role already started [CONTEXT service_id=276 ]
05-07 05:49:28.265  1285  1285 D StatusBarIconController: ignoring old pipeline callback because the new wifi icon is enabled
05-07 05:49:28.265  1285  1285 D StatusBarIconController: setIconVisibility: slot=wifi,visibility=true,tag=0
05-07 05:49:28.277  1285 17812 D BLASTBufferQueue: [VRI[StatusBar]#3](f:0,a:2) PendingRelease=1, PendingBuffersToHold=0, SyncedFrameNumbers=0, lacfnr:3057, lapfnr:3057
05-07 05:49:28.753  1793 31446 I NearbySharing: Network state changed: NetworkState(isRestricted=false, isOnline=true, isCongested=false, isMetered=false, isWifiConnected=true)
05-07 05:49:29.654   988  1124 D InputReader: dispatchTouches action DOWN now(ns): 8803384159317
05-07 05:49:29.654   988  1124 D InputReader: notifyMotion call dispatcher
05-07 05:49:29.670   988  1124 D InputReader: dispatchTouches action MOVE now(ns): 8803400559471
05-07 05:49:29.670   988  1124 D InputReader: notifyMotion call dispatcher
05-07 05:49:29.687   988  1124 D InputReader: dispatchTouches action MOVE now(ns): 8803417226240
05-07 05:49:29.687   988  1124 D InputReader: notifyMotion call dispatcher
05-07 05:49:29.703   988  1124 D InputReader: dispatchTouches action MOVE now(ns): 8803433881356
05-07 05:49:29.704   988  1124 D InputReader: notifyMotion call dispatcher
05-07 05:49:29.720   988  1124 I InputReader: processEventsLocked: type=3 Count=3 code=57 value=-1 deviceId=2 when=8803450357000
05-07 05:49:29.720   988  1124 D InputReader: dispatchTouches action UP now(ns): 8803450956433
05-07 05:49:29.721   988  1124 D InputReader: notifyMotion call dispatcher
05-07 05:49:29.736   988  1591 E UNIPNP: PolicyParse: Do not support this action : KSWAPD_LITTLE_CORE
05-07 05:49:29.737   988  1591 E UNIPNP: ActionManager: No this Action : KSWAPD_LITTLE_CORE
05-07 05:49:29.739   988  1591 D PerformanceDatabaseControl: querymem pkgName = com.gtaxi.rider
05-07 05:49:29.740   298   298 I lmkd    : memfree(173MB) is enough and ignore fast kill
05-07 05:49:29.741   603   603 D PowerHAL: enter power::setMode
05-07 05:49:29.741   603   603 D PowerHAL: PowerSessionManager::updateHintMode: mode: LAUNCH, enabled: 1
05-07 05:49:29.741   603   603 D PowerHAL: PowerSessionManager::updateHintMode resValue = 0
05-07 05:49:29.741   603   603 D PowerHAL: ###Enter launch scene bgn###
05-07 05:49:29.741   603   603 D PowerHAL: Enter common_set: enable:1, duration: 0, /sys/devices/system/cpu/cpufreq/policy0/scaling_min_freq: 1820000
05-07 05:49:29.741   603   603 D PowerHAL: Enter set_cluster_freqs_max_min: 
05-07 05:49:29.741   603   603 D PowerHAL: Enter common_set: enable:1, duration: 0, /sys/devices/system/cpu/cpufreq/policy0/scaling_max_freq: 1820000
05-07 05:49:29.741   603   603 D PowerHAL: Enter set_cluster_freqs_max_min: 
05-07 05:49:29.741   603   603 D PowerHAL: Enter common_set: enable:1, duration: 0, /sys/devices/system/cpu/cpufreq/policy6/scaling_min_freq: 2028000
05-07 05:49:29.741   603   603 D PowerHAL: Enter set_cluster_freqs_max_min: 
05-07 05:49:29.741   603   603 D PowerHAL: Enter common_set: enable:1, duration: 0, /sys/devices/system/cpu/cpufreq/policy6/scaling_max_freq: 2028000
05-07 05:49:29.741   603   603 D PowerHAL: Enter set_cluster_freqs_max_min: 
05-07 05:49:29.741   603   603 D PowerHAL: Enter devfreq_ddr_set: enable:1, duration: 0, /sys/class/devfreq/scene-frequency/sprd-governor/scene_boost_dfs: max
05-07 05:49:29.742   603   603 D PowerHAL: ###Enter launch scene end###
05-07 05:49:29.746   988  3250 I ActivityTaskManager: START u0 {act=android.intent.action.MAIN cat=[android.intent.category.LAUNCHER] flg=0x10000000 pkg=com.gtaxi.rider cmp=com.gtaxi.rider/.MainActivity} with LAUNCH_SINGLE_TASK from uid 1000 pid 9239 (BAL_ALLOW_ALLOWLISTED_UID) result code=START_SUCCESS
05-07 05:49:29.747  1285  1315 V WindowManagerShell: Transition requested: android.os.BinderProxy@232c12a TransitionRequestInfo { type = OPEN, triggerTask = TaskInfo{userId=0 taskId=271 displayId=0 isRunning=true baseIntent=Intent { act=android.intent.action.MAIN cat=[android.intent.category.LAUNCHER] flg=0x10000000 pkg=com.gtaxi.rider cmp=com.gtaxi.rider/.MainActivity } baseActivity=ComponentInfo{com.gtaxi.rider/com.gtaxi.rider.MainActivity} topActivity=ComponentInfo{com.gtaxi.rider/com.gtaxi.rider.MainActivity} origActivity=null realActivity=ComponentInfo{com.gtaxi.rider/com.gtaxi.rider.MainActivity} numActivities=1 lastActiveTime=30907168 supportsMultiWindow=true resizeMode=1 isResizeable=true minWidth=-1 minHeight=-1 defaultMinSize=220 token=WCT{android.window.IWindowContainerToken$Stub$Proxy@6f33b1b} topActivityType=1 pictureInPictureParams=null shouldDockBigOverlays=false launchIntoPipHostTaskId=-1 lastParentTaskIdBeforePip=-1 displayCutoutSafeInsets=null topActivityInfo=ActivityInfo{37494b8 com.gtaxi.rider.MainActivity} launchCookies=[] positionInParent=Point(0, 0) parentTaskId=-1 isFocused=false isVisible=false isVisibleRequested=false isSleeping=false topActivityInSizeCompat=false topActivityEligibleForLetterboxEducation= false topActivityLetterboxed= false isFromDoubleTap= false topActivityLetterboxVerticalPosition= -1 topActivityLetterboxHorizontalPosition= -1 topActivityLetterboxWidth=-1 topActivityLetterboxHeight=-1 locusId=null displayAreaFeatureId=1 cameraCompatControlState=hidden}, remoteTransition = null, displayChange = null }
05-07 05:49:29.750   988  1021 D ActivityManager: PROFILE_FROM_SHELL is disabled for ProcessRecord{408d908 0:com.gtaxi.rider/u0a246}
05-07 05:49:29.750   988  1021 D CompatibilityChangeReporter: Compat change id reported: 135634846; UID 10246; state: DISABLED
05-07 05:49:29.751   988  1021 D CompatibilityChangeReporter: Compat change id reported: 177438394; UID 10246; state: DISABLED
05-07 05:49:29.751   988  1021 D CompatibilityChangeReporter: Compat change id reported: 135772972; UID 10246; state: DISABLED
05-07 05:49:29.751   988  1021 D CompatibilityChangeReporter: Compat change id reported: 135754954; UID 10246; state: ENABLED
05-07 05:49:29.752   988  1040 D CompatibilityChangeReporter: Compat change id reported: 143937733; UID 10246; state: ENABLED
05-07 05:49:29.756   988  2978 D ActivityManager: sync unfroze 30066 com.google.android.videos for 0
05-07 05:49:29.757   988  2978 D ActivityManager: sync unfroze 30020 com.android.keychain for 0
05-07 05:49:29.758   988  2978 D ActivityManager: sync unfroze 30118 com.google.android.apps.docs for 0
05-07 05:49:29.760   988  2978 D ActivityManager: sync unfroze 30410 com.google.android.googlequicksearchbox:search for 0
05-07 05:49:29.761   988  2978 D ActivityManager: sync unfroze 28802 com.google.process.gservices for 0
05-07 05:49:29.762   988  2978 D ActivityManager: sync unfroze 21340 com.google.android.apps.photos for 0
05-07 05:49:29.763   988  2978 D ActivityManager: sync unfroze 28827 android.process.acore for 0
05-07 05:49:29.764   988  2978 D ActivityManager: sync unfroze 31195 com.android.chrome for 0
05-07 05:49:29.764   561   561 D Zygote  : Forked child process 31448
05-07 05:49:29.777   635   635 I BpBinder: onLastStrongRef automatically unlinking death recipients: 
05-07 05:49:29.777   988  2978 D ActivityManager: sync unfroze 30399 com.google.android.apps.youtube.music for 0
05-07 05:49:29.782   988  2978 D ActivityManager: sync unfroze 26393 com.google.android.permissioncontroller for 0
05-07 05:49:29.783   988  2978 D ActivityManager: sync unfroze 29789 com.google.android.apps.turbo for 0
05-07 05:49:29.784   988  1087 D RemoteDisplayChangeController: add callback for remoteDisplay, fromRotation = 2, toRotation = 0
05-07 05:49:29.788   988  1040 I ActivityManager: Start proc 31448:com.gtaxi.rider/u0a246 for next-top-activity {com.gtaxi.rider/com.gtaxi.rider.MainActivity}
05-07 05:49:29.790 31448 31448 I com.gtaxi.rider: Using CollectorTypeCMC GC.
05-07 05:49:29.795   988  1254 I WindowManager: Input focus has changed to null from 1728140 com.android.settings/com.android.settings.spa.SpaActivity mDisplayId 0 updateInputWindows true
05-07 05:49:29.796   988  1254 D UnisocDisplayJamMonitorImpl: Switch focus to null.
05-07 05:49:29.797   988  1087 D CoreBackPreview: Window{98f7a87 u0 Splash Screen com.gtaxi.rider}, [type=3]-[Surface(name=*Title#1719)/@0x3e3337f, shown=false, alpha=0.0, windowType=3]: Setting back callback OnBackInvokedCallbackInfo{mCallback=android.window.IOnBackInvokedCallback$Stub$Proxy@4a7cf4c, mPriority=0, mIsAnimationCallback=false}
05-07 05:49:29.798  1285  1332 E WindowLayout: The sizes of width [0] might be incorrect for Splash Screen com.gtaxi.rider requestedWidth=800 winFrame= Rect(0, 0 - 0, 0)
05-07 05:49:29.798  1285  1332 E WindowLayout: The sizes of height [0] might be incorrect for Splash Screen com.gtaxi.rider requestedHeight=1280 winFrame= Rect(0, 0 - 0, 0)
05-07 05:49:29.800 31448 31448 D nativeloader: Load libframework-connectivity-tiramisu-jni.so using APEX ns com_android_tethering for caller /apex/com.android.tethering/javalib/framework-connectivity-t.jar: ok
05-07 05:49:29.802   577   577 I mali_gralloc: allocate: id=2410000053c, hal_format=RGBA8888, mali_format=RGBA8888, afbc=SPLIT, usage=GPU_RW|HWC, size=1x1(2048), stride=16, name=VRI[rider]#124(BLAST Consumer)124
05-07 05:49:29.803  1285 31458 D mali_gralloc: register: id=2410000053c, handle=0xb4000071cb6a4910, importpid=-1, gRegisteredHandles=108
05-07 05:49:29.803   577   577 I mali_gralloc: allocate: id=2410000053d, hal_format=RGBA8888, mali_format=RGBA8888, afbc=SPLIT, usage=GPU_RW|HWC, size=1x1(2048), stride=16, name=VRI[rider]#124(BLAST Consumer)124
05-07 05:49:29.804  1285 31458 D mali_gralloc: register: id=2410000053d, handle=0xb4000071cb6c8eb0, importpid=-1, gRegisteredHandles=109
05-07 05:49:29.804   577   577 I mali_gralloc: allocate: id=2410000053e, hal_format=RGBA8888, mali_format=RGBA8888, afbc=SPLIT, usage=GPU_RW|HWC, size=1x1(2048), stride=16, name=VRI[rider]#124(BLAST Consumer)124
05-07 05:49:29.804  1285 31458 D mali_gralloc: register: id=2410000053e, handle=0xb4000071cb65a3f0, importpid=-1, gRegisteredHandles=110
05-07 05:49:29.805   988  1021 I ActivityTaskManager: Config changes=20000000{CONFIG_WINDOW_CONFIGURATION}, size=27, {1.0 ?mcc0mnc [en_US] ldltr sw711dp w711dp h1090dp 180dpi lrg port night finger -keyb/v/h -nav/h winConfig={ mBounds=Rect(0, 0 - 800, 1280) mAppBounds=Rect(0, 0 - 800, 1253) mMaxBounds=Rect(0, 0 - 800, 1280) mDisplayRotation=ROTATION_0 mWindowingMode=fullscreen mDisplayWindowingMode=fullscreen mActivityType=undefined mAlwaysOnTop=undefined mRotation=ROTATION_0} s.770 fontWeightAdjustment=0}
05-07 05:49:29.812   988  1021 I WindowManager: Override config changes=20000000 {1.0 ?mcc0mnc [en_US] ldltr sw711dp w711dp h1090dp 180dpi lrg port night finger -keyb/v/h -nav/h winConfig={ mBounds=Rect(0, 0 - 800, 1280) mAppBounds=Rect(0, 0 - 800, 1253) mMaxBounds=Rect(0, 0 - 800, 1280) mDisplayRotation=ROTATION_0 mWindowingMode=fullscreen mDisplayWindowingMode=fullscreen mActivityType=undefined mAlwaysOnTop=undefined mRotation=ROTATION_0} s.770 fontWeightAdjustment=0} for displayId=0
05-07 05:49:29.816   577   577 I mali_gralloc: allocate: id=2410000053f, hal_format=RGBA8888, mali_format=RGBA8888, afbc=false, usage=CPU_RW|GPU_RW|HWC, size=800x1280(4096000), stride=800, name=screenshot
05-07 05:49:29.817   635  1693 D mali_gralloc: register: id=2410000053f, handle=0xb400006f0f1a5af0, importpid=-1, gRegisteredHandles=13
05-07 05:49:29.818  1285  1285 D NavBarView: STATUS_BAR_DISABLE_HOME is 2097152, STATUS_BAR_DISABLE_BACK is 4194304, mNavBarMode is 2, mDisabledFlags is 0
05-07 05:49:29.818  1285  1285 D NavBarView: disableBack is true, disableHome is true, disableRecent is true, disableHomeHandle is false
05-07 05:49:29.824   988  3199 D mali_gralloc: register: id=2410000053f, handle=0xb4000071cb709ad0, importpid=635, gRegisteredHandles=5
05-07 05:49:29.825   988  1021 W ImageReader_JNI: Unable to acquire a buffer item, very likely client tried to acquire more than maxImages buffers
05-07 05:49:29.825 30118 31072 W HttpCallTransport: Fail read Http response and forward to Cello
05-07 05:49:29.827   635  1693 D mali_gralloc: register: id=2410000053f, handle=0xb400006f0f199190, importpid=988, gRegisteredHandles=14
05-07 05:49:29.827   988  1021 D mali_gralloc: unregister: id=2410000053f, handle=0xb4000071cb709ad0, base=0x6fa935d000, importpid=988, count:0
05-07 05:49:29.831  1642  1642 D b/254119092: TaskbarManager#mComponentCallbacks.onConfigurationChanged: {1.0 ?mcc0mnc [en_US] ldltr sw711dp w711dp h1090dp 180dpi lrg port night finger -keyb/v/h -nav/h winConfig={ mBounds=Rect(0, 0 - 800, 1280) mAppBounds=Rect(0, 0 - 800, 1253) mMaxBounds=Rect(0, 0 - 800, 1280) mDisplayRotation=ROTATION_0 mWindowingMode=fullscreen mDisplayWindowingMode=fullscreen mActivityType=undefined mAlwaysOnTop=undefined mRotation=ROTATION_0} s.770 fontWeightAdjustment=0}
05-07 05:49:29.831  1642  1642 D b/254119092: mActivity and mContext agree taskbarIsPresent=false
05-07 05:49:29.832  1642  1642 D b/254119092: ComponentCallbacks#onConfigurationChanged() configDiffForRecreate={CONFIG_WINDOW_CONFIGURATION}
05-07 05:49:29.832  1642  1642 D b/254119092: mActivity and mContext agree taskbarIsPresent=false
05-07 05:49:29.832 30118 30242 E Cello   : [30242:NonCelloThread] authenticated_transport.cc:182:DumpToLog Request 0xb4000071bb63b320: 0 transport: UNAVAILABLE: From legacy status [type.googleapis.com/drive.ds.Status='UNAVAILABLE_WHILE_OFFLINE']
05-07 05:49:29.832 30118 30242 E Cello   : === Source Location Trace: ===
05-07 05:49:29.832 30118 30242 E Cello   : java/com/google/android/libraries/drive/core/impl/cello/jni/http_transport.cc:63
05-07 05:49:29.832 30118 30242 E Cello   :  reader: OK url: https://play.googleapis.com/log
05-07 05:49:29.832 30118 30242 E Cello   : [30242:NonCelloThread] authenticated_transport.cc:182:DumpToLog req.hdr 0xb4000071bb63b320: Content-Type=
05-07 05:49:29.832 30118 30242 E Cello   : [30242:NonCelloThread] authenticated_transport.cc:182:DumpToLog Response body 0xb4000071bb63b320: (no response body)
05-07 05:49:29.832  1642  1642 D b/254119092: DisplayController#onConfigurationChanged: {1.0 ?mcc0mnc [en_US] ldltr sw711dp w711dp h1090dp 180dpi lrg port night finger -keyb/v/h -nav/h winConfig={ mBounds=Rect(0, 0 - 800, 1280) mAppBounds=Rect(0, 0 - 800, 1253) mMaxBounds=Rect(0, 0 - 800, 1280) mDisplayRotation=ROTATION_0 mWindowingMode=fullscreen mDisplayWindowingMode=fullscreen mActivityType=undefined mAlwaysOnTop=undefined mRotation=ROTATION_0} s.770 fontWeightAdjustment=0}
05-07 05:49:29.833 30118 30252 E Cello   : [30252:MetricsTransportThread-CELLO] metrics_transport.cc:234:SendRequest Request failed: drive::ds::Status::UNAVAILABLE_WHILE_OFFLINE
05-07 05:49:29.833 30118 31460 W HttpCallTransport: Fail read Http response and forward to Cello
05-07 05:49:29.834 30118 30256 E Cello   : [30256:NonCelloThread] authenticated_transport.cc:182:DumpToLog Request 0xb4000071bb640b20: 0 transport: UNAVAILABLE: From legacy status [type.googleapis.com/drive.ds.Status='UNAVAILABLE_WHILE_OFFLINE']
05-07 05:49:29.834 30118 30256 E Cello   : === Source Location Trace: ===
05-07 05:49:29.834 30118 30256 E Cello   : java/com/google/android/libraries/drive/core/impl/cello/jni/http_transport.cc:63
05-07 05:49:29.834 30118 30256 E Cello   :  reader: OK url: https://play.googleapis.com/log
05-07 05:49:29.834 30118 30256 E Cello   : [30256:NonCelloThread] authenticated_transport.cc:182:DumpToLog req.hdr 0xb4000071bb640b20: Content-Type=
05-07 05:49:29.834 30118 30256 E Cello   : [30256:NonCelloThread] authenticated_transport.cc:182:DumpToLog Response body 0xb4000071bb640b20: (no response body)
05-07 05:49:29.834  1285  1315 V WindowManagerShell: Display changed: 0
05-07 05:49:29.835 30118 30258 E Cello   : [30258:MetricsTransportThread-CELLO] metrics_transport.cc:234:SendRequest Request failed: drive::ds::Status::UNAVAILABLE_WHILE_OFFLINE
05-07 05:49:29.839   988  1087 I WindowManager: finishDrawing of orientation change: Window{98f7a87 u0 Splash Screen com.gtaxi.rider}, [type=3]-[Surface(name=*Title#1719)/@0x3e3337f, shown=false, alpha=0.0, windowType=3] 4ms
05-07 05:49:29.840   988  1087 D WindowManager: finishDrawingLocked: merge with mWin.mSyncTransaction!!! ,mWin = Window{98f7a87 u0 Splash Screen com.gtaxi.rider}, [type=3]-[Surface(name=*Title#1719)/@0x3e3337f, shown=false, alpha=0.0, windowType=3] ,inputHandle = 98f7a87 Splash Screen com.gtaxi.rider, frame=[0,0,0,0], touchableRegion=SkRegion(), scaleFactor=0.0, transform=null, windowToken=null, displayId=0, isClone=false, packageName=com.gtaxi.rider, ownerPid=1285, touchableRegionSurfaceControl=java.lang.ref.WeakReference@ce61377, replaceTouchableRegionWithCrop=false, changed=true
05-07 05:49:29.841  1285  1285 D UniNavigationBarViewImpl: rotation= 0
05-07 05:49:29.842  1285  1285 I NoBackGesture: Config changed: newConfig={1.0 ?mcc0mnc [en_US] ldltr sw711dp w711dp h1090dp 180dpi lrg port night finger -keyb/v/h -nav/h winConfig={ mBounds=Rect(0, 0 - 800, 1280) mAppBounds=Rect(0, 0 - 800, 1253) mMaxBounds=Rect(0, 0 - 800, 1280) mDisplayRotation=ROTATION_0 mWindowingMode=fullscreen mDisplayWindowingMode=fullscreen mActivityType=undefined mAlwaysOnTop=undefined mRotation=ROTATION_0} s.801 fontWeightAdjustment=0} lastReportedConfig={1.0 ?mcc0mnc [en_US] ldltr sw711dp w711dp h1090dp 180dpi lrg port night finger -keyb/v/h -nav/h winConfig={ mBounds=Rect(0, 0 - 800, 1280) mAppBounds=Rect(0, 0 - 800, 1253) mMaxBounds=Rect(0, 0 - 800, 1280) mDisplayRotation=ROTATION_180 mWindowingMode=fullscreen mDisplayWindowingMode=fullscreen mActivityType=undefined mAlwaysOnTop=undefined mRotation=ROTATION_180} s.765 fontWeightAdjustment=0}
05-07 05:49:29.844  1285  1375 D mali_gralloc: unregister: id=24100000537, handle=0xb4000071cb6aff50, base=0x0, importpid=1285, count:0
05-07 05:49:29.845   635   635 I Layer   : fillInputInfo layer:RotationLayer#1721, visible=1 (hasInputInfo:1, isHidden:0, alpha:1.000000, parent:Display 0 name="Built-in Screen"#3,parenthidden:0, parentalpha:1.000000, mBuffer:1, mSidebandStream:0,hasSomethingToDraw:1, hasEffect:0, fillsColor:0, drawShadows:0, hasBlur:0)
05-07 05:49:29.846   577   577 I mali_gralloc: allocate: id=24100000540, hal_format=RGBA8888, mali_format=RGBA8888, afbc=SPLIT, usage=GPU_RW|HWC, size=800x54(208896), stride=800, name=VRI[NavigationBar0]#1(BLAST Consumer)1
05-07 05:49:29.847   578  2224 D mali_gralloc: unregister: id=24100000539, handle=0xb400007348949810, base=0x0, importpid=578, count:0
05-07 05:49:29.847  1285  1375 D mali_gralloc: register: id=24100000540, handle=0xb4000071cb6aff50, importpid=-1, gRegisteredHandles=110
05-07 05:49:29.847   578  2224 D mali_gralloc: unregister: id=24100000538, handle=0xb40000734894a230, base=0x0, importpid=578, count:0
05-07 05:49:29.847   578  2224 D mali_gralloc: unregister: id=2410000053a, handle=0xb40000734894ae90, base=0x0, importpid=578, count:0
05-07 05:49:29.847   578  2224 D mali_gralloc: unregister: id=2410000053b, handle=0xb40000734894a470, base=0x0, importpid=578, count:0
05-07 05:49:29.847   578  2224 D mali_gralloc: unregister: id=24100000535, handle=0xb40000734894e010, base=0x0, importpid=578, count:0
05-07 05:49:29.847   578  2224 D mali_gralloc: unregister: id=24100000534, handle=0xb400007348947d10, base=0x0, importpid=578, count:0
05-07 05:49:29.847   578  2224 D mali_gralloc: unregister: id=24100000533, handle=0xb40000734894b1f0, base=0x0, importpid=578, count:0
05-07 05:49:29.848   578  2224 D SPRDHWComposer: HWC Range:1, HWC_Transfer:4
05-07 05:49:29.848   578  2224 D mali_gralloc: register: id=2410000053f, handle=0xb40000734894b1f0, importpid=635, gRegisteredHandles=7
05-07 05:49:29.848   577   577 I mali_gralloc: allocate: id=24100000541, hal_format=RGBA8888, mali_format=RGBA8888, afbc=false, usage=CPU_RW|GPU_RW|HWC, size=800x1280(4096000), stride=800, name=screenshot
05-07 05:49:29.849   635   683 D mali_gralloc: register: id=24100000541, handle=0xb400006f0f1a6cf0, importpid=-1, gRegisteredHandles=14
05-07 05:49:29.849   635   684 D mali_gralloc: unregister: id=24100000537, handle=0xb400006f0f19f130, base=0x0, importpid=635, count:0
05-07 05:49:29.850   635  1693 D mali_gralloc: register: id=24100000540, handle=0xb400006f0f1a4230, importpid=1285, gRegisteredHandles=14
05-07 05:49:29.855   988  3199 D mali_gralloc: register: id=24100000541, handle=0xb4000071cb6e5410, importpid=635, gRegisteredHandles=5
05-07 05:49:29.860   988  1018 V WindowManager: Sent Transition #116 createdAt=05-07 05:49:29.731 via request=TransitionRequestInfo { type = OPEN, triggerTask = TaskInfo{userId=0 taskId=271 displayId=0 isRunning=true baseIntent=Intent { act=android.intent.action.MAIN cat=[android.intent.category.LAUNCHER] flg=0x10000000 pkg=com.gtaxi.rider cmp=com.gtaxi.rider/.MainActivity } baseActivity=ComponentInfo{com.gtaxi.rider/com.gtaxi.rider.MainActivity} topActivity=ComponentInfo{com.gtaxi.rider/com.gtaxi.rider.MainActivity} origActivity=null realActivity=ComponentInfo{com.gtaxi.rider/com.gtaxi.rider.MainActivity} numActivities=1 lastActiveTime=30907168 supportsMultiWindow=true resizeMode=1 isResizeable=true minWidth=-1 minHeight=-1 defaultMinSize=220 token=WCT{RemoteToken{dc97c49 Task{6ee671c #271 type=standard A=10246:com.gtaxi.rider}}} topActivityType=1 pictureInPictureParams=null shouldDockBigOverlays=false launchIntoPipHostTaskId=-1 lastParentTaskIdBeforePip=-1 displayCutoutSafeInsets=null topActivityInfo=ActivityInfo{c1e594e com.gtaxi.rider.MainActivity} launchCookies=[] positionInParent=Point(0, 0) parentTaskId=-1 isFocused=false isVisible=false isVisibleRequested=false isSleeping=false topActivityInSizeCompat=false topActivityEligibleForLetterboxEducation= false topActivityLetterboxed= false isFromDoubleTap= false topActivityLetterboxVerticalPosition= -1 topActivityLetterboxHorizontalPosition= -1 topActivityLetterboxWidth=-1 topActivityLetterboxHeight=-1 locusId=null displayAreaFeatureId=1 cameraCompatControlState=hidden}, remoteTransition = null, displayChange = null }
05-07 05:49:29.860   988  1018 V WindowManager:     startWCT=WindowContainerTransaction { changes = {} hops = [] errorCallbackToken=null taskFragmentOrganizer=null }
05-07 05:49:29.861   988  1018 V WindowManager:     info={id=116 t=OPEN f=0x0 trk=0 r=[0@Point(0, 0)] c=[{WCT{RemoteToken{dc97c49 Task{6ee671c #271 type=standard A=10246:com.gtaxi.rider}}} m=OPEN f=NONE p=WCT{RemoteToken{f9df4d8 DefaultTaskDisplayArea@176165308}} leash=Surface(name=Task=271#1714)/@0x53da84d sb=Rect(0, 0 - 800, 1280) eb=Rect(0, 0 - 800, 1280) d=0 r=2->0:-1},{WCT{RemoteToken{27b6872 TaskFragment{a28ca13 mode=fullscreen}}} m=TO_BACK f=IN_TASK_WITH_EMBEDDED_ACTIVITY|FILLS_TASK p=WCT{RemoteToken{101fdbd Task{3253f9b #266 type=standard A=1000:com.android.settings}}} leash=Surface(name=TaskFragment{a28ca13 mode=fullscreen}#1558)/@0x6931d27 sb=Rect(0, 0 - 800, 1280) eb=Rect(0, 0 - 800, 1280) d=0 r=2->0:-1},{WCT{RemoteToken{101fdbd Task{3253f9b #266 type=standard A=1000:com.android.settings}}} m=TO_BACK f=NONE p=WCT{RemoteToken{f9df4d8 DefaultTaskDisplayArea@176165308}} leash=Surface(name=Task=266#1405)/@0x60d2668 sb=Rect(0, 0 - 800, 1280) eb=Rect(0, 0 - 800, 1280) d=0 r=2->0:-1},{WCT{RemoteToken{f9df4d8 DefaultTaskDisplayArea@176165308}} m=CHANGE f=NONE p=WCT{RemoteToken{a8cba2a Display{#0 state=ON size=800x1280 ROTATION_0}}} leash=Surface(name=DefaultTaskDisplayArea#9)/@0xe8a66e3 sb=Rect(0, 0 - 800, 1280) eb=Rect(0, 0 - 800, 1280) d=0 r=2->0:-1},{WCT{RemoteToken{a8cba2a Display{#0 state=ON size=800x1280 ROTATION_0}}} m=CHANGE f=IS_DISPLAY leash=Surface(name=WindowedMagnification:0:31#4)/@0x5796630 sb=Rect(0, 0 - 800, 1280) eb=Rect(0, 0 - 800, 1280) d=0 r=2->0:-1}]}
05-07 05:49:29.861  1285  1315 V WindowManagerShell: onTransitionReady android.os.BinderProxy@232c12a: {id=116 t=OPEN f=0x0 trk=0 r=[0@Point(0, 0)] c=[{WCT{android.window.IWindowContainerToken$Stub$Proxy@91b0000} m=OPEN f=NONE p=WCT{android.window.IWindowContainerToken$Stub$Proxy@a7f3039} leash=Surface(name=Task=271#1714)/@0xb5d4201 sb=Rect(0, 0 - 800, 1280) eb=Rect(0, 0 - 800, 1280) d=0 r=2->0:-1},{WCT{android.window.IWindowContainerToken$Stub$Proxy@def167e} m=TO_BACK f=IN_TASK_WITH_EMBEDDED_ACTIVITY|FILLS_TASK p=WCT{android.window.IWindowContainerToken$Stub$Proxy@b1b27df} leash=Surface(name=TaskFragment{a28ca13 mode=fullscreen}#1558)/@0xe9798a6 sb=Rect(0, 0 - 800, 1280) eb=Rect(0, 0 - 800, 1280) d=0 r=2->0:-1},{WCT{android.window.IWindowContainerToken$Stub$Proxy@6301c2c} m=TO_BACK f=NONE p=WCT{android.window.IWindowContainerToken$Stub$Proxy@11996f5} leash=Surface(name=Task=266#1405)/@0xd72c2e7 sb=Rect(0, 0 - 800, 1280) eb=Rect(0, 0 - 800, 1280) d=0 r=2->0:-1},{WCT{android.window.IWindowContainerToken$Stub$Proxy@a621c8a} m=CHANGE f=NONE p=WCT{android.window.IWindowContainerToken$Stub$Proxy@d3462fb} leash=Surface(name=DefaultTaskDisplayArea#9)/@0x6e98e94 sb=Rect(0, 0 - 800, 1280) eb=Rect(0, 0 - 800, 1280) d=0 r=2->0:-1},{WCT{android.window.IWindowContainerToken$Stub$Proxy@e98cf18} m=CHANGE f=IS_DISPLAY leash=Surface(name=WindowedMagnification:0:31#4)/@0x55afd3d sb=Rect(0, 0 - 800, 1280) eb=Rect(0, 0 - 800, 1280) d=0 r=2->0:-1 snapshot=Surface(name=RotationLayer#1721)/@0xb149932}]}
05-07 05:49:29.861  1285  1315 V WindowManagerShell: Playing animation for (#116)android.os.BinderProxy@232c12a@0
05-07 05:49:29.861  1285  1315 V WindowManagerShell:  try handler com.android.wm.shell.transition.DefaultMixedHandler@32c573b
05-07 05:49:29.861  1285  1315 V WindowManagerShell:  try handler com.android.wm.shell.keyguard.KeyguardTransitionHandler@f174e58
05-07 05:49:29.861  1285  1315 V WindowManagerShell:  try handler com.android.wm.shell.activityembedding.ActivityEmbeddingController@6db5bb1
05-07 05:49:29.861  1285  1315 V WindowManagerShell:  try handler com.android.wm.shell.recents.RecentsTransitionHandler@d3c2896
05-07 05:49:29.861  1285  1315 V ShellRecents: RecentsTransitionHandler.startAnimation: no controller found
05-07 05:49:29.861  1285  1315 V WindowManagerShell:  try handler com.android.wm.shell.pip.PipTransition@ff2c17
05-07 05:49:29.861  1285  1315 V WindowManagerShell:  try handler com.android.wm.shell.splitscreen.StageCoordinator@cdef804
05-07 05:49:29.861  1285  1315 V WindowManagerShell:  try handler com.android.wm.shell.transition.RemoteTransitionHandler@19901ed
05-07 05:49:29.861  1285  1315 V WindowManagerShell:  try handler com.android.wm.shell.transition.DefaultTransitionHandler@70a3822
05-07 05:49:29.862  1285  1315 V WindowManagerShell: start default transition animation, info = {id=116 t=OPEN f=0x0 trk=0 r=[0@Point(0, 0)] c=[{WCT{android.window.IWindowContainerToken$Stub$Proxy@91b0000} m=OPEN f=NONE p=WCT{android.window.IWindowContainerToken$Stub$Proxy@a7f3039} leash=Surface(name=Task=271#1714)/@0xb5d4201 sb=Rect(0, 0 - 800, 1280) eb=Rect(0, 0 - 800, 1280) d=0 r=2->0:-1},{WCT{android.window.IWindowContainerToken$Stub$Proxy@def167e} m=TO_BACK f=IN_TASK_WITH_EMBEDDED_ACTIVITY|FILLS_TASK p=WCT{android.window.IWindowContainerToken$Stub$Proxy@b1b27df} leash=Surface(name=TaskFragment{a28ca13 mode=fullscreen}#1558)/@0xe9798a6 sb=Rect(0, 0 - 800, 1280) eb=Rect(0, 0 - 800, 1280) d=0 r=2->0:-1},{WCT{android.window.IWindowContainerToken$Stub$Proxy@6301c2c} m=TO_BACK f=NONE p=WCT{android.window.IWindowContainerToken$Stub$Proxy@11996f5} leash=Surface(name=Task=266#1405)/@0xd72c2e7 sb=Rect(0, 0 - 800, 1280) eb=Rect(0, 0 - 800, 1280) d=0 r=2->0:-1},{WCT{android.window.IWindowContainerToken$Stub$Proxy@a621c8a} m=CHANGE f=NONE p=WCT{android.window.IWindowContainerToken$Stub$Proxy@d3462fb} leash=Surface(name=DefaultTaskDisplayArea#9)/@0x6e98e94 sb=Rect(0, 0 - 800, 1280) eb=Rect(0, 0 - 800, 1280) d=0 r=2->0:-1},{WCT{android.window.IWindowContainerToken$Stub$Proxy@e98cf18} m=CHANGE f=IS_DISPLAY leash=Surface(name=WindowedMagnification:0:31#4)/@0x55afd3d sb=Rect(0, 0 - 800, 1280) eb=Rect(0, 0 - 800, 1280) d=0 r=2->0:-1 snapshot=Surface(name=RotationLayer#1721)/@0xb149932}]}
05-07 05:49:29.865  1285  1295 D BLASTBufferQueue: [VRI[NavigationBar0]#1](f:0,a:2) PendingRelease=1, PendingBuffersToHold=0, SyncedFrameNumbers=0, lacfnr:96, lapfnr:96
05-07 05:49:29.865  1285  1295 D mali_gralloc: unregister: id=24100000539, handle=0xb4000071cb6a4130, base=0x0, importpid=1285, count:0
05-07 05:49:29.869   635   684 D mali_gralloc: unregister: id=24100000539, handle=0xb400006f0f1a1650, base=0x0, importpid=635, count:0
05-07 05:49:29.869   988  3250 W ActivityManager: Slow operation: 62ms so far, now at attachApplicationLocked: immediately after bindApplication
05-07 05:49:29.869   988  3250 W ActivityManager: Slow operation: 62ms so far, now at attachApplicationLocked: after updateLruProcessLocked
05-07 05:49:29.869   635   725 D mali_gralloc: unregister: id=24100000541, handle=0xb400006f0f1a6cf0, base=0x0, importpid=635, count:0
05-07 05:49:29.870  1285  1315 V WindowManagerShell: loadAnimation: anim=android.view.animation.AnimationSet@1ea2e48 animAttr=0x9 type=OPEN isEntrance=false
05-07 05:49:29.872  1285  1315 V WindowManagerShell: loadAnimation: anim=android.view.animation.AnimationSet@6506206 animAttr=0x8 type=OPEN isEntrance=true
05-07 05:49:29.872   988  3250 I ActivityTaskManager: delivered LaunchActivityItem: ActivityRecord{c69088f u0 com.gtaxi.rider/.MainActivity t271 d0}
05-07 05:49:29.872   988  3250 D WindowManager: setFocusedApp mFocusedApp = ActivityRecord{c69088f u0 com.gtaxi.rider/.MainActivity t271 d0}displayId = 0Callers = com.android.server.wm.ActivityTaskManagerService.setLastResumedActivityUncheckLocked:4898 com.android.server.wm.ActivityTaskSupervisor.updateTopResumedActivityIfNeeded:2416 com.android.server.wm.TaskFragment.setResumedActivity:539 com.android.server.wm.TaskFragment.onActivityStateChanged:835 
05-07 05:49:29.872   988  3250 D InputDispatcher: setFocusedApplication displayId=0 ActivityRecord{c69088f u0 com.gtaxi.rider/.MainActivity t271 d0}
05-07 05:49:29.873  1642  1642 D b/254119092: DisplayInfoChangeListener#CHANGE_ROTATION
05-07 05:49:29.873  1642  1642 D b/254119092: mActivity and mContext agree taskbarIsPresent=false
05-07 05:49:29.873  1285  1285 D wjt     : PackageName = com.android.systemuigetFakeText old text antutu=35%
05-07 05:49:29.874  1285  1315 V WindowManagerShell:  animated by com.android.wm.shell.transition.DefaultTransitionHandler@70a3822
05-07 05:49:29.876 31448 31448 D CompatibilityChangeReporter: Compat change id reported: 171979766; UID 10246; state: ENABLED
05-07 05:49:29.876 31448 31448 D CompatibilityChangeReporter: Compat change id reported: 242716250; UID 10246; state: ENABLED
05-07 05:49:29.879   988  1021 W ProcessStats: Tracking association SourceState{9ba376 com.android.settings/1000 BTop #23829} whose proc state 2 is better than process ProcessState{b86bd19 com.google.android.apps.wellbeing/10124 pkg=com.google.android.apps.wellbeing} proc state 6 (1 skipped)
05-07 05:49:29.880   635   635 I Layer   : fillInputInfo layer:NavigationBar0#85, visible=0 (hasInputInfo:1, isHidden:0, alpha:0.000000, parent:9a0121 NavigationBar0#70,parenthidden:0, parentalpha:0.000000, mBuffer:1, mSidebandStream:0,hasSomethingToDraw:1, hasEffect:0, fillsColor:0, drawShadows:0, hasBlur:0)
05-07 05:49:29.880   635   635 I Layer   : fillInputInfo layer:StatusBar#89, visible=0 (hasInputInfo:1, isHidden:0, alpha:0.000000, parent:cfc62cb StatusBar#78,parenthidden:0, parentalpha:0.000000, mBuffer:1, mSidebandStream:0,hasSomethingToDraw:1, hasEffect:0, fillsColor:0, drawShadows:0, hasBlur:0)
05-07 05:49:29.880   635   635 I Layer   : fillInputInfo layer:Splash Screen com.gtaxi.rider#1719, visible=1 (hasInputInfo:1, isHidden:0, alpha:0.000000, parent:98f7a87 Splash Screen com.gtaxi.rider#1716,parenthidden:0, parentalpha:0.000000, mBuffer:0, mSidebandStream:0,hasSomethingToDraw:0, hasEffect:0, fillsColor:0, drawShadows:0, hasBlur:0)
05-07 05:49:29.880   635   635 I Layer   : fillInputInfo layer:e1a4bee ActivityRecordInputSink com.gtaxi.rider/.MainActivity#1729, visible=1 (hasInputInfo:1, isHidden:0, alpha:0.000000, parent:ActivityRecord{c69088f u0 com.gtaxi.rider/.MainActivity#1715,parenthidden:0, parentalpha:0.000000, mBuffer:0, mSidebandStream:0,hasSomethingToDraw:0, hasEffect:0, fillsColor:0, drawShadows:0, hasBlur:0)
05-07 05:49:29.880   635   635 I Layer   : fillInputInfo layer:com.android.settings/com.android.settings.spa.SpaActivity#1703, visible=0 (hasInputInfo:1, isHidden:0, alpha:0.000000, parent:1728140 com.android.settings/com.android.settings.spa.SpaActivity#1568,parenthidden:0, parentalpha:0.000000, mBuffer:1, mSidebandStream:0,hasSomethingToDraw:1, hasEffect:0, fillsColor:0, drawShadows:0, hasBlur:0)
05-07 05:49:29.887   988  1021 I InputManager-JNI: Viewport [0] to add: local:4619827259835644672, isActive: true
05-07 05:49:29.888  1285  1375 D mali_gralloc: unregister: id=24100000538, handle=0xb4000071cb6af890, base=0x0, importpid=1285, count:0
05-07 05:49:29.889  1285  1375 D mali_gralloc: unregister: id=2410000053a, handle=0xb4000071cb6aad30, base=0x0, importpid=1285, count:0
05-07 05:49:29.889   635   684 D mali_gralloc: unregister: id=24100000538, handle=0xb400006f0f1a2bb0, base=0x0, importpid=635, count:0
05-07 05:49:29.889   988  1124 I InputReader: Reconfiguring input devices, changes=DISPLAY_INFO
05-07 05:49:29.889   988  1254 I WindowManager: finishDrawing of orientation change: Window{9a0121 u0 NavigationBar0}, [type=2019]-[Surface(name=*Title#85)/@0x5b5fbf0, shown=false, alpha=0.0, windowType=2019] 54ms
05-07 05:49:29.892 31448 31448 D nativeloader: Configuring clns-4 for other apk /system/framework/org.apache.http.legacy.jar. target_sdk_version=35, uses_libraries=ALL, library_path=/data/app/~~nX3qT3OGwc-clnfwSjbjXw==/com.gtaxi.rider-H6K0uf5BVD8TgP000aCIdg==/lib/arm64:/data/app/~~nX3qT3OGwc-clnfwSjbjXw==/com.gtaxi.rider-H6K0uf5BVD8TgP000aCIdg==/base.apk!/lib/arm64-v8a, permitted_path=/data:/mnt/expand:/data/user/0/com.gtaxi.rider
05-07 05:49:29.892   577   577 I mali_gralloc: allocate: id=24100000542, hal_format=RGBA8888, mali_format=RGBA8888, afbc=SPLIT, usage=GPU_RW|HWC, size=800x27(104448), stride=800, name=VRI[StatusBar]#3(BLAST Consumer)3
05-07 05:49:29.894  1285  1375 D mali_gralloc: register: id=24100000542, handle=0xb4000071cb6aad30, importpid=-1, gRegisteredHandles=108
05-07 05:49:29.896 31448 31448 D nativeloader: InitLlndkLibrariesVendor: libEGL.so:libGLESv1_CM.so:libGLESv2.so:libGLESv3.so:libRS.so:libandroid_net.so:libbinder_ndk.so:libc.so:libcgrouprc.so:libclang_rt.asan-aarch64-android.so:libclang_rt.asan-arm-android.so:libclang_rt.hwasan-aarch64-android.so:libdl.so:libft2.so:liblog.so:libm.so:libmediandk.so:libnativewindow.so:libneuralnetworks.so:libselinux.so:libsync.so:libvndksupport.so:libvulkan.so
05-07 05:49:29.896 31448 31448 D nativeloader: Configuring vendor-clns-5 for unbundled vendor apk /vendor/framework/androidx.camera.extensions.impl.jar. target_sdk_version=35, uses_libraries=ALL, library_path=/data/app/~~nX3qT3OGwc-clnfwSjbjXw==/com.gtaxi.rider-H6K0uf5BVD8TgP000aCIdg==/lib/arm64:/data/app/~~nX3qT3OGwc-clnfwSjbjXw==/com.gtaxi.rider-H6K0uf5BVD8TgP000aCIdg==/base.apk!/lib/arm64-v8a:/vendor/lib64, permitted_path=/data:/mnt/expand:/data/user/0/com.gtaxi.rider:/vendor/lib64
05-07 05:49:29.897 31448 31448 D nativeloader: InitVndkspLibrariesVendor: android.hardware.common-V2-ndk.so:android.hardware.common.fmq-V1-ndk.so:android.hardware.graphics.allocator-V1-ndk.so:android.hardware.graphics.common-V3-ndk.so:android.hardware.graphics.common@1.0.so:android.hardware.graphics.common@1.1.so:android.hardware.graphics.common@1.2.so:android.hardware.graphics.composer3-V1-ndk.so:android.hardware.graphics.mapper@2.0.so:android.hardware.graphics.mapper@2.1.so:android.hardware.graphics.mapper@3.0.so:android.hardware.graphics.mapper@4.0.so:android.hardware.renderscript@1.0.so:android.hidl.memory.token@1.0.so:android.hidl.memory@1.0-impl.so:android.hidl.memory@1.0.so:android.hidl.safe_union@1.0.so:libRSCpuRef.so:libRSDriver.so:libRS_internal.so:libbacktrace.so:libbase.so:libbcinfo.so:libblas.so:libc++.so:libcompiler_rt.so:libcutils.so:libdmabufheap.so:libgralloctypes.so:libhardware.so:libhidlbase.so:libhidlmemory.so:libion.so:libjsoncpp.so:liblzma.so:libprocessgroup.so:libunwindstack.so:libutils.so:libutilscallstack.so:libz.so
05-07 05:49:29.900  1982  1982 D BoundBrokerSvc: onBind: Intent { act=com.google.android.gms.potokens.service.START dat=chimera-action:/... cmp=com.google.android.gms/.chimera.GmsApiService }
05-07 05:49:29.900  1982  1982 D BoundBrokerSvc: Loading bound service for intent: Intent { act=com.google.android.gms.potokens.service.START dat=chimera-action:/... cmp=com.google.android.gms/.chimera.GmsApiService }
05-07 05:49:29.901   635  1693 D mali_gralloc: register: id=24100000542, handle=0xb400006f0f1a1650, importpid=1285, gRegisteredHandles=12
05-07 05:49:29.902   635   684 D mali_gralloc: unregister: id=2410000053a, handle=0xb400006f0f1a9330, base=0x0, importpid=635, count:0
05-07 05:49:29.903 31448 31448 D nativeloader: Configuring clns-6 for other apk /data/app/~~nX3qT3OGwc-clnfwSjbjXw==/com.gtaxi.rider-H6K0uf5BVD8TgP000aCIdg==/base.apk. target_sdk_version=35, uses_libraries=, library_path=/data/app/~~nX3qT3OGwc-clnfwSjbjXw==/com.gtaxi.rider-H6K0uf5BVD8TgP000aCIdg==/lib/arm64:/data/app/~~nX3qT3OGwc-clnfwSjbjXw==/com.gtaxi.rider-H6K0uf5BVD8TgP000aCIdg==/base.apk!/lib/arm64-v8a, permitted_path=/data:/mnt/expand:/data/user/0/com.gtaxi.rider
05-07 05:49:29.903  1285  1375 D mali_gralloc: unregister: id=2410000053e, handle=0xb4000071cb65a3f0, base=0x0, importpid=1285, count:0
05-07 05:49:29.903  1285  1375 D mali_gralloc: unregister: id=2410000053d, handle=0xb4000071cb6c8eb0, base=0x0, importpid=1285, count:0
05-07 05:49:29.904  1285  1375 D mali_gralloc: unregister: id=2410000053c, handle=0xb4000071cb6a4910, base=0x0, importpid=1285, count:0
05-07 05:49:29.904   577   577 I mali_gralloc: allocate: id=24100000543, hal_format=RGBA8888, mali_format=RGBA8888, afbc=SPLIT, usage=GPU_RW|HWC, size=800x54(208896), stride=800, name=VRI[NavigationBar0]#1(BLAST Consumer)1
05-07 05:49:29.905  1285  1375 D mali_gralloc: register: id=24100000543, handle=0xb4000071cb652050, importpid=-1, gRegisteredHandles=106
05-07 05:49:29.908   635   683 D mali_gralloc: register: id=24100000543, handle=0xb400006f0f18b3f0, importpid=1285, gRegisteredHandles=12
05-07 05:49:29.908   577   577 I mali_gralloc: allocate: id=24100000544, hal_format=RGBA8888, mali_format=RGBA8888, afbc=SPLIT, usage=GPU_RW|HWC, size=800x27(104448), stride=800, name=VRI[StatusBar]#3(BLAST Consumer)3
05-07 05:49:29.909  1285  1375 D mali_gralloc: register: id=24100000544, handle=0xb4000071cb6e2dd0, importpid=-1, gRegisteredHandles=107
05-07 05:49:29.909   988  1021 D DisplayManagerService: Ignore redundant display event 0/2 to 10123/28115
05-07 05:49:29.909   988  1021 D DisplayManagerService: Ignore redundant display event 0/2 to 10150/30066
05-07 05:49:29.915   578  2224 D SPRDHWComposer: HWC Range:1, HWC_Transfer:4
05-07 05:49:29.915 31448 31448 D nativeloader: Load libframework-connectivity-jni.so using APEX ns com_android_tethering for caller /apex/com.android.tethering/javalib/framework-connectivity.jar: ok
05-07 05:49:29.916   635   836 D mali_gralloc: register: id=24100000544, handle=0xb400006f0f1a0330, importpid=1285, gRegisteredHandles=13
05-07 05:49:29.917   577   577 I mali_gralloc: allocate: id=24100000545, hal_format=RGBA8888, mali_format=RGBA8888, afbc=SPLIT, usage=GPU_RW|HWC, size=800x1280(4160512), stride=800, name=VRI[rider]#124(BLAST Consumer)124
05-07 05:49:29.918  1285  1375 D mali_gralloc: register: id=24100000545, handle=0xb4000071cb6aaf70, importpid=-1, gRegisteredHandles=108
05-07 05:49:29.921 31448 31448 V GraphicsEnvironment: Currently set values for:
05-07 05:49:29.921 31448 31448 V GraphicsEnvironment:   angle_gl_driver_selection_pkgs=[]
05-07 05:49:29.921 31448 31448 V GraphicsEnvironment:   angle_gl_driver_selection_values=[]
05-07 05:49:29.921   988  1021 V BroadcastQueue: Enqueuing BroadcastRecord{f163ebd android.intent.action.CONFIGURATION_CHANGED/u-1} from uid 1000 pid 988 for 10 receivers
05-07 05:49:29.921 31448 31448 V GraphicsEnvironment: ANGLE GameManagerService for com.gtaxi.rider: false
05-07 05:49:29.922 31448 31448 V GraphicsEnvironment: com.gtaxi.rider is not listed in per-application setting
05-07 05:49:29.922   635  1343 D mali_gralloc: register: id=24100000545, handle=0xb400006f0f1a6750, importpid=1285, gRegisteredHandles=14
05-07 05:49:29.922 31448 31448 V GraphicsEnvironment: Neither updatable production driver nor prerelease driver is supported.
05-07 05:49:29.923  1285 17812 D mali_gralloc: register: id=24100000541, handle=0xb4000071cb6a8b70, importpid=988, gRegisteredHandles=109
05-07 05:49:29.923  1285  1295 D mali_gralloc: register: id=24100000541, handle=0xb4000071cb654f90, importpid=988, gRegisteredHandles=110
05-07 05:49:29.923  1285 17812 D mali_gralloc: unregister: id=24100000541, handle=0xb4000071cb6a8b70, base=0x0, importpid=1285, count:1
05-07 05:49:29.923  1642  2379 D mali_gralloc: register: id=24100000541, handle=0xb4000071cb6399f0, importpid=988, gRegisteredHandles=63
05-07 05:49:29.923  1285 17807 D mali_gralloc: register: id=24100000541, handle=0xb4000071cb6af770, importpid=988, gRegisteredHandles=109
05-07 05:49:29.923  1285  1285 D mali_gralloc: unregister: id=24100000541, handle=0xb4000071cb654f90, base=0x0, importpid=1285, count:1
05-07 05:49:29.924  1285  1315 D TaskStackListenerImpl: onTaskSnapshotChanged close hardwarebuffer, snapshot = TaskSnapshot{ mId=1778147369848 mCaptureTime=30907345681445 mTopActivityComponent=com.android.settings/.spa.SpaActivity mSnapshot=android.hardware.HardwareBuffer@30cd8af (800x1280) mColorSpace=sRGB IEC61966-2.1 (id=0, model=RGB) mOrientation=1 mRotation=0 mTaskSize=Point(800, 1280) mContentInsets=[0,27][0,27] mLetterboxInsets=[0,0][0,0] mIsLowResolution=false mIsRealSnapshot=true mWindowingMode=1 mAppearance=0 mIsTranslucent=false mHasImeSurface=false
05-07 05:49:29.924  1285  1315 D mali_gralloc: unregister: id=24100000541, handle=0xb4000071cb6af770, base=0x0, importpid=1285, count:0
05-07 05:49:29.924   577   577 I mali_gralloc: allocate: id=24100000546, hal_format=RGBA8888, mali_format=RGBA8888, afbc=SPLIT, usage=GPU_RW|HWC, size=800x27(104448), stride=800, name=VRI[StatusBar]#3(BLAST Consumer)3
05-07 05:49:29.925  1285  1375 D mali_gralloc: register: id=24100000546, handle=0xb4000071cb63c4b0, importpid=-1, gRegisteredHandles=109
05-07 05:49:29.926  1285  1285 D wjt     : PackageName = androidgetFakeText old text antutu=12m
05-07 05:49:29.927  1285  1285 D wjt     : PackageName = androidgetFakeText old text antutu=12m
05-07 05:49:29.927   635   635 I Layer   : fillInputInfo layer:Splash Screen com.gtaxi.rider#1719, visible=0 (hasInputInfo:1, isHidden:0, alpha:0.000000, parent:98f7a87 Splash Screen com.gtaxi.rider#1716,parenthidden:0, parentalpha:0.000000, mBuffer:1, mSidebandStream:0,hasSomethingToDraw:1, hasEffect:0, fillsColor:0, drawShadows:0, hasBlur:0)
05-07 05:49:29.927  1285  1827 D BLASTBufferQueue: [VRI[NavigationBar0]#1](f:0,a:2) PendingRelease=1, PendingBuffersToHold=0, SyncedFrameNumbers=0, lacfnr:97, lapfnr:97
05-07 05:49:29.928  1285  1827 D BLASTBufferQueue: [VRI[StatusBar]#3](f:0,a:3) PendingRelease=1, PendingBuffersToHold=0, SyncedFrameNumbers=0, lacfnr:3059, lapfnr:3059
05-07 05:49:29.928  1285  1827 D mali_gralloc: unregister: id=2410000053b, handle=0xb4000071cb696270, base=0x0, importpid=1285, count:0
05-07 05:49:29.933   635   683 D mali_gralloc: register: id=24100000546, handle=0xb400006f0f1a3270, importpid=1285, gRegisteredHandles=15
05-07 05:49:29.934   635   684 D mali_gralloc: unregister: id=2410000053b, handle=0xb400006f0f18c4d0, base=0x0, importpid=635, count:0
05-07 05:49:29.936  1285  1827 D BLASTBufferQueue: [VRI[StatusBar]#3](f:0,a:3) PendingRelease=1, PendingBuffersToHold=0, SyncedFrameNumbers=0, lacfnr:3060, lapfnr:3060
05-07 05:49:29.947   988  1254 I WindowManager: finishDrawing of orientation change: Window{cfc62cb u0 StatusBar}, [type=2000]-[Surface(name=*Title#89)/@0x4d90bb0, shown=false, alpha=0.0, windowType=2000] 111ms
05-07 05:49:29.955  1285  1709 D BLASTBufferQueue: [VRI[StatusBar]#3](f:0,a:3) PendingRelease=1, PendingBuffersToHold=0, SyncedFrameNumbers=0, lacfnr:3061, lapfnr:3061
05-07 05:49:29.963 31448 31448 W FirebaseApp: Default FirebaseApp failed to initialize because no default options were found. This usually means that com.google.gms:google-services was not applied to your gradle project.
05-07 05:49:29.963 31448 31448 I FirebaseInitProvider: FirebaseApp initialization unsuccessful
05-07 05:49:29.969  1285  1827 D BLASTBufferQueue: [VRI[StatusBar]#3](f:0,a:3) PendingRelease=1, PendingBuffersToHold=0, SyncedFrameNumbers=0, lacfnr:3062, lapfnr:3062
05-07 05:49:29.971 31448 31448 D Sentry  : io.sentry.auto-init read: false
05-07 05:49:29.980 31448 31448 D WM-WrkMgrInitializer: Initializing WorkManager with default configuration.
05-07 05:49:29.984   988  3199 D PackageManager: Considering set com.gtaxi.rider/androidx.work.impl.background.systemjob.SystemJobService's state as 1 with userId = 0, callingPackage = com.gtaxi.rider:10246
05-07 05:49:29.984  1285  1827 D BLASTBufferQueue: [VRI[StatusBar]#3](f:0,a:3) PendingRelease=1, PendingBuffersToHold=0, SyncedFrameNumbers=0, lacfnr:3063, lapfnr:3063
05-07 05:49:29.992 31448 31448 W SoLoader: Initializing SoLoader: 0
05-07 05:49:29.994 31448 31448 W SoLoader: Recording new base apk path: /data/app/~~nX3qT3OGwc-clnfwSjbjXw==/com.gtaxi.rider-H6K0uf5BVD8TgP000aCIdg==/base.apk
05-07 05:49:29.994 31448 31448 W SoLoader: Previously recorded 0 base apk paths.
05-07 05:49:29.995   635   635 I Layer   : fillInputInfo layer:NavigationBar0#85, visible=1 (hasInputInfo:1, isHidden:0, alpha:0.190063, parent:9a0121 NavigationBar0#70,parenthidden:0, parentalpha:0.190063, mBuffer:1, mSidebandStream:0,hasSomethingToDraw:1, hasEffect:0, fillsColor:0, drawShadows:0, hasBlur:0)
05-07 05:49:29.995 31448 31448 I SoLoader: Preparing SO source: DirectorySoSource[root = /vendor/lib64 flags = 2]
05-07 05:49:29.995   635   635 I Layer   : fillInputInfo layer:StatusBar#89, visible=1 (hasInputInfo:1, isHidden:0, alpha:0.180786, parent:cfc62cb StatusBar#78,parenthidden:0, parentalpha:0.180786, mBuffer:1, mSidebandStream:0,hasSomethingToDraw:1, hasEffect:0, fillsColor:0, drawShadows:0, hasBlur:0)
05-07 05:49:29.995   635   635 I Layer   : fillInputInfo layer:Splash Screen com.gtaxi.rider#1719, visible=1 (hasInputInfo:1, isHidden:0, alpha:0.241089, parent:98f7a87 Splash Screen com.gtaxi.rider#1716,parenthidden:0, parentalpha:0.241089, mBuffer:1, mSidebandStream:0,hasSomethingToDraw:1, hasEffect:0, fillsColor:0, drawShadows:0, hasBlur:0)
05-07 05:49:29.995 31448 31448 I SoLoader: Preparing SO source: DirectorySoSource[root = /system/lib64 flags = 2]
05-07 05:49:29.995   635   635 I Layer   : fillInputInfo layer:com.android.settings/com.android.settings.spa.SpaActivity#1703, visible=1 (hasInputInfo:1, isHidden:0, alpha:0.241089, parent:1728140 com.android.settings/com.android.settings.spa.SpaActivity#1568,parenthidden:0, parentalpha:0.241089, mBuffer:1, mSidebandStream:0,hasSomethingToDraw:1, hasEffect:0, fillsColor:0, drawShadows:0, hasBlur:0)
05-07 05:49:29.995 31448 31448 I SoLoader: Preparing SO source: DirectApkSoSource[root = [/data/app/~~nX3qT3OGwc-clnfwSjbjXw==/com.gtaxi.rider-H6K0uf5BVD8TgP000aCIdg==/base.apk!/lib/arm64-v8a]]
05-07 05:49:29.998   578  2224 D SPRDHWComposer: HWC Range:1, HWC_Transfer:4
05-07 05:49:29.998   578  2224 D SPRDHWComposer: HWC Range:1, HWC_Transfer:4
05-07 05:49:29.998   578  2224 D mali_gralloc: register: id=24100000533, handle=0xb400007348947d10, importpid=635, gRegisteredHandles=8
05-07 05:49:29.998   578  2224 D SPRDHWComposer: HWC Range:1, HWC_Transfer:4
05-07 05:49:29.998   578  2224 D mali_gralloc: register: id=24100000545, handle=0xb40000734894e010, importpid=635, gRegisteredHandles=9
05-07 05:49:29.998   578  2224 D SPRDHWComposer: HWC Range:1, HWC_Transfer:4
05-07 05:49:29.998   578  2224 D mali_gralloc: register: id=24100000543, handle=0xb40000734894a470, importpid=635, gRegisteredHandles=10
05-07 05:49:30.000 31448 31448 I SoLoader: Preparing SO source: ApplicationSoSource[DirectorySoSource[root = /data/app/~~nX3qT3OGwc-clnfwSjbjXw==/com.gtaxi.rider-H6K0uf5BVD8TgP000aCIdg==/lib/arm64 flags = 0]]
05-07 05:49:30.000 31448 31448 I SoLoader: init finish: 4 SO sources prepared
05-07 05:49:30.000 31448 31448 W SoLoader: SoLoader initialized: 8
05-07 05:49:30.002   988  3199 I ActivityManager: Flag disabled. Ignoring finishAttachApplication from uid: 10246. pid: 31448
05-07 05:49:30.006  1285  1827 D BLASTBufferQueue: [VRI[StatusBar]#3](f:0,a:3) PendingRelease=1, PendingBuffersToHold=0, SyncedFrameNumbers=0, lacfnr:3064, lapfnr:3064
05-07 05:49:30.011 31448 31469 D vulkan  : searching for layers in '/data/app/~~nX3qT3OGwc-clnfwSjbjXw==/com.gtaxi.rider-H6K0uf5BVD8TgP000aCIdg==/lib/arm64'
05-07 05:49:30.012 31448 31469 D vulkan  : searching for layers in '/data/app/~~nX3qT3OGwc-clnfwSjbjXw==/com.gtaxi.rider-H6K0uf5BVD8TgP000aCIdg==/base.apk!/lib/arm64-v8a'
05-07 05:49:30.012   635   635 I Layer   : fillInputInfo layer:RotationLayer#1721, visible=0 (hasInputInfo:1, isHidden:0, alpha:0.000000, parent:Animation leash of screenshot rotation#1727,parenthidden:0, parentalpha:0.000000, mBuffer:1, mSidebandStream:0,hasSomethingToDraw:1, hasEffect:0, fillsColor:0, drawShadows:0, hasBlur:0)
05-07 05:49:30.013 31448 31468 D CompatibilityChangeReporter: Compat change id reported: 160794467; UID 10246; state: ENABLED
05-07 05:49:30.014   578  2224 D mali_gralloc: unregister: id=2410000053f, handle=0xb40000734894b1f0, base=0x0, importpid=578, count:0
05-07 05:49:30.015   578  2224 D mali_gralloc: register: id=24100000535, handle=0xb40000734894b1f0, importpid=635, gRegisteredHandles=10
05-07 05:49:30.015   578  2224 D SPRDHWComposer: HWC Range:1, HWC_Transfer:4
05-07 05:49:30.015   578  2224 D mali_gralloc: register: id=24100000542, handle=0xb40000734894ae90, importpid=635, gRegisteredHandles=11
05-07 05:49:30.023  1285  1827 D BLASTBufferQueue: [VRI[StatusBar]#3](f:0,a:3) PendingRelease=1, PendingBuffersToHold=0, SyncedFrameNumbers=0, lacfnr:3065, lapfnr:3065
05-07 05:49:30.026 31448 31448 D AppCompatDelegate: Checking for metadata for AppLocalesMetadataHolderService : Service not found
05-07 05:49:30.031   578  2224 D mali_gralloc: register: id=24100000534, handle=0xb40000734894a230, importpid=635, gRegisteredHandles=12
05-07 05:49:30.031   578  2224 D mali_gralloc: register: id=24100000544, handle=0xb400007348949810, importpid=635, gRegisteredHandles=13
05-07 05:49:30.037  1285  1827 D BLASTBufferQueue: [VRI[StatusBar]#3](f:0,a:3) PendingRelease=1, PendingBuffersToHold=0, SyncedFrameNumbers=0, lacfnr:3066, lapfnr:3066
05-07 05:49:30.047   578  2224 D mali_gralloc: register: id=24100000546, handle=0xb40000734894d830, importpid=635, gRegisteredHandles=14
05-07 05:49:30.054  1285  1827 D BLASTBufferQueue: [VRI[StatusBar]#3](f:0,a:3) PendingRelease=1, PendingBuffersToHold=0, SyncedFrameNumbers=0, lacfnr:3067, lapfnr:3067
05-07 05:49:30.054  1642  1647 I droid.launcher3: NativeAlloc concurrent mark compact GC freed 12MB AllocSpace bytes, 33(540KB) LOS objects, 79% free, 6326KB/30MB, paused 636us,2.229ms total 123.817ms
05-07 05:49:30.054  1642  1647 W droid.launcher3: Reducing the number of considered missed Gc histogram windows from 444 to 100
05-07 05:49:30.061  1642  1648 D mali_gralloc: unregister: id=24100000373, handle=0xb4000071cb6a0b30, base=0x0, importpid=1642, count:0
05-07 05:49:30.063  1642  1648 D mali_gralloc: unregister: id=241000003ee, handle=0xb4000071cb6b2590, base=0x0, importpid=1642, count:0
05-07 05:49:30.063 31448 31448 W SoLoader: SoLoader already initialized
05-07 05:49:30.064  1642  1648 D mali_gralloc: unregister: id=241000003f0, handle=0xb4000071cb6b0850, base=0x0, importpid=1642, count:0
05-07 05:49:30.068  1642  1648 D mali_gralloc: unregister: id=24100000449, handle=0xb4000071cb659e50, base=0x0, importpid=1642, count:0
05-07 05:49:30.069  1642  1648 D mali_gralloc: unregister: id=2410000044a, handle=0xb4000071cb653370, base=0x0, importpid=1642, count:0
05-07 05:49:30.069  1642  1648 D mali_gralloc: unregister: id=2410000044b, handle=0xb4000071cb690090, base=0x0, importpid=1642, count:0
05-07 05:49:30.071  1285  1827 D BLASTBufferQueue: [VRI[StatusBar]#3](f:0,a:3) PendingRelease=1, PendingBuffersToHold=0, SyncedFrameNumbers=0, lacfnr:3068, lapfnr:3068
05-07 05:49:30.072  1642  1648 D mali_gralloc: unregister: id=2410000044c, handle=0xb4000071cb6aac10, base=0x0, importpid=1642, count:0
05-07 05:49:30.078 31448 31448 D nativeloader: Load /data/app/~~nX3qT3OGwc-clnfwSjbjXw==/com.gtaxi.rider-H6K0uf5BVD8TgP000aCIdg==/base.apk!/lib/arm64-v8a/libc++_shared.so using class loader ns clns-6 (caller=/data/app/~~nX3qT3OGwc-clnfwSjbjXw==/com.gtaxi.rider-H6K0uf5BVD8TgP000aCIdg==/base.apk!classes3.dex): ok
05-07 05:49:30.081  1642  1648 D mali_gralloc: unregister: id=24100000465, handle=0xb4000071cb678690, base=0x0, importpid=1642, count:0
05-07 05:49:30.082  1642  1648 D mali_gralloc: unregister: id=24100000466, handle=0xb4000071cb6334b0, base=0x0, importpid=1642, count:0
05-07 05:49:30.082  1642  1648 D mali_gralloc: unregister: id=24100000467, handle=0xb4000071cb6347d0, base=0x0, importpid=1642, count:0
05-07 05:49:30.082  1642  1648 D mali_gralloc: unregister: id=24100000468, handle=0xb4000071cb634b30, base=0x0, importpid=1642, count:0
05-07 05:49:30.084  1642  1648 D mali_gralloc: unregister: id=2410000047b, handle=0xb4000071cb6479d0, base=0x0, importpid=1642, count:0
05-07 05:49:30.086 31448 31448 D nativeloader: Load /data/app/~~nX3qT3OGwc-clnfwSjbjXw==/com.gtaxi.rider-H6K0uf5BVD8TgP000aCIdg==/base.apk!/lib/arm64-v8a/libjsi.so using class loader ns clns-6 (caller=/data/app/~~nX3qT3OGwc-clnfwSjbjXw==/com.gtaxi.rider-H6K0uf5BVD8TgP000aCIdg==/base.apk!classes3.dex): ok
05-07 05:49:30.089  1285  1827 D BLASTBufferQueue: [VRI[StatusBar]#3](f:0,a:3) PendingRelease=1, PendingBuffersToHold=0, SyncedFrameNumbers=0, lacfnr:3069, lapfnr:3069
05-07 05:49:30.089  1642  1648 D mali_gralloc: unregister: id=2410000049d, handle=0xb4000071cb69df50, base=0x0, importpid=1642, count:0
05-07 05:49:30.090  1642  1648 D mali_gralloc: unregister: id=2410000049e, handle=0xb4000071cb69d650, base=0x0, importpid=1642, count:2
05-07 05:49:30.091  1642  1648 D mali_gralloc: unregister: id=2410000049e, handle=0xb4000071cb69f030, base=0x0, importpid=1642, count:1
05-07 05:49:30.091  1642  1648 D mali_gralloc: unregister: id=2410000049e, handle=0xb4000071cb6a2630, base=0x0, importpid=1642, count:0
05-07 05:49:30.092  1642  1648 D mali_gralloc: unregister: id=241000004b5, handle=0xb4000071cb6966f0, base=0x0, importpid=1642, count:0
05-07 05:49:30.094 31448 31448 D nativeloader: Load /data/app/~~nX3qT3OGwc-clnfwSjbjXw==/com.gtaxi.rider-H6K0uf5BVD8TgP000aCIdg==/base.apk!/lib/arm64-v8a/libfbjni.so using class loader ns clns-6 (caller=/data/app/~~nX3qT3OGwc-clnfwSjbjXw==/com.gtaxi.rider-H6K0uf5BVD8TgP000aCIdg==/base.apk!classes3.dex): ok
05-07 05:49:30.095  1642  1648 D mali_gralloc: unregister: id=241000004d2, handle=0xb4000071cb641130, base=0x0, importpid=1642, count:0
05-07 05:49:30.096  1642  1648 D mali_gralloc: unregister: id=241000004e6, handle=0xb4000071cb643530, base=0x0, importpid=1642, count:0
05-07 05:49:30.096  1642  1648 D mali_gralloc: unregister: id=241000004e7, handle=0xb4000071cb644bb0, base=0x0, importpid=1642, count:0
05-07 05:49:30.097  1642  1648 D mali_gralloc: unregister: id=24100000500, handle=0xb4000071cb640170, base=0x0, importpid=1642, count:0
05-07 05:49:30.097  1642  1648 D mali_gralloc: unregister: id=2410000050f, handle=0xb4000071cb680a30, base=0x0, importpid=1642, count:0
05-07 05:49:30.098 31448 31448 D nativeloader: Load /data/app/~~nX3qT3OGwc-clnfwSjbjXw==/com.gtaxi.rider-H6K0uf5BVD8TgP000aCIdg==/base.apk!/lib/arm64-v8a/libhermes.so using class loader ns clns-6 (caller=/data/app/~~nX3qT3OGwc-clnfwSjbjXw==/com.gtaxi.rider-H6K0uf5BVD8TgP000aCIdg==/base.apk!classes3.dex): ok
05-07 05:49:30.098  1642  1648 D mali_gralloc: unregister: id=24100000528, handle=0xb4000071cb699630, base=0x0, importpid=1642, count:0
05-07 05:49:30.098  1642  1648 D mali_gralloc: unregister: id=24100000536, handle=0xb4000071cb699990, base=0x0, importpid=1642, count:0
05-07 05:49:30.105  1285  1295 D BLASTBufferQueue: [VRI[StatusBar]#3](f:0,a:2) PendingRelease=1, PendingBuffersToHold=0, SyncedFrameNumbers=0, lacfnr:3069, lapfnr:3069
05-07 05:49:30.116 31448 31448 D nativeloader: Load /data/app/~~nX3qT3OGwc-clnfwSjbjXw==/com.gtaxi.rider-H6K0uf5BVD8TgP000aCIdg==/base.apk!/lib/arm64-v8a/libreactnative.so using class loader ns clns-6 (caller=/data/app/~~nX3qT3OGwc-clnfwSjbjXw==/com.gtaxi.rider-H6K0uf5BVD8TgP000aCIdg==/base.apk!classes3.dex): ok
05-07 05:49:30.116 31448 31448 D jni_lib_merge: Entering merged library JNI_OnLoad.
05-07 05:49:30.116 31448 31448 D jni_lib_merge: Preparing 12 pre-merged libs (including stub)
05-07 05:49:30.116 31448 31448 D jni_lib_merge: Preparing to register libfabricjni_so.  onload_func: 0x7064a862c0
05-07 05:49:30.116 31448 31448 D jni_lib_merge: Preparing to register libmapbufferjni_so.  onload_func: 0x7064ad1588
05-07 05:49:30.116 31448 31448 D jni_lib_merge: Preparing to register libreact_devsupportjni_so.  onload_func: 0x7064b48bf0
05-07 05:49:30.116 31448 31448 D jni_lib_merge: Preparing to register libreact_featureflagsjni_so.  onload_func: 0x7064b4fb40
05-07 05:49:30.116 31448 31448 D jni_lib_merge: Preparing to register libreact_newarchdefaults_so.  onload_func: 0x7064b72e0c
05-07 05:49:30.116 31448 31448 D jni_lib_merge: Preparing to register libreactnativeblob_so.  onload_func: 0x7064bfb200
05-07 05:49:30.116 31448 31448 D jni_lib_merge: Preparing to register libreactnativejni_so.  onload_func: 0x7064c19b48
05-07 05:49:30.116 31448 31448 D jni_lib_merge: Preparing to register librninstance_so.  onload_func: 0x7064c33d4c
05-07 05:49:30.116 31448 31448 D jni_lib_merge: Preparing to register libturbomodulejsijni_so.  onload_func: 0x7064c930a0
05-07 05:49:30.116 31448 31448 D jni_lib_merge: Preparing to register libuimanagerjni_so.  onload_func: 0x7064c9a918
05-07 05:49:30.116 31448 31448 D jni_lib_merge: Preparing to register libyoga_so.  onload_func: 0x7064c9fbc8
05-07 05:49:30.116 31448 31448 D jni_lib_merge: About to register 11 actual methods.
05-07 05:49:30.118 31448 31448 D nativeloader: Load /data/app/~~nX3qT3OGwc-clnfwSjbjXw==/com.gtaxi.rider-H6K0uf5BVD8TgP000aCIdg==/base.apk!/lib/arm64-v8a/libhermestooling.so using class loader ns clns-6 (caller=/data/app/~~nX3qT3OGwc-clnfwSjbjXw==/com.gtaxi.rider-H6K0uf5BVD8TgP000aCIdg==/base.apk!classes3.dex): ok
05-07 05:49:30.118 31448 31448 D jni_lib_merge: Entering merged library JNI_OnLoad.
05-07 05:49:30.118 31448 31448 D jni_lib_merge: Preparing 4 pre-merged libs (including stub)
05-07 05:49:30.118 31448 31448 D jni_lib_merge: Preparing to register libhermes_executor_so.  onload_func: 0x714d069780
05-07 05:49:30.118 31448 31448 D jni_lib_merge: Preparing to register libhermesinstancejni_so.  onload_func: 0x714d070178
05-07 05:49:30.118 31448 31448 D jni_lib_merge: Preparing to register libjsijniprofiler_so.  onload_func: 0x714d070834
05-07 05:49:30.118 31448 31448 D jni_lib_merge: About to register 3 actual methods.
05-07 05:49:30.119 31448 31448 W SoLoader: SoLoader already initialized
05-07 05:49:30.120  1642  1649 W System  : A resource failed to call release. 
05-07 05:49:30.120  1642  1649 W System  : A resource failed to call release. 
05-07 05:49:30.120  1642  1649 W System  : A resource failed to call release. 
05-07 05:49:30.122  1642  1649 W droid.launcher3: ApkAssets: Deleting an ApkAssets object '<empty> and /data/app/~~oMR4J9tRz2QD1MFSSv0zRA==/com.android.chrome-JvP7Zag_8XaqTqcc9MHx4A==/base.apk' with 1 weak references
05-07 05:49:30.123  1642  1649 W droid.launcher3: ApkAssets: Deleting an ApkAssets object '<empty> and /data/app/~~oMR4J9tRz2QD1MFSSv0zRA==/com.android.chrome-JvP7Zag_8XaqTqcc9MHx4A==/split_chrome.apk' with 1 weak references
05-07 05:49:30.123  1642  1649 W droid.launcher3: ApkAssets: Deleting an ApkAssets object '<empty> and /data/app/~~oMR4J9tRz2QD1MFSSv0zRA==/com.android.chrome-JvP7Zag_8XaqTqcc9MHx4A==/split_config.en.apk' with 1 weak references
05-07 05:49:30.123  1642  1649 W droid.launcher3: ApkAssets: Deleting an ApkAssets object '<empty> and /data/app/~~oMR4J9tRz2QD1MFSSv0zRA==/com.android.chrome-JvP7Zag_8XaqTqcc9MHx4A==/split_dev_ui.apk' with 1 weak references
05-07 05:49:30.123  1642  1649 W droid.launcher3: ApkAssets: Deleting an ApkAssets object '<empty> and /data/app/~~oMR4J9tRz2QD1MFSSv0zRA==/com.android.chrome-JvP7Zag_8XaqTqcc9MHx4A==/split_on_demand.apk' with 1 weak references
05-07 05:49:30.123  1642  1649 W droid.launcher3: ApkAssets: Deleting an ApkAssets object '<empty> and /data/app/~~oMR4J9tRz2QD1MFSSv0zRA==/com.android.chrome-JvP7Zag_8XaqTqcc9MHx4A==/split_stack_unwinder.apk' with 1 weak references
05-07 05:49:30.123  1642  1649 W droid.launcher3: ApkAssets: Deleting an ApkAssets object '<empty> and /data/app/~~oMR4J9tRz2QD1MFSSv0zRA==/com.android.chrome-JvP7Zag_8XaqTqcc9MHx4A==/split_test_dummy.apk' with 1 weak references
05-07 05:49:30.123  1642  1649 W droid.launcher3: ApkAssets: Deleting an ApkAssets object '<empty> and /data/app/~~4IYNHLpl2axU-yINWinokg==/com.google.android.trichromelibrary_772713733-e24yc7pX80reUVgZq_SrQA==/base.apk' with 1 weak references
05-07 05:49:30.125  1642  1649 W droid.launcher3: ApkAssets: Deleting an ApkAssets object '<empty> and /data/app/~~abBmgZ3gVeAxgrehHvex-Q==/com.android.vending-EhxBcHz3VLapisP7E6pCCA==/base.apk' with 1 weak references
05-07 05:49:30.126  1642  1649 W droid.launcher3: ApkAssets: Deleting an ApkAssets object '<empty> and /data/app/~~abBmgZ3gVeAxgrehHvex-Q==/com.android.vending-EhxBcHz3VLapisP7E6pCCA==/split_config.arm64_v8a.apk' with 1 weak references
05-07 05:49:30.126  1642  1649 W droid.launcher3: ApkAssets: Deleting an ApkAssets object '<empty> and /data/app/~~abBmgZ3gVeAxgrehHvex-Q==/com.android.vending-EhxBcHz3VLapisP7E6pCCA==/split_config.en.apk' with 1 weak references
05-07 05:49:30.126  1642  1649 W droid.launcher3: ApkAssets: Deleting an ApkAssets object '<empty> and /data/app/~~abBmgZ3gVeAxgrehHvex-Q==/com.android.vending-EhxBcHz3VLapisP7E6pCCA==/split_phonesky_data_loader.apk' with 1 weak references
05-07 05:49:30.126  1642  1649 W droid.launcher3: ApkAssets: Deleting an ApkAssets object '<empty> and /data/app/~~abBmgZ3gVeAxgrehHvex-Q==/com.android.vending-EhxBcHz3VLapisP7E6pCCA==/split_phonesky_data_loader.config.arm64_v8a.apk' with 1 weak references
05-07 05:49:30.126  1642  1649 W droid.launcher3: ApkAssets: Deleting an ApkAssets object '<empty> and /data/app/~~abBmgZ3gVeAxgrehHvex-Q==/com.android.vending-EhxBcHz3VLapisP7E6pCCA==/split_phonesky_webrtc_native_lib.apk' with 1 weak references
05-07 05:49:30.126  1642  1649 W droid.launcher3: ApkAssets: Deleting an ApkAssets object '<empty> and /data/app/~~abBmgZ3gVeAxgrehHvex-Q==/com.android.vending-EhxBcHz3VLapisP7E6pCCA==/split_phonesky_webrtc_native_lib.config.arm64_v8a.apk' with 1 weak references
05-07 05:49:30.127  1642  1649 W droid.launcher3: ApkAssets: Deleting an ApkAssets object '<empty> and /data/app/~~4CI6L-csvUYIaU-pOHFcbQ==/com.google.android.apps.docs-mCgt6V9-mauOuiOpL2N0zw==/base.apk' with 1 weak references
05-07 05:49:30.128  1642  1649 W droid.launcher3: ApkAssets: Deleting an ApkAssets object '<empty> and /data/app/~~4CI6L-csvUYIaU-pOHFcbQ==/com.google.android.apps.docs-mCgt6V9-mauOuiOpL2N0zw==/split_config.arm64_v8a.apk' with 1 weak references
05-07 05:49:30.128  1642  1649 W droid.launcher3: ApkAssets: Deleting an ApkAssets object '<empty> and /data/app/~~4CI6L-csvUYIaU-pOHFcbQ==/com.google.android.apps.docs-mCgt6V9-mauOuiOpL2N0zw==/split_config.en.apk' with 1 weak references
05-07 05:49:30.128  1642  1649 W droid.launcher3: ApkAssets: Deleting an ApkAssets object '<empty> and /data/app/~~4CI6L-csvUYIaU-pOHFcbQ==/com.google.android.apps.docs-mCgt6V9-mauOuiOpL2N0zw==/split_config.tvdpi.apk' with 1 weak references
05-07 05:49:30.144   603   603 D PowerHAL: Enter getSceneIdByName: sceneName:com.gtaxi.rider
05-07 05:49:30.144   603   603 D PowerHAL: Enter getSceneIdByName: sceneName:PACKAGE
05-07 05:49:30.148 31448 31448 D CompatibilityChangeReporter: Compat change id reported: 237531167; UID 10246; state: DISABLED
05-07 05:49:30.149  1642  1649 W droid.launcher3: ApkAssets: Deleting an ApkAssets object '<empty> and /data/app/~~i4VrWcjWOW_FB5CQH5617Q==/com.gtaxi.rider-vj3OcBpyjJhLMqRtjvDclA==/base.apk' with 1 weak references
05-07 05:49:30.152 31448 31448 W OpenGLRenderer: Unknown dataspace 0
05-07 05:49:30.155  1642  1649 W System  : A resource failed to call release. 
05-07 05:49:30.155  1642  1649 W System  : A resource failed to call release. 
05-07 05:49:30.155  1642  1649 W System  : A resource failed to call release. 
05-07 05:49:30.155  1642  1649 W droid.launcher3: ApkAssets: Deleting an ApkAssets object '<empty> and /system_ext/priv-app/Settings/Settings.apk' with 1 weak references
05-07 05:49:30.157  1642  1649 W droid.launcher3: ApkAssets: Deleting an ApkAssets object '/product/overlay/Settings__auto_generated_rro_product.apk' with 1 weak references
05-07 05:49:30.158  1642  1649 W droid.launcher3: ApkAssets: Deleting an ApkAssets object '<empty> and /data/app/~~nX3qT3OGwc-clnfwSjbjXw==/com.gtaxi.rider-H6K0uf5BVD8TgP000aCIdg==/base.apk' with 1 weak references
05-07 05:49:30.161  1642  1649 W System  : A resource failed to call release. 
05-07 05:49:30.161  1642  1649 W System  : A resource failed to call release. 
05-07 05:49:30.161  1642  1649 W System  : A resource failed to call release. 
05-07 05:49:30.162  1642  1649 W System  : A resource failed to call release. 
05-07 05:49:30.162  1642  1649 W System  : A resource failed to call release. 
05-07 05:49:30.162  1642  1649 W System  : A resource failed to call release. 
05-07 05:49:30.163   578  2224 D mali_gralloc: unregister: id=24100000533, handle=0xb400007348947d10, base=0x0, importpid=578, count:0
05-07 05:49:30.163   578  2224 D mali_gralloc: unregister: id=24100000535, handle=0xb40000734894b1f0, base=0x0, importpid=578, count:0
05-07 05:49:30.163   578  2224 D mali_gralloc: unregister: id=24100000534, handle=0xb40000734894a230, base=0x0, importpid=578, count:0
05-07 05:49:30.169   988  3218 D CoreBackPreview: Window{639512d u0 com.gtaxi.rider/com.gtaxi.rider.MainActivity}, [type=1]*noSurface: Setting back callback OnBackInvokedCallbackInfo{mCallback=android.window.IOnBackInvokedCallback$Stub$Proxy@82098b0, mPriority=0, mIsAnimationCallback=false}
05-07 05:49:30.180   988  3218 I WindowManager: Input focus has changed to Window{639512d u0 com.gtaxi.rider/com.gtaxi.rider.MainActivity}, [type=1]-[Surface(name=*Title#1732)/@0xc86d329, shown=false, alpha=0.0, windowType=1] from 1728140 com.android.settings/com.android.settings.spa.SpaActivity mDisplayId 0 updateInputWindows true
05-07 05:49:30.180   988  3218 D UnisocDisplayJamMonitorImpl: Switch focus to Window{639512d u0 com.gtaxi.rider/com.gtaxi.rider.MainActivity}, [type=1]-[Surface(name=*Title#1732)/@0xc86d329, shown=false, alpha=0.0, windowType=1] on APP(ActivityRecord{c69088f u0 com.gtaxi.rider/.MainActivity t271 d0}) from null, newWindowHandle = 639512d com.gtaxi.rider/com.gtaxi.rider.MainActivity, frame=[0,0,0,0], touchableRegion=SkRegion(), scaleFactor=0.0, transform=null, windowToken=null, displayId=0, isClone=false, packageName=com.gtaxi.rider, ownerPid=31448, touchableRegionSurfaceControl=java.lang.ref.WeakReference@4f76fba, replaceTouchableRegionWithCrop=false, changed=true mGlobalScale=1.0 mCompatScale=1.0 mInvGlobalScale=1.0
05-07 05:49:30.193   577   577 I mali_gralloc: allocate: id=24100000547, hal_format=RGBA8888, mali_format=RGBA8888, afbc=SPLIT, usage=GPU_RW|HWC, size=800x1280(4160512), stride=800, name=VRI[MainActivity]#0(BLAST Consumer)0
05-07 05:49:30.194 31448 31490 D mali_gralloc: register: id=24100000547, handle=0xb4000071cb632070, importpid=-1, gRegisteredHandles=0
05-07 05:49:30.195   577   577 I mali_gralloc: allocate: id=24100000548, hal_format=RGBA8888, mali_format=RGBA8888, afbc=SPLIT, usage=GPU_RW|HWC, size=800x1280(4160512), stride=800, name=VRI[MainActivity]#0(BLAST Consumer)0
05-07 05:49:30.196 31448 31490 D mali_gralloc: register: id=24100000548, handle=0xb4000071cb630210, importpid=-1, gRegisteredHandles=1
05-07 05:49:30.196   635   635 I Layer   : fillInputInfo layer:StatusBar#89, visible=0 (hasInputInfo:1, isHidden:0, alpha:0.000000, parent:cfc62cb StatusBar#78,parenthidden:0, parentalpha:0.000000, mBuffer:1, mSidebandStream:0,hasSomethingToDraw:1, hasEffect:0, fillsColor:0, drawShadows:0, hasBlur:0)
05-07 05:49:30.197   577   577 I mali_gralloc: allocate: id=24100000549, hal_format=RGBA8888, mali_format=RGBA8888, afbc=SPLIT, usage=GPU_RW|HWC, size=800x1280(4160512), stride=800, name=VRI[MainActivity]#0(BLAST Consumer)0
05-07 05:49:30.197 31448 31490 D mali_gralloc: register: id=24100000549, handle=0xb4000071cb630c30, importpid=-1, gRegisteredHandles=2
05-07 05:49:30.197   578  2224 D mali_gralloc: unregister: id=24100000542, handle=0xb40000734894ae90, base=0x0, importpid=578, count:0
05-07 05:49:30.197   578  2224 D mali_gralloc: unregister: id=24100000544, handle=0xb400007348949810, base=0x0, importpid=578, count:0
05-07 05:49:30.197   578  2224 D mali_gralloc: unregister: id=24100000546, handle=0xb40000734894d830, base=0x0, importpid=578, count:0
05-07 05:49:30.212   635   635 I Layer   : fillInputInfo layer:NavigationBar0#85, visible=0 (hasInputInfo:1, isHidden:0, alpha:0.000000, parent:9a0121 NavigationBar0#70,parenthidden:0, parentalpha:0.000000, mBuffer:1, mSidebandStream:0,hasSomethingToDraw:1, hasEffect:0, fillsColor:0, drawShadows:0, hasBlur:0)
05-07 05:49:30.213   578  2224 D mali_gralloc: unregister: id=24100000543, handle=0xb40000734894a470, base=0x0, importpid=578, count:0
05-07 05:49:30.223   635  1343 D mali_gralloc: register: id=24100000547, handle=0xb400006f0f199850, importpid=31448, gRegisteredHandles=15
05-07 05:49:30.233   988  1018 I ActivityTaskManager: Displayed com.gtaxi.rider/.MainActivity for user 0: +502ms
05-07 05:49:30.235   603   603 D PowerHAL: enter power::setMode
05-07 05:49:30.235   603   603 D PowerHAL: PowerSessionManager::updateHintMode: mode: LAUNCH, enabled: 0
05-07 05:49:30.235   603   603 D PowerHAL: PowerSessionManager::updateHintMode resValue = 0
05-07 05:49:30.235   603   603 D PowerHAL: ###Exit launch scene bgn###
05-07 05:49:30.235   603   603 D PowerHAL: Enter common_set: enable:0, duration: 0, /sys/devices/system/cpu/cpufreq/policy0/scaling_min_freq: 1820000
05-07 05:49:30.235   603   603 D PowerHAL: Enter set_cluster_freqs_max_min: 
05-07 05:49:30.235   603   603 D PowerHAL: Enter common_clear: 
05-07 05:49:30.235   603   603 D PowerHAL: Enter common_set: enable:0, duration: 0, /sys/devices/system/cpu/cpufreq/policy0/scaling_max_freq: 1820000
05-07 05:49:30.235   603   603 D PowerHAL: Enter set_cluster_freqs_max_min: 
05-07 05:49:30.235   603   603 D PowerHAL: Enter common_clear: 
05-07 05:49:30.235   603   603 D PowerHAL: Enter common_set: enable:0, duration: 0, /sys/devices/system/cpu/cpufreq/policy6/scaling_min_freq: 2028000
05-07 05:49:30.235   603   603 D PowerHAL: Enter set_cluster_freqs_max_min: 
05-07 05:49:30.235   603   603 D PowerHAL: Enter common_clear: 
05-07 05:49:30.235   603   603 D PowerHAL: Enter common_set: enable:0, duration: 0, /sys/devices/system/cpu/cpufreq/policy6/scaling_max_freq: 2028000
05-07 05:49:30.235   603   603 D PowerHAL: Enter set_cluster_freqs_max_min: 
05-07 05:49:30.235   603   603 D PowerHAL: Enter common_clear: 
05-07 05:49:30.235   603   603 D PowerHAL: Enter devfreq_ddr_set: enable:0, duration: 0, /sys/class/devfreq/scene-frequency/sprd-governor/scene_boost_dfs: max
05-07 05:49:30.236   603   603 D PowerHAL: ###Exit launch scene end###
05-07 05:49:30.246   635   635 I Layer   : fillInputInfo layer:com.gtaxi.rider/com.gtaxi.rider.MainActivity#1732, visible=1 (hasInputInfo:1, isHidden:0, alpha:1.000000, parent:639512d com.gtaxi.rider/com.gtaxi.rider.MainActivity#1731,parenthidden:0, parentalpha:1.000000, mBuffer:1, mSidebandStream:0,hasSomethingToDraw:1, hasEffect:0, fillsColor:0, drawShadows:0, hasBlur:0)
05-07 05:49:30.246   577   577 I mali_gralloc: allocate: id=2410000054a, hal_format=RGBA8888, mali_format=RGBA8888, afbc=SPLIT, usage=GPU_RW|HWC, size=800x1280(4160512), stride=800, name=VRI[rider]#124(BLAST Consumer)124
05-07 05:49:30.246  1285  1375 D mali_gralloc: register: id=2410000054a, handle=0xb4000071cb6ae210, importpid=-1, gRegisteredHandles=109
05-07 05:49:30.247   578  2224 D SPRDHWComposer: HWC Range:1, HWC_Transfer:4
05-07 05:49:30.247   578  2224 D mali_gralloc: register: id=24100000547, handle=0xb40000734894a470, importpid=635, gRegisteredHandles=8
05-07 05:49:30.250   635  1343 D mali_gralloc: register: id=2410000054a, handle=0xb400006f0f1a07b0, importpid=1285, gRegisteredHandles=16
05-07 05:49:30.252   988  3218 D CompatibilityChangeReporter: Compat change id reported: 214016041; UID 10246; state: ENABLED
05-07 05:49:30.252   988  3218 I ImeTracker: com.gtaxi.rider:4b6a686: onRequestHide at ORIGIN_SERVER_HIDE_INPUT reason HIDE_UNSPECIFIED_WINDOW
05-07 05:49:30.252   988  3218 I ImeTracker: com.gtaxi.rider:4b6a686: onCancelled at PHASE_SERVER_SHOULD_HIDE
05-07 05:49:30.258  4563  4563 I GoogleInputMethodService: GoogleInputMethodService.onFinishInput():2186 
05-07 05:49:30.260  4563  4563 I Module  : DeviceLockedStatusModuleProvider$Module.updateDeviceLockedStatus():103 repeatCheckTimes = 0, locked = false
05-07 05:49:30.260  4563  4563 I GoogleInputMethodService: GoogleInputMethodService.onStartInput():1444 onStartInput(EditorInfo{EditorInfo{packageName=com.gtaxi.rider, inputType=0, inputTypeString=NULL, enableLearning=false, autoCorrection=false, autoComplete=false, imeOptions=0, privateImeOptions=null, actionName=UNSPECIFIED, actionLabel=null, initialSelStart=-1, initialSelEnd=-1, initialCapsMode=0, label=null, fieldId=0, fieldName=null, extras=null, hintText=null, hintLocales=[]}}, false)
05-07 05:49:30.260  4563  4563 W AndroidIME: LatinIMEBase.updateInputViewCoverNavigation():326 Null input view, cannot update padding!
05-07 05:49:30.261  4563  4563 I Module  : DeviceLockedStatusModuleProvider$Module.updateDeviceLockedStatus():103 repeatCheckTimes = 1, locked = false
05-07 05:49:30.262   577   577 I mali_gralloc: allocate: id=2410000054b, hal_format=RGBA8888, mali_format=RGBA8888, afbc=SPLIT, usage=GPU_RW|HWC, size=800x1280(4160512), stride=800, name=VRI[rider]#124(BLAST Consumer)124
05-07 05:49:30.262   988  3218 W PackageConfigPersister: App-specific configuration not found for packageName: com.gtaxi.rider and userId: 0
05-07 05:49:30.263  1285  1375 D mali_gralloc: register: id=2410000054b, handle=0xb4000071cb6a8b70, importpid=-1, gRegisteredHandles=110
05-07 05:49:30.264   578  2224 D mali_gralloc: register: id=2410000054a, handle=0xb40000734894d830, importpid=635, gRegisteredHandles=9
05-07 05:49:30.267   635   836 D mali_gralloc: register: id=2410000054b, handle=0xb400006f0f1a8010, importpid=1285, gRegisteredHandles=17
05-07 05:49:30.270  1285  1295 D BLASTBufferQueue: [VRI[rider]#124](f:0,a:3) PendingRelease=1, PendingBuffersToHold=0, SyncedFrameNumbers=0, lacfnr:3, lapfnr:3
05-07 05:49:30.282   578  2224 D mali_gralloc: register: id=2410000054b, handle=0xb400007348949810, importpid=635, gRegisteredHandles=10
05-07 05:49:30.285  1285  1295 D BLASTBufferQueue: [VRI[rider]#124](f:0,a:3) PendingRelease=1, PendingBuffersToHold=0, SyncedFrameNumbers=0, lacfnr:4, lapfnr:4
05-07 05:49:30.301  1285  1295 D BLASTBufferQueue: [VRI[rider]#124](f:0,a:3) PendingRelease=1, PendingBuffersToHold=0, SyncedFrameNumbers=0, lacfnr:5, lapfnr:5
05-07 05:49:30.316  1285  1295 D BLASTBufferQueue: [VRI[rider]#124](f:0,a:3) PendingRelease=1, PendingBuffersToHold=0, SyncedFrameNumbers=0, lacfnr:6, lapfnr:6
05-07 05:49:30.334  1285  1295 D BLASTBufferQueue: [VRI[rider]#124](f:0,a:3) PendingRelease=1, PendingBuffersToHold=0, SyncedFrameNumbers=0, lacfnr:7, lapfnr:7
05-07 05:49:30.346  1285  1375 D mali_gralloc: unregister: id=2410000054a, handle=0xb4000071cb6ae210, base=0x0, importpid=1285, count:0
05-07 05:49:30.349  1285  1946 D BLASTBufferQueue: [VRI[rider]#124](f:0,a:2) PendingRelease=1, PendingBuffersToHold=0, SyncedFrameNumbers=0, lacfnr:7, lapfnr:7
05-07 05:49:30.349  1285  1946 D mali_gralloc: unregister: id=2410000054b, handle=0xb4000071cb6a8b70, base=0x0, importpid=1285, count:0
05-07 05:49:30.356  1285  1332 D mali_gralloc: unregister: id=24100000545, handle=0xb4000071cb6aaf70, base=0x0, importpid=1285, count:0
05-07 05:49:30.357  1285  1332 W WindowOnBackDispatcher: sendCancelIfRunning: isInProgress=falsecallback=android.view.ViewRootImpl$$ExternalSyntheticLambda17@9fdc6cd
05-07 05:49:30.358   988  3218 D CoreBackPreview: Window{98f7a87 u0 Splash Screen com.gtaxi.rider EXITING}, [type=3]-[Surface(name=*Title#1719)/@0x3e3337f, shown=false, alpha=0.0, windowType=3]: Setting back callback null
05-07 05:49:30.359   988  1088 W InputManager-JNI: Input channel object '98f7a87 Splash Screen com.gtaxi.rider (client)' was disposed without first being removed with the input manager!
05-07 05:49:30.363 31448 31484 I ExpoModulesCore: ✅ AppContext was initialized
05-07 05:49:30.364   635   635 D mali_gralloc: unregister: id=2410000054a, handle=0xb400006f0f1a07b0, base=0x0, importpid=635, count:0
05-07 05:49:30.364   635   635 D mali_gralloc: unregister: id=2410000054b, handle=0xb400006f0f1a8010, base=0x0, importpid=635, count:0
05-07 05:49:30.365   578  2224 D mali_gralloc: register: id=24100000545, handle=0xb40000734894ae90, importpid=635, gRegisteredHandles=11
05-07 05:49:30.365   578  2224 D mali_gralloc: unregister: id=24100000545, handle=0xb40000734894e010, base=0x0, importpid=578, count:1
05-07 05:49:30.380  1285  1315 V WindowManagerShell: Transition animation finished (aborted=false), notifying core (#116)android.os.BinderProxy@232c12a@0
05-07 05:49:30.380   578  2224 D mali_gralloc: unregister: id=24100000545, handle=0xb40000734894ae90, base=0x0, importpid=578, count:0
05-07 05:49:30.381   578  2224 D mali_gralloc: unregister: id=2410000054a, handle=0xb40000734894d830, base=0x0, importpid=578, count:0
05-07 05:49:30.382   578  2224 D mali_gralloc: unregister: id=2410000054b, handle=0xb400007348949810, base=0x0, importpid=578, count:0
05-07 05:49:30.384   988  1018 V WindowManager: Finish Transition #116: created at 05-07 05:49:29.731 collect-started=0.061ms request-sent=15.057ms started=18.322ms ready=110.578ms sent=126.261ms finished=652.198ms
05-07 05:49:30.390   988  1591 D PerformanceDatabaseControl: querymem pkgName = com.gtaxi.rider
05-07 05:49:30.391   988  1591 D PerformanceDatabaseControl: querycount pkgName = com.gtaxi.rider
05-07 05:49:30.391   988  1591 D PerformanceDatabaseControl: updateDatabase pkgName = com.gtaxi.rider
05-07 05:49:30.394  1285  1315 V WindowManagerShell: Track 0 became idle
05-07 05:49:30.395  1285  1315 V WindowManagerShell: All active transition animations finished
05-07 05:49:30.398  9239 14740 D mali_gralloc: unregister: id=24100000535, handle=0xb4000071cb6714f0, base=0x0, importpid=9239, count:0
05-07 05:49:30.398  9239 14740 D OpenGLRenderer: endAllActiveAnimators on 0xb4000072abcf0bb0 (UnprojectedRipple) with handle 0xb40000739b761520
05-07 05:49:30.399   635   684 D mali_gralloc: unregister: id=24100000535, handle=0xb400006f0f1a50d0, base=0x0, importpid=635, count:0
05-07 05:49:30.399   635   635 I Layer   : fillInputInfo layer:com.android.settings/com.android.settings.spa.SpaActivity#1703, visible=0 (hasInputInfo:1, isHidden:1, alpha:1.000000, parent:1728140 com.android.settings/com.android.settings.spa.SpaActivity#1568,parenthidden:1, parentalpha:1.000000, mBuffer:1, mSidebandStream:0,hasSomethingToDraw:1, hasEffect:0, fillsColor:0, drawShadows:0, hasBlur:0)
05-07 05:49:30.400   635   635 I Layer   : fillInputInfo layer:6d6cac2 ActivityRecordInputSink com.android.settings/.spa.SpaActivity#1567, visible=0 (hasInputInfo:1, isHidden:1, alpha:1.000000, parent:ActivityRecord{f47a0d3 u0 com.android.settings/.spa.SpaActivity#1565,parenthidden:1, parentalpha:1.000000, mBuffer:0, mSidebandStream:0,hasSomethingToDraw:0, hasEffect:0, fillsColor:0, drawShadows:0, hasBlur:0)
05-07 05:49:30.402   635   684 D mali_gralloc: unregister: id=24100000545, handle=0xb400006f0f1a6750, base=0x0, importpid=635, count:0
05-07 05:49:30.403  9239 18861 D mali_gralloc: unregister: id=24100000534, handle=0xb4000071cb656bb0, base=0x0, importpid=9239, count:0
05-07 05:49:30.407  9239  9239 D mali_gralloc: unregister: id=24100000533, handle=0xb4000071cb670770, base=0x0, importpid=9239, count:0
05-07 05:49:30.411   635   684 D mali_gralloc: unregister: id=24100000534, handle=0xb400006f0f19bd70, base=0x0, importpid=635, count:0
05-07 05:49:30.413   635   684 D mali_gralloc: unregister: id=2410000053f, handle=0xb400006f0f1a5af0, base=0x0, importpid=635, count:1
05-07 05:49:30.419   988  3218 I ActivityTaskManager: checkReadyForSleepLocked int true
05-07 05:49:30.428   635   635 I Layer   : fillInputInfo layer:NavigationBar0#85, visible=1 (hasInputInfo:1, isHidden:0, alpha:0.066833, parent:9a0121 NavigationBar0#70,parenthidden:0, parentalpha:0.066833, mBuffer:1, mSidebandStream:0,hasSomethingToDraw:1, hasEffect:0, fillsColor:0, drawShadows:0, hasBlur:0)
05-07 05:49:30.428   635   635 I Layer   : fillInputInfo layer:StatusBar#89, visible=1 (hasInputInfo:1, isHidden:0, alpha:0.066833, parent:cfc62cb StatusBar#78,parenthidden:0, parentalpha:0.066833, mBuffer:1, mSidebandStream:0,hasSomethingToDraw:1, hasEffect:0, fillsColor:0, drawShadows:0, hasBlur:0)
05-07 05:49:30.430   578  2224 D SPRDHWComposer: HWC Range:1, HWC_Transfer:4
05-07 05:49:30.430   578  2224 D mali_gralloc: register: id=24100000546, handle=0xb40000734894e010, importpid=635, gRegisteredHandles=8
05-07 05:49:30.430   578  2224 D SPRDHWComposer: HWC Range:1, HWC_Transfer:4
05-07 05:49:30.430   578  2224 D mali_gralloc: register: id=24100000543, handle=0xb400007348949810, importpid=635, gRegisteredHandles=9
05-07 05:49:30.431 31448 31498 W Glide   : Failed to find GeneratedAppGlideModule. You should include an annotationProcessor compile dependency on com.github.bumptech.glide:compiler in your application and a @GlideModule annotated AppGlideModule implementation or LibraryGlideModules will be silently ignored
05-07 05:49:30.442   988  3218 D ConnectivityService: requestNetwork for uid/pid:10246/31448 activeRequest: null callbackRequest: 871 [NetworkRequest [ REQUEST id=872, [ Capabilities: INTERNET&NOT_RESTRICTED&TRUSTED&NOT_VCN_MANAGED Uid: 10246 RequestorUid: 10246 RequestorPkg: com.gtaxi.rider UnderlyingNetworks: Null] ]] callback flags: 0 order: 2147483647 isUidTracked: false declaredMethods: AVAIL|LOST
05-07 05:49:30.444   988  1168 D WifiNetworkFactory: got request NetworkRequest [ REQUEST id=872, [ Capabilities: INTERNET&NOT_RESTRICTED&TRUSTED&NOT_VCN_MANAGED Uid: 10246 RequestorUid: 10246 RequestorPkg: com.gtaxi.rider UnderlyingNetworks: Null] ]
05-07 05:49:30.444   635   684 D mali_gralloc: unregister: id=2410000053f, handle=0xb400006f0f199190, base=0x0, importpid=635, count:0
05-07 05:49:30.445   988  1168 D UntrustedWifiNetworkFactory: got request NetworkRequest [ REQUEST id=872, [ Capabilities: INTERNET&NOT_RESTRICTED&TRUSTED&NOT_VCN_MANAGED Uid: 10246 RequestorUid: 10246 RequestorPkg: com.gtaxi.rider UnderlyingNetworks: Null] ]
05-07 05:49:30.445   988  1178 D ConnectivityService: NetReassign [872 : null → 100] [c 0] [a 1] [i 1]
05-07 05:49:30.445   988  1168 D OemPaidWifiNetworkFactory: got request NetworkRequest [ REQUEST id=872, [ Capabilities: INTERNET&NOT_RESTRICTED&TRUSTED&NOT_VCN_MANAGED Uid: 10246 RequestorUid: 10246 RequestorPkg: com.gtaxi.rider UnderlyingNetworks: Null] ]
05-07 05:49:30.445   988  1168 D MultiInternetWifiNetworkFactory: got request NetworkRequest [ REQUEST id=872, [ Capabilities: INTERNET&NOT_RESTRICTED&TRUSTED&NOT_VCN_MANAGED Uid: 10246 RequestorUid: 10246 RequestorPkg: com.gtaxi.rider UnderlyingNetworks: Null] ]
05-07 05:49:30.456   635   684 D mali_gralloc: unregister: id=24100000533, handle=0xb400006f0f1a7b90, base=0x0, importpid=635, count:0
05-07 05:49:30.457 31448 31498 W unknown:ViewManagerPropertyUpdater: Could not find generated setter for class com.facebook.react.views.drawer.ReactDrawerLayoutManager
05-07 05:49:30.460 31448 31498 W unknown:ViewManagerPropertyUpdater: Could not find generated setter for class com.facebook.react.uimanager.LayoutShadowNode
05-07 05:49:30.462 31448 31498 W unknown:ViewManagerPropertyUpdater: Could not find generated setter for class com.facebook.react.views.scroll.ReactHorizontalScrollViewManager
05-07 05:49:30.464 31448 31498 W unknown:ViewManagerPropertyUpdater: Could not find generated setter for class com.facebook.react.views.scroll.ReactHorizontalScrollContainerViewManager
05-07 05:49:30.466 31448 31498 W unknown:ViewManagerPropertyUpdater: Could not find generated setter for class com.facebook.react.views.progressbar.ReactProgressBarViewManager
05-07 05:49:30.466 31448 31498 W unknown:ViewManagerPropertyUpdater: Could not find generated setter for class com.facebook.react.views.progressbar.ProgressBarShadowNode
05-07 05:49:30.467 31448 31498 W unknown:ViewManagerPropertyUpdater: Could not find generated setter for class com.facebook.react.views.scroll.ReactScrollViewManager
05-07 05:49:30.469 31448 31498 W unknown:ViewManagerPropertyUpdater: Could not find generated setter for class com.facebook.react.views.switchview.ReactSwitchManager
05-07 05:49:30.470 31448 31498 W unknown:ViewManagerPropertyUpdater: Could not find generated setter for class com.facebook.react.views.switchview.ReactSwitchManager$ReactSwitchShadowNode
05-07 05:49:30.471 31448 31498 W unknown:ViewManagerPropertyUpdater: Could not find generated setter for class com.facebook.react.views.safeareaview.ReactSafeAreaViewManager
05-07 05:49:30.471 31448 31498 W unknown:ViewManagerPropertyUpdater: Could not find generated setter for class com.facebook.react.views.safeareaview.ReactSafeAreaViewShadowNode
05-07 05:49:30.471 31448 31498 W unknown:ViewManagerPropertyUpdater: Could not find generated setter for class com.facebook.react.views.swiperefresh.SwipeRefreshLayoutManager
05-07 05:49:30.473 31448 31498 W unknown:ViewManagerPropertyUpdater: Could not find generated setter for class com.facebook.react.views.text.frescosupport.FrescoBasedReactTextInlineImageViewManager
05-07 05:49:30.473 31448 31498 W unknown:ViewManagerPropertyUpdater: Could not find generated setter for class com.facebook.react.views.text.frescosupport.FrescoBasedReactTextInlineImageShadowNode
05-07 05:49:30.474 31448 31498 W unknown:ViewManagerPropertyUpdater: Could not find generated setter for class com.facebook.react.views.image.ReactImageManager
05-07 05:49:30.476 31448 31498 W unknown:ViewManagerPropertyUpdater: Could not find generated setter for class com.facebook.react.views.modal.ReactModalHostManager
05-07 05:49:30.477 31448 31498 W unknown:ViewManagerPropertyUpdater: Could not find generated setter for class com.facebook.react.views.text.ReactRawTextManager
05-07 05:49:30.478 31448 31498 W unknown:ViewManagerPropertyUpdater: Could not find generated setter for class com.facebook.react.views.text.ReactRawTextShadowNode
05-07 05:49:30.479 31448 31498 W unknown:ViewManagerPropertyUpdater: Could not find generated setter for class com.facebook.react.views.textinput.ReactTextInputManager
05-07 05:49:30.481 31448 31498 W unknown:ViewManagerPropertyUpdater: Could not find generated setter for class com.facebook.react.views.textinput.ReactTextInputShadowNode
05-07 05:49:30.483 31448 31498 W unknown:ViewManagerPropertyUpdater: Could not find generated setter for class com.facebook.react.views.text.ReactTextViewManager
05-07 05:49:30.483 31448 31498 W unknown:ViewManagerPropertyUpdater: Could not find generated setter for class com.facebook.react.views.text.ReactTextShadowNode
05-07 05:49:30.484 31448 31498 W unknown:ViewManagerPropertyUpdater: Could not find generated setter for class com.facebook.react.views.view.ReactViewManager
05-07 05:49:30.485 31448 31498 W unknown:ViewManagerPropertyUpdater: Could not find generated setter for class com.facebook.react.views.text.ReactVirtualTextViewManager
05-07 05:49:30.485 31448 31498 W unknown:ViewManagerPropertyUpdater: Could not find generated setter for class com.facebook.react.views.text.ReactVirtualTextShadowNode
05-07 05:49:30.485 31448 31498 W unknown:ViewManagerPropertyUpdater: Could not find generated setter for class com.facebook.react.views.unimplementedview.ReactUnimplementedViewManager
05-07 05:49:30.486 31448 31498 W unknown:ViewManagerPropertyUpdater: Could not find generated setter for class com.reactnativecommunity.slider.ReactSliderManager
05-07 05:49:30.487 31448 31498 W unknown:ViewManagerPropertyUpdater: Could not find generated setter for class com.reactnativecommunity.slider.ReactSliderManager$ReactSliderShadowNode
05-07 05:49:30.488 31448 31498 W unknown:ViewManagerPropertyUpdater: Could not find generated setter for class io.sentry.react.RNSentryOnDrawReporterManager
05-07 05:49:30.488 31448 31498 W unknown:ViewManagerPropertyUpdater: Could not find generated setter for class io.sentry.react.replay.RNSentryReplayMaskManager
05-07 05:49:30.489 31448 31498 W unknown:ViewManagerPropertyUpdater: Could not find generated setter for class io.sentry.react.replay.RNSentryReplayUnmaskManager
05-07 05:49:30.489 31448 31498 W unknown:ViewManagerPropertyUpdater: Could not find generated setter for class com.reactnativestripesdk.CardFieldViewManager
05-07 05:49:30.490 31448 31498 W unknown:ViewManagerPropertyUpdater: Could not find generated setter for class com.reactnativestripesdk.AuBECSDebitFormViewManager
05-07 05:49:30.491 31448 31498 W unknown:ViewManagerPropertyUpdater: Could not find generated setter for class com.reactnativestripesdk.StripeContainerManager
05-07 05:49:30.491 31448 31498 W unknown:ViewManagerPropertyUpdater: Could not find generated setter for class com.reactnativestripesdk.CardFormViewManager
05-07 05:49:30.492 31448 31498 W unknown:ViewManagerPropertyUpdater: Could not find generated setter for class com.reactnativestripesdk.GooglePayButtonManager
05-07 05:49:30.493 31448 31498 W unknown:ViewManagerPropertyUpdater: Could not find generated setter for class com.reactnativestripesdk.pushprovisioning.AddToWalletButtonManager
05-07 05:49:30.494 31448 31498 W unknown:ViewManagerPropertyUpdater: Could not find generated setter for class com.reactnativestripesdk.addresssheet.AddressSheetViewManager
05-07 05:49:30.495 31448 31498 W unknown:ViewManagerPropertyUpdater: Could not find generated setter for class expo.modules.kotlin.views.GroupViewManagerWrapper
05-07 05:49:30.497 31448 31498 W unknown:ViewManagerPropertyUpdater: Could not find generated setter for class expo.modules.kotlin.views.SimpleViewManagerWrapper
05-07 05:49:30.498 31448 31498 W unknown:ViewManagerPropertyUpdater: Could not find generated setter for class com.airbnb.android.react.lottie.LottieAnimationViewManager
05-07 05:49:30.500 31448 31498 W unknown:ViewManagerPropertyUpdater: Could not find generated setter for class com.swmansion.gesturehandler.react.RNGestureHandlerRootViewManager
05-07 05:49:30.500 31448 31498 W unknown:ViewManagerPropertyUpdater: Could not find generated setter for class com.swmansion.gesturehandler.react.RNGestureHandlerButtonViewManager
05-07 05:49:30.502 31448 31498 W unknown:ViewManagerPropertyUpdater: Could not find generated setter for class com.rnmaps.maps.MapManager
05-07 05:49:30.504 31448 31498 W unknown:ViewManagerPropertyUpdater: Could not find generated setter for class com.rnmaps.maps.MapMarkerManager
05-07 05:49:30.505 31448 31498 W unknown:ViewManagerPropertyUpdater: Could not find generated setter for class com.rnmaps.maps.MapCalloutManager
05-07 05:49:30.506 31448 31498 W unknown:ViewManagerPropertyUpdater: Could not find generated setter for class com.rnmaps.maps.MapPolylineManager
05-07 05:49:30.507 31448 31498 W unknown:ViewManagerPropertyUpdater: Could not find generated setter for class com.rnmaps.maps.MapGradientPolylineManager
05-07 05:49:30.507 31448 31498 W unknown:ViewManagerPropertyUpdater: Could not find generated setter for class com.rnmaps.maps.MapPolygonManager
05-07 05:49:30.508 31448 31498 W unknown:ViewManagerPropertyUpdater: Could not find generated setter for class com.rnmaps.maps.MapCircleManager
05-07 05:49:30.509 31448 31498 W unknown:ViewManagerPropertyUpdater: Could not find generated setter for class com.rnmaps.maps.MapUrlTileManager
05-07 05:49:30.510 31448 31498 W unknown:ViewManagerPropertyUpdater: Could not find generated setter for class com.rnmaps.maps.MapWMSTileManager
05-07 05:49:30.511 31448 31498 W unknown:ViewManagerPropertyUpdater: Could not find generated setter for class com.rnmaps.maps.MapLocalTileManager
05-07 05:49:30.512 31448 31498 W unknown:ViewManagerPropertyUpdater: Could not find generated setter for class com.rnmaps.maps.MapOverlayManager
05-07 05:49:30.513 31448 31498 W unknown:ViewManagerPropertyUpdater: Could not find generated setter for class com.rnmaps.maps.MapHeatmapManager
05-07 05:49:30.514 31448 31498 W unknown:ViewManagerPropertyUpdater: Could not find generated setter for class com.th3rdwave.safeareacontext.SafeAreaProviderManager
05-07 05:49:30.515 31448 31498 W unknown:ViewManagerPropertyUpdater: Could not find generated setter for class com.th3rdwave.safeareacontext.SafeAreaViewManager
05-07 05:49:30.515 31448 31498 W unknown:ViewManagerPropertyUpdater: Could not find generated setter for class com.th3rdwave.safeareacontext.SafeAreaViewShadowNode
05-07 05:49:30.516 31448 31498 W unknown:ViewManagerPropertyUpdater: Could not find generated setter for class com.swmansion.rnscreens.ScreenContainerViewManager
05-07 05:49:30.517 31448 31498 W unknown:ViewManagerPropertyUpdater: Could not find generated setter for class com.swmansion.rnscreens.ScreenViewManager
05-07 05:49:30.518 31448 31498 W unknown:ViewManagerPropertyUpdater: Could not find generated setter for class com.swmansion.rnscreens.ModalScreenViewManager
05-07 05:49:30.519 31448 31498 W unknown:ViewManagerPropertyUpdater: Could not find generated setter for class com.swmansion.rnscreens.ScreenStackViewManager
05-07 05:49:30.520 31448 31498 W unknown:ViewManagerPropertyUpdater: Could not find generated setter for class com.swmansion.rnscreens.ScreenStackHeaderConfigViewManager
05-07 05:49:30.521 31448 31498 W unknown:ViewManagerPropertyUpdater: Could not find generated setter for class com.swmansion.rnscreens.ScreenStackHeaderSubviewManager
05-07 05:49:30.522 31448 31498 W unknown:ViewManagerPropertyUpdater: Could not find generated setter for class com.swmansion.rnscreens.SearchBarManager
05-07 05:49:30.522 31448 31498 W unknown:ViewManagerPropertyUpdater: Could not find generated setter for class com.swmansion.rnscreens.ScreenFooterManager
05-07 05:49:30.523 31448 31498 W unknown:ViewManagerPropertyUpdater: Could not find generated setter for class com.swmansion.rnscreens.ScreenContentWrapperManager
05-07 05:49:30.524 31448 31498 W unknown:ViewManagerPropertyUpdater: Could not find generated setter for class com.horcrux.svg.RenderableViewManager$DefsViewManager
05-07 05:49:30.525 31448 31498 W unknown:ViewManagerPropertyUpdater: Could not find generated setter for class com.horcrux.svg.VirtualViewManager$RenderableShadowNode
05-07 05:49:30.526 31448 31498 W unknown:ViewManagerPropertyUpdater: Could not find generated setter for class com.horcrux.svg.RenderableViewManager$FeMergeManager
05-07 05:49:30.527 31448 31498 W unknown:ViewManagerPropertyUpdater: Could not find generated setter for class com.horcrux.svg.RenderableViewManager$LinearGradientManager
05-07 05:49:30.528 31448 31498 W unknown:ViewManagerPropertyUpdater: Could not find generated setter for class com.horcrux.svg.RenderableViewManager$FeGaussianBlurManager
05-07 05:49:30.529 31448 31498 W unknown:ViewManagerPropertyUpdater: Could not find generated setter for class com.horcrux.svg.RenderableViewManager$FeColorMatrixManager
05-07 05:49:30.530 31448 31498 W unknown:ViewManagerPropertyUpdater: Could not find generated setter for class com.horcrux.svg.RenderableViewManager$ClipPathViewManager
05-07 05:49:30.532 31448 31498 W unknown:ViewManagerPropertyUpdater: Could not find generated setter for class com.horcrux.svg.RenderableViewManager$SymbolManager
05-07 05:49:30.533 31448 31498 W unknown:ViewManagerPropertyUpdater: Could not find generated setter for class com.horcrux.svg.RenderableViewManager$PatternManager
05-07 05:49:30.535 31448 31498 W unknown:ViewManagerPropertyUpdater: Could not find generated setter for class com.horcrux.svg.RenderableViewManager$FeBlendManager
05-07 05:49:30.536 31448 31498 W unknown:ViewManagerPropertyUpdater: Could not find generated setter for class com.horcrux.svg.SvgViewManager
05-07 05:49:30.537 31448 31498 W unknown:ViewManagerPropertyUpdater: Could not find generated setter for class com.horcrux.svg.RenderableViewManager$UseViewManager
05-07 05:49:30.538 31448 31498 W unknown:ViewManagerPropertyUpdater: Could not find generated setter for class com.horcrux.svg.RenderableViewManager$CircleViewManager
05-07 05:49:30.540 31448 31498 W unknown:ViewManagerPropertyUpdater: Could not find generated setter for class com.horcrux.svg.RenderableViewManager$TSpanViewManager
05-07 05:49:30.542 31448 31498 W unknown:ViewManagerPropertyUpdater: Could not find generated setter for class com.horcrux.svg.RenderableViewManager$FilterManager
05-07 05:49:30.542 31448 31498 W unknown:ViewManagerPropertyUpdater: Could not find generated setter for class com.horcrux.svg.RenderableViewManager$MarkerManager
05-07 05:49:30.544 31448 31498 W unknown:ViewManagerPropertyUpdater: Could not find generated setter for class com.horcrux.svg.RenderableViewManager$ForeignObjectManager
05-07 05:49:30.545 31448 31498 W unknown:ViewManagerPropertyUpdater: Could not find generated setter for class com.horcrux.svg.RenderableViewManager$EllipseViewManager
05-07 05:49:30.547 31448 31498 W unknown:ViewManagerPropertyUpdater: Could not find generated setter for class com.horcrux.svg.RenderableViewManager$LineViewManager
05-07 05:49:30.548 31448 31498 W unknown:ViewManagerPropertyUpdater: Could not find generated setter for class com.horcrux.svg.RenderableViewManager$FeFloodManager
05-07 05:49:30.549 31448 31498 W unknown:ViewManagerPropertyUpdater: Could not find generated setter for class com.horcrux.svg.RenderableViewManager$GroupViewManager
05-07 05:49:30.550 31448 31498 W unknown:ViewManagerPropertyUpdater: Could not find generated setter for class com.horcrux.svg.RenderableViewManager$TextViewManager
05-07 05:49:30.551 31448 31498 W unknown:ViewManagerPropertyUpdater: Could not find generated setter for class com.horcrux.svg.RenderableViewManager$ImageViewManager
05-07 05:49:30.552 31448 31498 W unknown:ViewManagerPropertyUpdater: Could not find generated setter for class com.horcrux.svg.RenderableViewManager$RadialGradientManager
05-07 05:49:30.553 31448 31498 W unknown:ViewManagerPropertyUpdater: Could not find generated setter for class com.horcrux.svg.RenderableViewManager$MaskManager
05-07 05:49:30.555 31448 31498 W unknown:ViewManagerPropertyUpdater: Could not find generated setter for class com.horcrux.svg.RenderableViewManager$RectViewManager
05-07 05:49:30.556 31448 31498 W unknown:ViewManagerPropertyUpdater: Could not find generated setter for class com.horcrux.svg.RenderableViewManager$TextPathViewManager
05-07 05:49:30.557 31448 31498 W unknown:ViewManagerPropertyUpdater: Could not find generated setter for class com.horcrux.svg.RenderableViewManager$FeOffsetManager
05-07 05:49:30.558 31448 31498 W unknown:ViewManagerPropertyUpdater: Could not find generated setter for class com.horcrux.svg.RenderableViewManager$PathViewManager
05-07 05:49:30.587   988  3218 D ConnectivityService: requestNetwork for uid/pid:10246/31448 activeRequest: null callbackRequest: 873 [NetworkRequest [ REQUEST id=874, [ Capabilities: INTERNET&NOT_RESTRICTED&TRUSTED&NOT_VCN_MANAGED Uid: 10246 RequestorUid: 10246 RequestorPkg: com.gtaxi.rider UnderlyingNetworks: Null] ]] callback flags: 0 order: 2147483647 isUidTracked: false declaredMethods: AVAIL|LOSING|LOST|UNAVAIL|NC|LP
05-07 05:49:30.590   988  1168 D WifiNetworkFactory: got request NetworkRequest [ REQUEST id=874, [ Capabilities: INTERNET&NOT_RESTRICTED&TRUSTED&NOT_VCN_MANAGED Uid: 10246 RequestorUid: 10246 RequestorPkg: com.gtaxi.rider UnderlyingNetworks: Null] ]
05-07 05:49:30.590   988  1168 D UntrustedWifiNetworkFactory: got request NetworkRequest [ REQUEST id=874, [ Capabilities: INTERNET&NOT_RESTRICTED&TRUSTED&NOT_VCN_MANAGED Uid: 10246 RequestorUid: 10246 RequestorPkg: com.gtaxi.rider UnderlyingNetworks: Null] ]
05-07 05:49:30.590   988  1168 D OemPaidWifiNetworkFactory: got request NetworkRequest [ REQUEST id=874, [ Capabilities: INTERNET&NOT_RESTRICTED&TRUSTED&NOT_VCN_MANAGED Uid: 10246 RequestorUid: 10246 RequestorPkg: com.gtaxi.rider UnderlyingNetworks: Null] ]
05-07 05:49:30.590   988  1168 D MultiInternetWifiNetworkFactory: got request NetworkRequest [ REQUEST id=874, [ Capabilities: INTERNET&NOT_RESTRICTED&TRUSTED&NOT_VCN_MANAGED Uid: 10246 RequestorUid: 10246 RequestorPkg: com.gtaxi.rider UnderlyingNetworks: Null] ]
05-07 05:49:30.591   988  1178 D ConnectivityService: NetReassign [874 : null → 100] [c 0] [a 1] [i 2]
05-07 05:49:30.653  1793  2472 I FontLog : (REDACTED) Received query %s, URI %s
05-07 05:49:30.654  1793  2472 I FontLog : (REDACTED) Query [%s] resolved to %s
05-07 05:49:30.656  1793  2472 I FontLog : (REDACTED) Fetch %s end status %s
05-07 05:49:30.660  1793  2472 I FontLog : (REDACTED) Pulling font file for id = %d, cache size = %d
05-07 05:49:30.666  1793  2472 I FontLog : (REDACTED) Pulling font file for id = %d, cache size = %d
05-07 05:49:30.669 31448 31497 D nativeloader: Load /data/app/~~nX3qT3OGwc-clnfwSjbjXw==/com.gtaxi.rider-H6K0uf5BVD8TgP000aCIdg==/base.apk!/lib/arm64-v8a/libexpo-modules-core.so using class loader ns clns-6 (caller=/data/app/~~nX3qT3OGwc-clnfwSjbjXw==/com.gtaxi.rider-H6K0uf5BVD8TgP000aCIdg==/base.apk!classes3.dex): ok
05-07 05:49:30.677 31448 31497 I ExpoModulesCore: ✅ JSI interop was installed
05-07 05:49:30.678 31448 31497 W ExpoModulesCore: ⚠️ JSI interop was already installed
05-07 05:49:30.695 31448 31497 I ExpoModulesCore: ✅ Constants were exported
05-07 05:49:30.733 31448 31497 D nativeloader: Load /data/app/~~nX3qT3OGwc-clnfwSjbjXw==/com.gtaxi.rider-H6K0uf5BVD8TgP000aCIdg==/base.apk!/lib/arm64-v8a/librnscreens.so using class loader ns clns-6 (caller=/data/app/~~nX3qT3OGwc-clnfwSjbjXw==/com.gtaxi.rider-H6K0uf5BVD8TgP000aCIdg==/base.apk!classes4.dex): ok
05-07 05:49:30.801 31448 31497 D nativeloader: Load /data/app/~~nX3qT3OGwc-clnfwSjbjXw==/com.gtaxi.rider-H6K0uf5BVD8TgP000aCIdg==/base.apk!/lib/arm64-v8a/libworklets.so using class loader ns clns-6 (caller=/data/app/~~nX3qT3OGwc-clnfwSjbjXw==/com.gtaxi.rider-H6K0uf5BVD8TgP000aCIdg==/base.apk!classes3.dex): ok
05-07 05:49:30.803 31448 31497 D nativeloader: Load /data/app/~~nX3qT3OGwc-clnfwSjbjXw==/com.gtaxi.rider-H6K0uf5BVD8TgP000aCIdg==/base.apk!/lib/arm64-v8a/libreanimated.so using class loader ns clns-6 (caller=/data/app/~~nX3qT3OGwc-clnfwSjbjXw==/com.gtaxi.rider-H6K0uf5BVD8TgP000aCIdg==/base.apk!classes3.dex): ok
05-07 05:49:30.865  1793 31446 I NearbyMediums: No BLE Fast/GATT advertisements found in the latest cycle.
05-07 05:49:30.865  1793 31446 I NearbyMediums: Current Tracked Scanning Clients are : {NearbyConnections.EnvironmentMonitor, NearbySharing, NearbyConnections.TxAdvertisement}
05-07 05:49:30.887 31448 31497 E StripePushProvisioning: PushProvisioning dependency not found
05-07 05:49:30.927 31448 31497 I ReactNativeJS: Running "main"
05-07 05:49:30.936 31448 31498 I RNSentry: Starting with DSN: 'https://examplePublicKey@o0.ingest.sentry.io/0'
05-07 05:49:30.936 31448 31511 D nativeloader: Load /system/lib64/liblog.so using class loader ns clns-6 (caller=/data/app/~~nX3qT3OGwc-clnfwSjbjXw==/com.gtaxi.rider-H6K0uf5BVD8TgP000aCIdg==/base.apk!classes5.dex): ok
05-07 05:49:30.937 31448 31498 I RNSentry: Native Integrations '[io.sentry.UncaughtExceptionHandlerIntegration@69b9dda, io.sentry.ShutdownHookIntegration@af6d20b, io.sentry.SpotlightIntegration@e98f8e8, io.sentry.android.core.SendCachedEnvelopeIntegration@e68db01, io.sentry.android.core.NdkIntegration@925bda6, io.sentry.android.core.EnvelopeFileObserverIntegration$OutboxEnvelopeFileObserverIntegration@93e83e7, io.sentry.android.core.SendCachedEnvelopeIntegration@778bb94, io.sentry.android.core.AppLifecycleIntegration@7263d, io.sentry.android.core.AnrV2Integration@e00e32, io.sentry.android.core.AppComponentsBreadcrumbsIntegration@657783, io.sentry.android.core.SystemEventsBreadcrumbsIntegration@7effd00, io.sentry.android.core.NetworkBreadcrumbsIntegration@e44e939, io.sentry.android.replay.ReplayIntegration@d7cdb7e]'
05-07 05:49:30.938 31448 31448 W pool-4-thread-1: type=1400 audit(0.0:382): avc:  denied  { read } for  name="version" dev="proc" ino=4026532008 scontext=u:r:untrusted_app:s0:c246,c256,c512,c768 tcontext=u:object_r:proc_version:s0 tclass=file permissive=0 app=com.gtaxi.rider
05-07 05:49:30.943 31448 31511 D nativeloader: Load /data/app/~~nX3qT3OGwc-clnfwSjbjXw==/com.gtaxi.rider-H6K0uf5BVD8TgP000aCIdg==/base.apk!/lib/arm64-v8a/libsentry.so using class loader ns clns-6 (caller=/data/app/~~nX3qT3OGwc-clnfwSjbjXw==/com.gtaxi.rider-H6K0uf5BVD8TgP000aCIdg==/base.apk!classes5.dex): ok
05-07 05:49:30.947 31448 31511 D nativeloader: Load /data/app/~~nX3qT3OGwc-clnfwSjbjXw==/com.gtaxi.rider-H6K0uf5BVD8TgP000aCIdg==/base.apk!/lib/arm64-v8a/libsentry-android.so using class loader ns clns-6 (caller=/data/app/~~nX3qT3OGwc-clnfwSjbjXw==/com.gtaxi.rider-H6K0uf5BVD8TgP000aCIdg==/base.apk!classes5.dex): ok
05-07 05:49:30.949   988  1736 D ConnectivityService: requestNetwork for uid/pid:10246/31448 activeRequest: null callbackRequest: 875 [NetworkRequest [ REQUEST id=876, [ Capabilities: INTERNET&NOT_RESTRICTED&TRUSTED&NOT_VCN_MANAGED Uid: 10246 RequestorUid: 10246 RequestorPkg: com.gtaxi.rider UnderlyingNetworks: Null] ]] callback flags: 0 order: 2147483647 isUidTracked: false declaredMethods: AVAIL|LOSING|LOST|UNAVAIL
05-07 05:49:30.952   988  1168 D WifiNetworkFactory: got request NetworkRequest [ REQUEST id=876, [ Capabilities: INTERNET&NOT_RESTRICTED&TRUSTED&NOT_VCN_MANAGED Uid: 10246 RequestorUid: 10246 RequestorPkg: com.gtaxi.rider UnderlyingNetworks: Null] ]
05-07 05:49:30.952   988  1168 D UntrustedWifiNetworkFactory: got request NetworkRequest [ REQUEST id=876, [ Capabilities: INTERNET&NOT_RESTRICTED&TRUSTED&NOT_VCN_MANAGED Uid: 10246 RequestorUid: 10246 RequestorPkg: com.gtaxi.rider UnderlyingNetworks: Null] ]
05-07 05:49:30.952   988  1168 D OemPaidWifiNetworkFactory: got request NetworkRequest [ REQUEST id=876, [ Capabilities: INTERNET&NOT_RESTRICTED&TRUSTED&NOT_VCN_MANAGED Uid: 10246 RequestorUid: 10246 RequestorPkg: com.gtaxi.rider UnderlyingNetworks: Null] ]
05-07 05:49:30.952   988  1168 D MultiInternetWifiNetworkFactory: got request NetworkRequest [ REQUEST id=876, [ Capabilities: INTERNET&NOT_RESTRICTED&TRUSTED&NOT_VCN_MANAGED Uid: 10246 RequestorUid: 10246 RequestorPkg: com.gtaxi.rider UnderlyingNetworks: Null] ]
05-07 05:49:30.953   988  1178 D ConnectivityService: NetReassign [876 : null → 100] [c 1] [a 0] [i 2]
05-07 05:49:30.955 31448 31517 D CompatibilityChangeReporter: Compat change id reported: 263076149; UID 10246; state: ENABLED
05-07 05:49:30.972   635  1343 D mali_gralloc: register: id=24100000549, handle=0xb400006f0f1a9570, importpid=31448, gRegisteredHandles=11
05-07 05:49:30.979   578  2224 D mali_gralloc: register: id=24100000549, handle=0xb40000734894d830, importpid=635, gRegisteredHandles=10
05-07 05:49:30.983 31448 31497 E ReactNativeJS: TypeError: Cannot read property 'useEffect' of null
05-07 05:49:30.983 31448 31497 E ReactNativeJS: 
05-07 05:49:30.983 31448 31497 E ReactNativeJS: This error is located at:
05-07 05:49:30.983 31448 31497 E ReactNativeJS:     in QueryClientProvider
05-07 05:49:30.983 31448 31497 E ReactNativeJS:     in RNCSafeAreaProvider
05-07 05:49:30.983 31448 31497 E ReactNativeJS:     in SafeAreaProvider
05-07 05:49:30.983 31448 31497 E ReactNativeJS:     in StripeProvider
05-07 05:49:30.983 31448 31497 E ReactNativeJS:     in App
05-07 05:49:30.983 31448 31497 E ReactNativeJS:     in FeedbackWidgetProvider
05-07 05:49:30.983 31448 31497 E ReactNativeJS:     in ReactNativeProfiler
05-07 05:49:30.983 31448 31497 E ReactNativeJS:     in RCTView
05-07 05:49:30.983 31448 31497 E ReactNativeJS:     in Unknown
05-07 05:49:30.983 31448 31497 E ReactNativeJS:     in __Sentry.TouchEventBoundary
05-07 05:49:30.983 31448 31497 E ReactNativeJS:     in RootApp
05-07 05:49:30.983 31448 31497 E ReactNativeJS:     in RCTView
05-07 05:49:30.983 31448 31497 E ReactNativeJS:     in Unknown
05-07 05:49:30.983 31448 31497 E ReactNativeJS:     in AppContainer, js engine: hermes
05-07 05:49:30.989 31448 31498 E unknown:ReactNative: TypeError: Cannot read property 'useEffect' of null
05-07 05:49:30.989 31448 31498 E unknown:ReactNative: 
05-07 05:49:30.989 31448 31498 E unknown:ReactNative: This error is located at:
05-07 05:49:30.989 31448 31498 E unknown:ReactNative:     in QueryClientProvider
05-07 05:49:30.989 31448 31498 E unknown:ReactNative:     in RNCSafeAreaProvider
05-07 05:49:30.989 31448 31498 E unknown:ReactNative:     in SafeAreaProvider
05-07 05:49:30.989 31448 31498 E unknown:ReactNative:     in StripeProvider
05-07 05:49:30.989 31448 31498 E unknown:ReactNative:     in App
05-07 05:49:30.989 31448 31498 E unknown:ReactNative:     in FeedbackWidgetProvider
05-07 05:49:30.989 31448 31498 E unknown:ReactNative:     in ReactNativeProfiler
05-07 05:49:30.989 31448 31498 E unknown:ReactNative:     in RCTView
05-07 05:49:30.989 31448 31498 E unknown:ReactNative:     in Unknown
05-07 05:49:30.989 31448 31498 E unknown:ReactNative:     in __Sentry.TouchEventBoundary
05-07 05:49:30.989 31448 31498 E unknown:ReactNative:     in RootApp
05-07 05:49:30.989 31448 31498 E unknown:ReactNative:     in RCTView
05-07 05:49:30.989 31448 31498 E unknown:ReactNative:     in Unknown
05-07 05:49:30.989 31448 31498 E unknown:ReactNative:     in AppContainer, js engine: hermes, stack:
05-07 05:49:30.989 31448 31498 E unknown:ReactNative: anonymous@1:610478
05-07 05:49:30.989 31448 31498 E unknown:ReactNative: QueryClientProvider@1:975098
05-07 05:49:30.989 31448 31498 E unknown:ReactNative: renderWithHooks@1:429464
05-07 05:49:30.989 31448 31498 E unknown:ReactNative: beginWork@1:446850
05-07 05:49:30.989 31448 31498 E unknown:ReactNative: performUnitOfWork@1:466014
05-07 05:49:30.989 31448 31498 E unknown:ReactNative: workLoopSync@1:465145
05-07 05:49:30.989 31448 31498 E unknown:ReactNative: renderRootSync@1:464977
05-07 05:49:30.989 31448 31498 E unknown:ReactNative: flushSyncWorkAcrossRoots_impl@1:418971
05-07 05:49:30.989 31448 31498 E unknown:ReactNative: batchedUpdatesImpl@1:477525
05-07 05:49:30.989 31448 31498 E unknown:ReactNative: batchedUpdates$1@1:411686
05-07 05:49:30.989 31448 31498 E unknown:ReactNative: _receiveRootNodeIDEvent@1:411974
05-07 05:49:30.989 31448 31498 E unknown:ReactNative: receiveEvent@1:474785
05-07 05:49:30.989 31448 31498 E unknown:ReactNative: __callFunction@1:137979
05-07 05:49:30.989 31448 31498 E unknown:ReactNative: anonymous@1:136421
05-07 05:49:30.989 31448 31498 E unknown:ReactNative: __guard@1:137361
05-07 05:49:30.989 31448 31498 E unknown:ReactNative: callFunctionReturnFlushedQueue@1:136379
05-07 05:49:30.990 31448 31498 D CompatibilityChangeReporter: Compat change id reported: 289878283; UID 10246; state: ENABLED
05-07 05:49:30.999   635  1343 D mali_gralloc: register: id=24100000548, handle=0xb400006f0f1a3030, importpid=31448, gRegisteredHandles=12
05-07 05:49:31.013   578  2224 D mali_gralloc: register: id=24100000548, handle=0xb40000734894ae90, importpid=635, gRegisteredHandles=11
05-07 05:49:31.026 31448 31497 E ReactNativeJS: TypeError: Cannot read property 'useEffect' of null
05-07 05:49:31.026 31448 31497 E ReactNativeJS: 
05-07 05:49:31.026 31448 31497 E ReactNativeJS: This error is located at:
05-07 05:49:31.026 31448 31497 E ReactNativeJS:     in QueryClientProvider
05-07 05:49:31.026 31448 31497 E ReactNativeJS:     in RNCSafeAreaProvider
05-07 05:49:31.026 31448 31497 E ReactNativeJS:     in SafeAreaProvider
05-07 05:49:31.026 31448 31497 E ReactNativeJS:     in StripeProvider
05-07 05:49:31.026 31448 31497 E ReactNativeJS:     in App
05-07 05:49:31.026 31448 31497 E ReactNativeJS:     in FeedbackWidgetProvider
05-07 05:49:31.026 31448 31497 E ReactNativeJS:     in ReactNativeProfiler
05-07 05:49:31.026 31448 31497 E ReactNativeJS:     in RCTView
05-07 05:49:31.026 31448 31497 E ReactNativeJS:     in Unknown
05-07 05:49:31.026 31448 31497 E ReactNativeJS:     in __Sentry.TouchEventBoundary
05-07 05:49:31.026 31448 31497 E ReactNativeJS:     in RootApp
05-07 05:49:31.026 31448 31497 E ReactNativeJS:     in RCTView
05-07 05:49:31.026 31448 31497 E ReactNativeJS:     in Unknown
05-07 05:49:31.026 31448 31497 E ReactNativeJS:     in AppContainer, js engine: hermes
--------- beginning of crash
05-07 05:49:31.031 31448 31498 E AndroidRuntime: FATAL EXCEPTION: mqt_native_modules
05-07 05:49:31.031 31448 31498 E AndroidRuntime: Process: com.gtaxi.rider, PID: 31448
05-07 05:49:31.031 31448 31498 E AndroidRuntime: com.facebook.react.common.JavascriptException: TypeError: Cannot read property 'useEffect' of null
05-07 05:49:31.031 31448 31498 E AndroidRuntime: 
05-07 05:49:31.031 31448 31498 E AndroidRuntime: This error is located at:
05-07 05:49:31.031 31448 31498 E AndroidRuntime:     in QueryClientProvider
05-07 05:49:31.031 31448 31498 E AndroidRuntime:     in RNCSafeAreaProvider
05-07 05:49:31.031 31448 31498 E AndroidRuntime:     in SafeAreaProvider
05-07 05:49:31.031 31448 31498 E AndroidRuntime:     in StripeProvider
05-07 05:49:31.031 31448 31498 E AndroidRuntime:     in App
05-07 05:49:31.031 31448 31498 E AndroidRuntime:     in FeedbackWidgetProvider
05-07 05:49:31.031 31448 31498 E AndroidRuntime:     in ReactNativeProfiler
05-07 05:49:31.031 31448 31498 E AndroidRuntime:     in RCTView
05-07 05:49:31.031 31448 31498 E AndroidRuntime:     in Unknown
05-07 05:49:31.031 31448 31498 E AndroidRuntime:     in __Sentry.TouchEventBoundary
05-07 05:49:31.031 31448 31498 E AndroidRuntime:     in RootApp
05-07 05:49:31.031 31448 31498 E AndroidRuntime:     in RCTView
05-07 05:49:31.031 31448 31498 E AndroidRuntime:     in Unknown
05-07 05:49:31.031 31448 31498 E AndroidRuntime:     in AppContainer, js engine: hermes, stack:
05-07 05:49:31.031 31448 31498 E AndroidRuntime: anonymous@1:610478
05-07 05:49:31.031 31448 31498 E AndroidRuntime: QueryClientProvider@1:975098
05-07 05:49:31.031 31448 31498 E AndroidRuntime: renderWithHooks@1:429464
05-07 05:49:31.031 31448 31498 E AndroidRuntime: beginWork@1:446850
05-07 05:49:31.031 31448 31498 E AndroidRuntime: performUnitOfWork@1:466014
05-07 05:49:31.031 31448 31498 E AndroidRuntime: workLoopSync@1:465145
05-07 05:49:31.031 31448 31498 E AndroidRuntime: renderRootSync@1:464977
05-07 05:49:31.031 31448 31498 E AndroidRuntime: flushSyncWorkAcrossRoots_impl@1:418971
05-07 05:49:31.031 31448 31498 E AndroidRuntime: batchedUpdatesImpl@1:477525
05-07 05:49:31.031 31448 31498 E AndroidRuntime: batchedUpdates$1@1:411686
05-07 05:49:31.031 31448 31498 E AndroidRuntime: _receiveRootNodeIDEvent@1:411974
05-07 05:49:31.031 31448 31498 E AndroidRuntime: receiveEvent@1:474785
05-07 05:49:31.031 31448 31498 E AndroidRuntime: __callFunction@1:137979
05-07 05:49:31.031 31448 31498 E AndroidRuntime: anonymous@1:136421
05-07 05:49:31.031 31448 31498 E AndroidRuntime: __guard@1:137361
05-07 05:49:31.031 31448 31498 E AndroidRuntime: callFunctionReturnFlushedQueue@1:136379
05-07 05:49:31.031 31448 31498 E AndroidRuntime: 
05-07 05:49:31.031 31448 31498 E AndroidRuntime: 	at com.facebook.react.modules.core.ExceptionsManagerModule.reportException(ExceptionsManagerModule.kt:52)
05-07 05:49:31.031 31448 31498 E AndroidRuntime: 	at java.lang.reflect.Method.invoke(Native Method)
05-07 05:49:31.031 31448 31498 E AndroidRuntime: 	at com.facebook.react.bridge.JavaMethodWrapper.invoke(JavaMethodWrapper.java:372)
05-07 05:49:31.031 31448 31498 E AndroidRuntime: 	at com.facebook.react.bridge.JavaModuleWrapper.invoke(JavaModuleWrapper.java:146)
05-07 05:49:31.031 31448 31498 E AndroidRuntime: 	at com.facebook.jni.NativeRunnable.run(Native Method)
05-07 05:49:31.031 31448 31498 E AndroidRuntime: 	at android.os.Handler.handleCallback(Handler.java:958)
05-07 05:49:31.031 31448 31498 E AndroidRuntime: 	at android.os.Handler.dispatchMessage(Handler.java:99)
05-07 05:49:31.031 31448 31498 E AndroidRuntime: 	at com.facebook.react.bridge.queue.MessageQueueThreadHandler.dispatchMessage(MessageQueueThreadHandler.java:27)
05-07 05:49:31.031 31448 31498 E AndroidRuntime: 	at android.os.Looper.loopOnce(Looper.java:205)
05-07 05:49:31.031 31448 31498 E AndroidRuntime: 	at android.os.Looper.loop(Looper.java:294)
05-07 05:49:31.031 31448 31498 E AndroidRuntime: 	at com.facebook.react.bridge.queue.MessageQueueThreadImpl.lambda$startNewBackgroundThread$2(MessageQueueThreadImpl.java:217)
05-07 05:49:31.031 31448 31498 E AndroidRuntime: 	at com.facebook.react.bridge.queue.MessageQueueThreadImpl$$ExternalSyntheticLambda1.run(D8$$SyntheticClass:0)
05-07 05:49:31.031 31448 31498 E AndroidRuntime: 	at java.lang.Thread.run(Thread.java:1564)
05-07 05:49:31.039   988  3218 W ActivityTaskManager:   Force finishing activity com.gtaxi.rider/.MainActivity
05-07 05:49:31.039   988 31535 I DropBoxManagerService: add tag=data_app_crash isTagEnabled=true flags=0x2
05-07 05:49:31.040  1285  1315 V WindowManagerShell: Transition requested: android.os.BinderProxy@fba70a8 TransitionRequestInfo { type = CLOSE, triggerTask = null, remoteTransition = null, displayChange = null }
05-07 05:49:31.051   988  1018 V BroadcastQueue: Enqueuing BroadcastRecord{717bcb1 android.intent.action.DROPBOX_ENTRY_ADDED/u-1} from uid 1000 pid 988 for 2 receivers
05-07 05:49:31.052 31448 31498 I Process : Sending signal. PID: 31448 SIG: 9
05-07 05:49:31.078   635   635 I BpBinder: onLastStrongRef automatically unlinking death recipients: 
05-07 05:49:31.091   988  1178 D ConnectivityService: releasing NetworkRequest [ REQUEST id=872, [ Capabilities: INTERNET&NOT_RESTRICTED&TRUSTED&NOT_VCN_MANAGED Uid: 10246 RequestorUid: 10246 RequestorPkg: com.gtaxi.rider UnderlyingNetworks: Null] ] (release request)
05-07 05:49:31.091   988  3199 I ImeTracker: com.gtaxi.rider:9977938b: onRequestHide at ORIGIN_SERVER_HIDE_INPUT reason HIDE_REMOVE_CLIENT
05-07 05:49:31.091   988  1178 D ConnectivityService: releasing NetworkRequest [ REQUEST id=874, [ Capabilities: INTERNET&NOT_RESTRICTED&TRUSTED&NOT_VCN_MANAGED Uid: 10246 RequestorUid: 10246 RequestorPkg: com.gtaxi.rider UnderlyingNetworks: Null] ] (release request)
05-07 05:49:31.091   988  3218 I WindowManager: WIN DEATH: Window{639512d u0 com.gtaxi.rider/com.gtaxi.rider.MainActivity}, [type=1]-[Surface(name=*Title#1732)/@0xc86d329, shown=false, alpha=0.0, windowType=1]
05-07 05:49:31.091   988  3199 I ImeTracker: com.gtaxi.rider:9977938b: onCancelled at PHASE_SERVER_SHOULD_HIDE
05-07 05:49:31.091   988  1178 D ConnectivityService: releasing NetworkRequest [ REQUEST id=876, [ Capabilities: INTERNET&NOT_RESTRICTED&TRUSTED&NOT_VCN_MANAGED Uid: 10246 RequestorUid: 10246 RequestorPkg: com.gtaxi.rider UnderlyingNetworks: Null] ] (release request)
05-07 05:49:31.091   988  3218 W InputManager-JNI: Input channel object '639512d com.gtaxi.rider/com.gtaxi.rider.MainActivity (client)' was disposed without first being removed with the input manager!
05-07 05:49:31.092   561   561 I Zygote  : Process 31448 exited due to signal 9 (Killed)
05-07 05:49:31.092   988  1736 I ActivityManager: Process com.gtaxi.rider (pid 31448) has died: fg  TOP 
05-07 05:49:31.092   988  1045 I libprocessgroup: Successfully killed process cgroup uid 10246 pid 31448 in 0ms
05-07 05:49:31.093   988  3218 I WindowManager: Input focus has changed to null from 639512d com.gtaxi.rider/com.gtaxi.rider.MainActivity mDisplayId 0 updateInputWindows false
05-07 05:49:31.094   988  3218 D UnisocDisplayJamMonitorImpl: Switch focus to null.
05-07 05:49:31.094   988  3218 D WindowManager: isSupportDynamicNavbar user0, navBarMode = 2, is3buttonModeNavbar = false
05-07 05:49:31.099   988  1019 D DisplayManagerService: Drop pending events for gone uid 10246
05-07 05:49:31.103   988  1736 D WindowManager: setFocusedApp mFocusedApp = nulldisplayId = 0Callers = com.android.server.wm.ActivityRecord.onRemovedFromDisplay:4505 com.android.server.wm.DisplayContent.removeAppToken:1677 com.android.server.wm.ActivityRecord.removeFromHistory:4106 com.android.server.wm.ActivityRecord.handleAppDied:4382 
05-07 05:49:31.106   988  1736 D WindowManager: setFocusedApp mFocusedApp = ActivityRecord{f47a0d3 u0 com.android.settings/.spa.SpaActivity t266 d0}displayId = 0Callers = com.android.server.wm.ActivityTaskManagerService.setLastResumedActivityUncheckLocked:4898 com.android.server.wm.ActivityTaskSupervisor.updateTopResumedActivityIfNeeded:2416 com.android.server.wm.TaskFragment.setResumedActivity:539 com.android.server.wm.TaskFragment.onActivityStateChanged:835 
05-07 05:49:31.106   988  1736 D InputDispatcher: setFocusedApplication displayId=0 ActivityRecord{f47a0d3 u0 com.android.settings/.spa.SpaActivity t266 d0}
05-07 05:49:31.110  1285  1315 D WindowManagerShell: onFixedRotationStarted: null, state=PipTransitionState(mState=undefined, mInSwipePipToHomeTransition=false)
05-07 05:49:31.120   988  1736 D WindowManager: isSupportDynamicNavbar user0, navBarMode = 2, is3buttonModeNavbar = false
05-07 05:49:31.130   988  1048 I UnisocAntiAging: adjust sched group of app:ProcessRecord{b0fa1e5 9239:com.android.settings/1000} UI & RT Thread from 5 to 8, renderThreadTid:14740
05-07 05:49:31.136   603   603 D PowerHAL: Enter getSceneIdByName: sceneName:com.android.settings
05-07 05:49:31.136   603   603 D PowerHAL: Enter getSceneIdByName: sceneName:PACKAGE
05-07 05:49:31.138  9239 31537 D DatabaseUtils: sixDayAgoTimestamp: May 01, 2026, 00:00:00
05-07 05:49:31.138  9239 31537 D BatteryUsageContentProvider: getQueryTimestamp from uri: content://com.android.settings.battery.usage.provider/BatteryState?timestamp=1777608000000
05-07 05:49:31.139  9239 31537 D BatteryUsageContentProvider: query battery states in 1/ms
05-07 05:49:31.140  9239 30756 W ContextImpl: Calling a method in the system process without a qualified user: android.app.ContextImpl.sendBroadcast:1220 android.content.ContextWrapper.sendBroadcast:504 com.android.settings.fuelgauge.batteryusage.BootBroadcastReceiver.invokeJobRecheck:51 com.android.settings.fuelgauge.batteryusage.BatteryUsageContentProvider.lambda$getBatteryStates$0:192 com.android.settings.fuelgauge.batteryusage.BatteryUsageContentProvider.$r8$lambda$GIZ8kfDQ4FGsQc1MEnYvlHwj8ts:0 
05-07 05:49:31.142   988  2630 E ActivityManager: Sending non-protected broadcast com.android.settings.battery.action.PERIODIC_JOB_RECHECK from system 9239:com.android.settings/1000 pkg com.android.settings
05-07 05:49:31.142   988  2630 E ActivityManager: java.lang.Throwable
05-07 05:49:31.142   988  2630 E ActivityManager: 	at com.android.server.am.ActivityManagerService.checkBroadcastFromSystem(ActivityManagerService.java:14490)
05-07 05:49:31.142   988  2630 E ActivityManager: 	at com.android.server.am.ActivityManagerService.broadcastIntentLockedTraced(ActivityManagerService.java:15315)
05-07 05:49:31.142   988  2630 E ActivityManager: 	at com.android.server.am.ActivityManagerService.broadcastIntentLocked(ActivityManagerService.java:14554)
05-07 05:49:31.142   988  2630 E ActivityManager: 	at com.android.server.am.ActivityManagerService.broadcastIntentWithFeature(ActivityManagerService.java:15522)
05-07 05:49:31.142   988  2630 E ActivityManager: 	at android.app.IActivityManager$Stub.onTransact(IActivityManager.java:2690)
05-07 05:49:31.142   988  2630 E ActivityManager: 	at com.android.server.am.ActivityManagerService.onTransact(ActivityManagerService.java:2788)
05-07 05:49:31.142   988  2630 E ActivityManager: 	at android.os.Binder.execTransactInternal(Binder.java:1344)
05-07 05:49:31.142   988  2630 E ActivityManager: 	at android.os.Binder.execTransact(Binder.java:1275)
05-07 05:49:31.142   988  3199 D WindowManager: isSupportDynamicNavbar user0, navBarMode = 2, is3buttonModeNavbar = false
05-07 05:49:31.143   988  2630 V BroadcastQueue: Enqueuing BroadcastRecord{ddf8288 com.android.settings.battery.action.PERIODIC_JOB_RECHECK/u0} from uid 1000 pid 9239 for 1 receivers
05-07 05:49:31.149   988  3199 D WindowManager: isSupportDynamicNavbar user0, navBarMode = 2, is3buttonModeNavbar = false
05-07 05:49:31.149   988  3199 I WindowManager: Input focus has changed to Window{1728140 u0 com.android.settings/com.android.settings.spa.SpaActivity}, [type=1]-[Surface(name=*Title#1742)/@0x7dc12a5, shown=false, alpha=0.0, windowType=1] from 639512d com.gtaxi.rider/com.gtaxi.rider.MainActivity mDisplayId 0 updateInputWindows true
05-07 05:49:31.150   988  3199 D UnisocDisplayJamMonitorImpl: Switch focus to Window{1728140 u0 com.android.settings/com.android.settings.spa.SpaActivity}, [type=1]-[Surface(name=*Title#1742)/@0x7dc12a5, shown=false, alpha=0.0, windowType=1] on APP(ActivityRecord{f47a0d3 u0 com.android.settings/.spa.SpaActivity t266 d0}) from null, newWindowHandle = 1728140 com.android.settings/com.android.settings.spa.SpaActivity, frame=[0,0,0,0], touchableRegion=SkRegion(), scaleFactor=1.0, transform=null, windowToken=android.os.BinderProxy@28a64c3, displayId=0, isClone=false, packageName=com.android.settings, ownerPid=9239, touchableRegionSurfaceControl=java.lang.ref.WeakReference@98507a3, replaceTouchableRegionWithCrop=false, changed=true mGlobalScale=1.0 mCompatScale=1.0 mInvGlobalScale=1.0
05-07 05:49:31.150   988  1165 D ActivityManager: Skip enqueue broadcast because no receiver with Intent { act=com.android.server.action.NETWORK_STATS_UPDATED flg=0x40000010 }
05-07 05:49:31.151  9239 31537 D DatabaseUtils: getHistoryMapSinceLastFullCharge() size=11 in 14/ms
05-07 05:49:31.152  9239 31537 D BatteryChartPreferenceController: getBatterySinceLastFullChargeUsageData() size=11 time=14/ms
05-07 05:49:31.152  9239 31537 D DataProcessor: getHistoryMapWithExpectedTimestamps() size=53 in 0/ms
05-07 05:49:31.153  9239 29940 E ndroid.settings: Invalid resource ID 0x00000000.
05-07 05:49:31.153  9239 29940 W LocaleConfig: The resource file pointed to by the given resource ID isn't found.
05-07 05:49:31.153  9239 29940 I AppLocaleUtil: Can display preference - [com.gtaxi.rider] : isDisallowedPackage : false / isSignedWithPlatformKey : false / hasLauncherEntry : true / canDisplay : false / 1.1
05-07 05:49:31.153   577   577 I mali_gralloc: allocate: id=2410000054c, hal_format=RGBA8888, mali_format=RGBA8888, afbc=SPLIT, usage=GPU_RW|HWC, size=800x1280(4160512), stride=800, name=VRI[SpaActivity]#39(BLAST Consumer)39
05-07 05:49:31.154  9239 31537 E DataProcessor: abnormal entry list in the timestamp:May 05, 2026, 06:00:00
05-07 05:49:31.154  9239 31537 E DataProcessor: abnormal entry list in the timestamp:May 05, 2026, 08:00:00
05-07 05:49:31.154  9239 31537 E DataProcessor: abnormal entry list in the timestamp:May 05, 2026, 10:00:00
05-07 05:49:31.154  9239 31537 E DataProcessor: abnormal entry list in the timestamp:May 05, 2026, 12:00:00
05-07 05:49:31.155  9239 31537 E DataProcessor: abnormal entry list in the timestamp:May 05, 2026, 14:00:00
05-07 05:49:31.155  9239 31542 D mali_gralloc: register: id=2410000054c, handle=0xb4000071cb6a0470, importpid=-1, gRegisteredHandles=0
05-07 05:49:31.155  9239 31537 E DataProcessor: abnormal entry list in the timestamp:May 05, 2026, 16:00:00
05-07 05:49:31.155  9239 31537 E DataProcessor: abnormal entry list in the timestamp:May 05, 2026, 18:00:00
05-07 05:49:31.156  9239 31537 E DataProcessor: abnormal entry list in the timestamp:May 05, 2026, 20:00:00
05-07 05:49:31.156  9239 31537 E DataProcessor: abnormal entry list in the timestamp:May 05, 2026, 22:00:00
05-07 05:49:31.156  9239 31537 E DataProcessor: abnormal entry list in the timestamp:May 06, 2026, 02:00:00
05-07 05:49:31.156  9239 31537 E DataProcessor: abnormal entry list in the timestamp:May 06, 2026, 04:00:00
05-07 05:49:31.157  9239 31537 E DataProcessor: abnormal entry list in the timestamp:May 06, 2026, 06:00:00
05-07 05:49:31.157  9239 31537 E DataProcessor: abnormal entry list in the timestamp:May 06, 2026, 08:00:00
05-07 05:49:31.157  9239 31537 E DataProcessor: abnormal entry list in the timestamp:May 06, 2026, 10:00:00
05-07 05:49:31.158  9239 31537 E DataProcessor: abnormal entry list in the timestamp:May 06, 2026, 12:00:00
05-07 05:49:31.158  9239 31537 E DataProcessor: abnormal entry list in the timestamp:May 06, 2026, 14:00:00
05-07 05:49:31.158   577   577 I mali_gralloc: allocate: id=2410000054d, hal_format=RGBA8888, mali_format=RGBA8888, afbc=SPLIT, usage=GPU_RW|HWC, size=800x1280(4160512), stride=800, name=VRI[SpaActivity]#39(BLAST Consumer)39
05-07 05:49:31.158  9239 31537 E DataProcessor: abnormal entry list in the timestamp:May 06, 2026, 16:00:00
05-07 05:49:31.158  9239 31542 D mali_gralloc: register: id=2410000054d, handle=0xb4000071cb6a0590, importpid=-1, gRegisteredHandles=1
05-07 05:49:31.158  9239 31537 E DataProcessor: abnormal entry list in the timestamp:May 06, 2026, 18:00:00
05-07 05:49:31.159  9239 31537 E DataProcessor: abnormal entry list in the timestamp:May 06, 2026, 20:00:00
05-07 05:49:31.159   577   577 I mali_gralloc: allocate: id=2410000054e, hal_format=RGBA8888, mali_format=RGBA8888, afbc=SPLIT, usage=GPU_RW|HWC, size=800x1280(4160512), stride=800, name=VRI[SpaActivity]#39(BLAST Consumer)39
05-07 05:49:31.159  9239 31537 E DataProcessor: abnormal entry list in the timestamp:May 06, 2026, 22:00:00
05-07 05:49:31.159  9239 31542 D mali_gralloc: register: id=2410000054e, handle=0xb4000071cb6a07d0, importpid=-1, gRegisteredHandles=2
05-07 05:49:31.161   635   682 D mali_gralloc: register: id=2410000054c, handle=0xb400006f0f1ac150, importpid=9239, gRegisteredHandles=13
05-07 05:49:31.165  1239  1239 E PhoneInterfaceManager: queryModemActivityInfo: Empty response
05-07 05:49:31.165   988  1022 W WindowManager: Failed to deliver inset control state change to w=Window{639512d u0 com.gtaxi.rider/com.gtaxi.rider.MainActivity EXITING}, [type=1]-[Surface(name=*Title#1732)/@0xc86d329, shown=false, alpha=0.0, windowType=1]
05-07 05:49:31.165   988  1022 W WindowManager: android.os.DeadObjectException
05-07 05:49:31.165   988  1022 W WindowManager: 	at android.os.BinderProxy.transactNative(Native Method)
05-07 05:49:31.165   988  1022 W WindowManager: 	at android.os.BinderProxy.transact(BinderProxy.java:599)
05-07 05:49:31.165   988  1022 W WindowManager: 	at android.view.IWindow$Stub$Proxy.insetsControlChanged(IWindow.java:479)
05-07 05:49:31.165   988  1022 W WindowManager: 	at com.android.server.wm.WindowState.notifyInsetsControlChanged(WindowState.java:3910)
05-07 05:49:31.165   988  1022 W WindowManager: 	at com.android.server.wm.InsetsStateController.lambda$notifyPendingInsetsControlChanged$3(InsetsStateController.java:343)
05-07 05:49:31.165   988  1022 W WindowManager: 	at com.android.server.wm.InsetsStateController.$r8$lambda$8yykPRG1GyNq_J17QvL9d5xANMc(InsetsStateController.java:0)
05-07 05:49:31.165   988  1022 W WindowManager: 	at com.android.server.wm.InsetsStateController$$ExternalSyntheticLambda2.run(R8$$SyntheticClass:0)
05-07 05:49:31.165   988  1022 W WindowManager: 	at com.android.server.wm.WindowAnimator.executeAfterPrepareSurfacesRunnables(WindowAnimator.java:294)
05-07 05:49:31.165   988  1022 W WindowManager: 	at com.android.server.wm.WindowAnimator.animate(WindowAnimator.java:202)
05-07 05:49:31.165   988  1022 W WindowManager: 	at com.android.server.wm.WindowAnimator.lambda$new$1(WindowAnimator.java:99)
05-07 05:49:31.165   988  1022 W WindowManager: 	at com.android.server.wm.WindowAnimator.$r8$lambda$aHNu1uhcqxihX5NZc4McDDQPAyw(WindowAnimator.java:0)
05-07 05:49:31.165   988  1022 W WindowManager: 	at com.android.server.wm.WindowAnimator$$ExternalSyntheticLambda1.doFrame(R8$$SyntheticClass:0)
05-07 05:49:31.165   988  1022 W WindowManager: 	at android.view.Choreographer$CallbackRecord.run(Choreographer.java:1397)
05-07 05:49:31.165   988  1022 W WindowManager: 	at android.view.Choreographer$CallbackRecord.run(Choreographer.java:1408)
05-07 05:49:31.165   988  1022 W WindowManager: 	at android.view.Choreographer.doCallbacks(Choreographer.java:1012)
05-07 05:49:31.165   988  1022 W WindowManager: 	at android.view.Choreographer.doFrame(Choreographer.java:938)
05-07 05:49:31.165   988  1022 W WindowManager: 	at android.view.Choreographer$FrameDisplayEventReceiver.run(Choreographer.java:1382)
05-07 05:49:31.165   988  1022 W WindowManager: 	at android.os.Handler.handleCallback(Handler.java:958)
05-07 05:49:31.165   988  1022 W WindowManager: 	at android.os.Handler.dispatchMessage(Handler.java:99)
05-07 05:49:31.165   988  1022 W WindowManager: 	at android.os.Looper.loopOnce(Looper.java:205)
05-07 05:49:31.165   988  1022 W WindowManager: 	at android.os.Looper.loop(Looper.java:294)
05-07 05:49:31.165   988  1022 W WindowManager: 	at android.os.HandlerThread.run(HandlerThread.java:67)
05-07 05:49:31.165   988  1022 W WindowManager: 	at com.android.server.ServiceThread.run(ServiceThread.java:46)
05-07 05:49:31.166   571   571 D bt_vendor: op for BT_VND_OP_LPM_WAKE_SET_STATE
05-07 05:49:31.166   988  3134 W BatteryExternalStatsWorker: error reading modem stats:ERROR_INVALID_INFO_RECEIVED
05-07 05:49:31.166   988  3199 D WindowManager: finishDrawingLocked: merge with mWin.mSyncTransaction!!! ,mWin = Window{1728140 u0 com.android.settings/com.android.settings.spa.SpaActivity}, [type=1]-[Surface(name=*Title#1742)/@0x7dc12a5, shown=false, alpha=0.0, windowType=1] ,inputHandle = 1728140 com.android.settings/com.android.settings.spa.SpaActivity, frame=[0,0,0,0], touchableRegion=SkRegion((0,0,800,1280)), scaleFactor=1.0, transform=null, windowToken=android.os.BinderProxy@28a64c3, displayId=0, isClone=false, packageName=com.android.settings, ownerPid=9239, touchableRegionSurfaceControl=java.lang.ref.WeakReference@e45421e, replaceTouchableRegionWithCrop=false, changed=false
05-07 05:49:31.166   988  1168 D WifiStaIfaceHidlImpl: getCachedScanData is not implemented by HIDL
05-07 05:49:31.167   988  1022 D WindowManager: isSupportDynamicNavbar user0, navBarMode = 2, is3buttonModeNavbar = false
05-07 05:49:31.173  9239  9239 D BootBroadcastReceiver: refresh periodic job from action=com.android.settings.battery.action.PERIODIC_JOB_RECHECK
05-07 05:49:31.174   577   577 I mali_gralloc: allocate: id=2410000054f, hal_format=RGBA8888, mali_format=RGBA8888, afbc=false, usage=CPU_RW|GPU_RW|HWC, size=800x1280(4096000), stride=800, name=screenshot
05-07 05:49:31.174   635  1343 D mali_gralloc: register: id=2410000054f, handle=0xb400006f0f199190, importpid=-1, gRegisteredHandles=14
05-07 05:49:31.174   988   988 D AlarmManagerService: set alarm to kernel: 31651.685000000, type=2 
05-07 05:49:31.175   988   988 D AlarmManagerService: set alarm to kernel: 30936.840000000, type=3 
05-07 05:49:31.175   988  3199 V AlarmManager: set(PendingIntent{57f622a: PendingIntentRecord{da1c81b com.android.settings broadcastIntent}}) : type=0 listener=null listenerTag=null workSource=null callingPackage=com.android.settings callingUid=1000 triggerAtTime=1778151600000 win=0 tElapsed=35137423 maxElapsed=35137423 interval=0 flags=0x9
05-07 05:49:31.175   988  3199 D AlarmManagerService: set alarm to kernel: 31651.685000000, type=2 
05-07 05:49:31.175   635   682 D mali_gralloc: register: id=2410000054e, handle=0xb400006f0f198bf0, importpid=9239, gRegisteredHandles=15
05-07 05:49:31.175   988  3199 D AlarmManagerService: set alarm to kernel: 30936.840000000, type=3 
05-07 05:49:31.176  9239  9239 D PeriodicJobManager: schedule next alarm job at May 07, 2026, 07:00:00
05-07 05:49:31.179   988  3199 D mali_gralloc: register: id=2410000054f, handle=0xb4000071cb6d93b0, importpid=635, gRegisteredHandles=6
05-07 05:49:31.182   988  1018 V WindowManager: Sent Transition #117 createdAt=05-07 05:49:31.039 via request=TransitionRequestInfo { type = CLOSE, triggerTask = null, remoteTransition = null, displayChange = null }
05-07 05:49:31.183   988  1018 V WindowManager:     startWCT=WindowContainerTransaction { changes = {} hops = [] errorCallbackToken=null taskFragmentOrganizer=null }
05-07 05:49:31.183   988  1018 V WindowManager:     info={id=117 t=CLOSE f=0x10 trk=0 r=[0@Point(0, 0)] c=[{WCT{RemoteToken{27b6872 TaskFragment{a28ca13 mode=fullscreen}}} m=TO_FRONT f=IN_TASK_WITH_EMBEDDED_ACTIVITY|FILLS_TASK p=WCT{RemoteToken{101fdbd Task{3253f9b #266 type=standard A=1000:com.android.settings}}} leash=Surface(name=TaskFragment{a28ca13 mode=fullscreen}#1558)/@0x6931d27 sb=Rect(0, 0 - 800, 1280) eb=Rect(0, 0 - 800, 1280) d=0},{WCT{RemoteToken{101fdbd Task{3253f9b #266 type=standard A=1000:com.android.settings}}} m=TO_FRONT f=MOVE_TO_TOP leash=Surface(name=Task=266#1405)/@0x60d2668 sb=Rect(0, 0 - 800, 1280) eb=Rect(0, 0 - 800, 1280) d=0 endFixedRotation=2},{WCT{RemoteToken{dc97c49 Task{6ee671c #271 type=standard A=10246:com.gtaxi.rider}}} m=CLOSE f=NONE leash=Surface(name=Task=271#1714)/@0x53da84d sb=Rect(0, 0 - 800, 1280) eb=Rect(0, 0 - 800, 1280) d=0}]}
05-07 05:49:31.184  1285  1315 V WindowManagerShell: onTransitionReady android.os.BinderProxy@fba70a8: {id=117 t=CLOSE f=0x10 trk=0 r=[0@Point(0, 0)] c=[{WCT{android.window.IWindowContainerToken$Stub$Proxy@e6eaefd} m=TO_FRONT f=IN_TASK_WITH_EMBEDDED_ACTIVITY|FILLS_TASK p=WCT{android.window.IWindowContainerToken$Stub$Proxy@31fc7f2} leash=Surface(name=TaskFragment{a28ca13 mode=fullscreen}#1558)/@0xaa557c1 sb=Rect(0, 0 - 800, 1280) eb=Rect(0, 0 - 800, 1280) d=0},{WCT{android.window.IWindowContainerToken$Stub$Proxy@aa00e43} m=TO_FRONT f=MOVE_TO_TOP leash=Surface(name=Task=266#1405)/@0x9695b66 sb=Rect(0, 0 - 800, 1280) eb=Rect(0, 0 - 800, 1280) d=0 endFixedRotation=2},{WCT{android.window.IWindowContainerToken$Stub$Proxy@550acc0} m=CLOSE f=NONE leash=Surface(name=Task=271#1714)/@0x2992ea7 sb=Rect(0, 0 - 800, 1280) eb=Rect(0, 0 - 800, 1280) d=0}]}
05-07 05:49:31.184  1285  1315 V WindowManagerShell: Playing animation for (#117)android.os.BinderProxy@fba70a8@0
05-07 05:49:31.184  1285  1315 V WindowManagerShell:  try handler com.android.wm.shell.transition.DefaultMixedHandler@32c573b
05-07 05:49:31.184  1285  1315 V WindowManagerShell:  try handler com.android.wm.shell.keyguard.KeyguardTransitionHandler@f174e58
05-07 05:49:31.184  1285  1315 V WindowManagerShell:  try handler com.android.wm.shell.activityembedding.ActivityEmbeddingController@6db5bb1
05-07 05:49:31.184  1285  1315 V WindowManagerShell:  try handler com.android.wm.shell.recents.RecentsTransitionHandler@d3c2896
05-07 05:49:31.184  1285  1315 V ShellRecents: RecentsTransitionHandler.startAnimation: no controller found
05-07 05:49:31.184  1285  1315 V WindowManagerShell:  try handler com.android.wm.shell.pip.PipTransition@ff2c17
05-07 05:49:31.184  1285  1315 V WindowManagerShell:  try handler com.android.wm.shell.splitscreen.StageCoordinator@cdef804
05-07 05:49:31.184  1285  1315 V WindowManagerShell:  try handler com.android.wm.shell.transition.RemoteTransitionHandler@19901ed
05-07 05:49:31.184  1285  1315 V WindowManagerShell: Transition doesn't have explicit remote, search filters for match for {id=117 t=CLOSE f=0x10 trk=0 r=[0@Point(0, 0)] c=[{WCT{android.window.IWindowContainerToken$Stub$Proxy@e6eaefd} m=TO_FRONT f=IN_TASK_WITH_EMBEDDED_ACTIVITY|FILLS_TASK p=WCT{android.window.IWindowContainerToken$Stub$Proxy@31fc7f2} leash=Surface(name=TaskFragment{a28ca13 mode=fullscreen}#1558)/@0xaa557c1 sb=Rect(0, 0 - 800, 1280) eb=Rect(0, 0 - 800, 1280) d=0},{WCT{android.window.IWindowContainerToken$Stub$Proxy@aa00e43} m=TO_FRONT f=MOVE_TO_TOP leash=Surface(name=Task=266#1405)/@0x9695b66 sb=Rect(0, 0 - 800, 1280) eb=Rect(0, 0 - 800, 1280) d=0 endFixedRotation=2},{WCT{android.window.IWindowContainerToken$Stub$Proxy@550acc0} m=CLOSE f=NONE leash=Surface(name=Task=271#1714)/@0x2992ea7 sb=Rect(0, 0 - 800, 1280) eb=Rect(0, 0 - 800, 1280) d=0}]}
05-07 05:49:31.185  1285  1315 V WindowManagerShell:  Checking filter Pair{{types=[] flags=0x0] notFlags=0x100 checks=[{atype=home independent=true modes=[OPEN,TO_FRONT] flags=NONE mustBeTask=false order=TOP topActivity=ComponentInfo{com.android.launcher3/com.android.searchlauncher.SearchLauncher}},{atype=standard independent=true modes=[CLOSE,TO_BACK] flags=NONE mustBeTask=false order=ANY topActivity=null}]} RemoteTransition { remoteTransition = android.window.IRemoteTransition$Stub$Proxy@38f1aa1, appThread = android.app.IApplicationThread$Stub$Proxy@79194c6, debugName = QuickstepLaunchHome }}
05-07 05:49:31.185  1285  1315 V WindowManagerShell:  Delegate animation for #117 to null
05-07 05:49:31.185  1285  1315 V WindowManagerShell:  try handler com.android.wm.shell.transition.DefaultTransitionHandler@70a3822
05-07 05:49:31.185  1285  1315 V WindowManagerShell: start default transition animation, info = {id=117 t=CLOSE f=0x10 trk=0 r=[0@Point(0, 0)] c=[{WCT{android.window.IWindowContainerToken$Stub$Proxy@e6eaefd} m=TO_FRONT f=IN_TASK_WITH_EMBEDDED_ACTIVITY|FILLS_TASK p=WCT{android.window.IWindowContainerToken$Stub$Proxy@31fc7f2} leash=Surface(name=TaskFragment{a28ca13 mode=fullscreen}#1558)/@0xaa557c1 sb=Rect(0, 0 - 800, 1280) eb=Rect(0, 0 - 800, 1280) d=0},{WCT{android.window.IWindowContainerToken$Stub$Proxy@aa00e43} m=TO_FRONT f=MOVE_TO_TOP leash=Surface(name=Task=266#1405)/@0x9695b66 sb=Rect(0, 0 - 800, 1280) eb=Rect(0, 0 - 800, 1280) d=0 endFixedRotation=2},{WCT{android.window.IWindowContainerToken$Stub$Proxy@550acc0} m=CLOSE f=NONE leash=Surface(name=Task=271#1714)/@0x2992ea7 sb=Rect(0, 0 - 800, 1280) eb=Rect(0, 0 - 800, 1280) d=0}]}
05-07 05:49:31.186  1285  1315 V WindowManagerShell: loadAnimation: anim=android.view.animation.AnimationSet@b5e713e animAttr=0xb type=CLOSE isEntrance=false
05-07 05:49:31.187  1285  1315 V WindowManagerShell: loadAnimation: anim=android.view.animation.AnimationSet@739c0b5 animAttr=0xa type=CLOSE isEntrance=true
05-07 05:49:31.189  1285  1827 D mali_gralloc: register: id=2410000054f, handle=0xb4000071cb6adb50, importpid=988, gRegisteredHandles=108
05-07 05:49:31.189  1285  1827 D mali_gralloc: unregister: id=2410000054f, handle=0xb4000071cb6adb50, base=0x0, importpid=1285, count:0
05-07 05:49:31.189  1642  2379 D mali_gralloc: register: id=2410000054f, handle=0xb4000071cb6991b0, importpid=988, gRegisteredHandles=42
05-07 05:49:31.190  1285  1946 D mali_gralloc: register: id=2410000054f, handle=0xb4000071cb6aaf70, importpid=988, gRegisteredHandles=108
05-07 05:49:31.190  1285  1294 D mali_gralloc: register: id=2410000054f, handle=0xb4000071cb6a8b70, importpid=988, gRegisteredHandles=108
05-07 05:49:31.191  1285  1315 V WindowManagerShell:  animated by com.android.wm.shell.transition.DefaultTransitionHandler@70a3822
05-07 05:49:31.191  1285  1315 D TaskStackListenerImpl: onTaskSnapshotChanged close hardwarebuffer, snapshot = TaskSnapshot{ mId=1778147371173 mCaptureTime=30908612185213 mTopActivityComponent=com.gtaxi.rider/.MainActivity mSnapshot=android.hardware.HardwareBuffer@4550f97 (800x1280) mColorSpace=sRGB IEC61966-2.1 (id=0, model=RGB) mOrientation=1 mRotation=0 mTaskSize=Point(800, 1280) mContentInsets=[0,27][0,27] mLetterboxInsets=[0,0][0,0] mIsLowResolution=false mIsRealSnapshot=true mWindowingMode=1 mAppearance=0 mIsTranslucent=false mHasImeSurface=false
05-07 05:49:31.191  1285  1315 D mali_gralloc: unregister: id=2410000054f, handle=0xb4000071cb6aaf70, base=0x0, importpid=1285, count:0
05-07 05:49:31.191  1285  1285 D mali_gralloc: unregister: id=2410000054f, handle=0xb4000071cb6a8b70, base=0x0, importpid=1285, count:1
05-07 05:49:31.197   635   635 I Layer   : fillInputInfo layer:com.android.settings/com.android.settings.spa.SpaActivity#1742, visible=1 (hasInputInfo:1, isHidden:0, alpha:1.000000, parent:1728140 com.android.settings/com.android.settings.spa.SpaActivity#1568,parenthidden:0, parentalpha:1.000000, mBuffer:1, mSidebandStream:0,hasSomethingToDraw:1, hasEffect:0, fillsColor:0, drawShadows:0, hasBlur:0)
05-07 05:49:31.197   635   635 I Layer   : fillInputInfo layer:6d6cac2 ActivityRecordInputSink com.android.settings/.spa.SpaActivity#1567, visible=1 (hasInputInfo:1, isHidden:0, alpha:1.000000, parent:ActivityRecord{f47a0d3 u0 com.android.settings/.spa.SpaActivity#1565,parenthidden:0, parentalpha:1.000000, mBuffer:0, mSidebandStream:0,hasSomethingToDraw:0, hasEffect:0, fillsColor:0, drawShadows:0, hasBlur:0)
05-07 05:49:31.197 26393 26473 I ServiceLiveData: Not exempting com.android.systemui.accessibility.accessibilitymenu - not an active AccessibilityService for u0
05-07 05:49:31.197 26393 26463 I ServiceLiveData: Not exempting com.google.ambient.streaming - not an active NotificationListenerService for u0
05-07 05:49:31.198 26393 26473 I ServiceLiveData: Not exempting com.google.android.accessibility.switchaccess - not an active AccessibilityService for u0
05-07 05:49:31.198 26393 26469 I ServiceLiveData: Detected PrintServices: [com.android.bips]
05-07 05:49:31.198 26393 26473 I ServiceLiveData: Not exempting com.google.android.marvin.talkback - not an active AccessibilityService for u0
05-07 05:49:31.199 26393 26462 I ServiceLiveData: Detected WallpaperServices: []
05-07 05:49:31.199 26393 26471 I ServiceLiveData: Detected InputMethods: [com.google.android.inputmethod.latin, com.google.android.tts]
05-07 05:49:31.200   635   684 D mali_gralloc: unregister: id=2410000054f, handle=0xb400006f0f199190, base=0x0, importpid=635, count:0
05-07 05:49:31.200 26393 26473 I ServiceLiveData: Not exempting com.google.android.marvin.talkback - not an active AccessibilityService for u0
05-07 05:49:31.200 26393 26473 I ServiceLiveData: Not exempting com.openai.chatgpt - not an active AccessibilityService for u0
05-07 05:49:31.200 26393 26470 I ServiceLiveData: Not exempting com.android.dreams.basic - not an active DreamService for u0
05-07 05:49:31.201 26393 26473 I ServiceLiveData: Detected AccessibilityServices: []
05-07 05:49:31.202 26393 26463 I ServiceLiveData: Not exempting com.google.android.as - not an active NotificationListenerService for u0
05-07 05:49:31.202 26393 26473 I ServiceLiveData: Detected AutofillServices: [com.google.android.gms]
05-07 05:49:31.202 26393 26463 I ServiceLiveData: Not exempting com.google.android.contacts - not an active NotificationListenerService for u0
05-07 05:49:31.203 26393 26471 I ServiceLiveData: Not exempting com.google.android.gms - not an active DEVICE_ADMIN_SERVICE for u0
05-07 05:49:31.203 26393 26469 I BroadcastReceiverLiveData: Not exempting com.google.android.gms - not an active DEVICE_ADMIN_ENABLED for u0
05-07 05:49:31.203 26393 26470 I ServiceLiveData: Not exempting com.android.dreams.phototable - not an active DreamService for u0
05-07 05:49:31.203   988  3218 I ImeTracker: com.android.settings:49085dc: onRequestHide at ORIGIN_SERVER_HIDE_INPUT reason HIDE_UNSPECIFIED_WINDOW
05-07 05:49:31.203 26393 26470 I ServiceLiveData: Not exempting com.android.dreams.phototable - not an active DreamService for u0
05-07 05:49:31.203   988  3218 I ImeTracker: com.android.settings:49085dc: onCancelled at PHASE_SERVER_SHOULD_HIDE
05-07 05:49:31.203 26393 26463 I ServiceLiveData: Not exempting com.google.android.gms - not an active NotificationListenerService for u0
05-07 05:49:31.203 26393 26463 I ServiceLiveData: Detected NotificationListenerServices: [com.android.launcher3, com.google.android.projection.gearhead]
05-07 05:49:31.204 26393 26469 I BroadcastReceiverLiveData: Detected DEVICE_ADMIN_ENABLEDs: []
05-07 05:49:31.204 26393 26470 I ServiceLiveData: Not exempting com.google.android.apps.photos - not an active DreamService for u0
05-07 05:49:31.205 26393 26471 I ServiceLiveData: Detected DEVICE_ADMIN_SERVICEs: []
05-07 05:49:31.205 26393 26470 I ServiceLiveData: Not exempting com.google.android.deskclock - not an active DreamService for u0
05-07 05:49:31.206  4563  4563 I GoogleInputMethodService: GoogleInputMethodService.onFinishInput():2186 
05-07 05:49:31.206 26393 26470 I ServiceLiveData: Detected DreamServices: []
05-07 05:49:31.207  4563  4563 I Module  : DeviceLockedStatusModuleProvider$Module.updateDeviceLockedStatus():103 repeatCheckTimes = 0, locked = false
05-07 05:49:31.208  4563  4563 I GoogleInputMethodService: GoogleInputMethodService.onStartInput():1444 onStartInput(EditorInfo{EditorInfo{packageName=com.android.settings, inputType=0, inputTypeString=NULL, enableLearning=false, autoCorrection=false, autoComplete=false, imeOptions=0, privateImeOptions=null, actionName=UNSPECIFIED, actionLabel=null, initialSelStart=-1, initialSelEnd=-1, initialCapsMode=0, label=null, fieldId=0, fieldName=null, extras=null, hintText=null, hintLocales=[]}}, false)
05-07 05:49:31.208  4563  4563 W AndroidIME: LatinIMEBase.updateInputViewCoverNavigation():326 Null input view, cannot update padding!
05-07 05:49:31.209  4563  4563 I Module  : DeviceLockedStatusModuleProvider$Module.updateDeviceLockedStatus():103 repeatCheckTimes = 1, locked = false
05-07 05:49:31.210   988  3166 W PackageConfigPersister: App-specific configuration not found for packageName: com.android.settings and userId: 0
05-07 05:49:31.211   988  1022 W WindowManager: Failed to deliver inset control state change to w=Window{639512d u0 com.gtaxi.rider/com.gtaxi.rider.MainActivity EXITING}, [type=1]-[Surface(name=*Title#1732)/@0xc86d329, shown=false, alpha=0.0, windowType=1]
05-07 05:49:31.211   988  1022 W WindowManager: android.os.DeadObjectException
05-07 05:49:31.211   988  1022 W WindowManager: 	at android.os.BinderProxy.transactNative(Native Method)
05-07 05:49:31.211   988  1022 W WindowManager: 	at android.os.BinderProxy.transact(BinderProxy.java:599)
05-07 05:49:31.211   988  1022 W WindowManager: 	at android.view.IWindow$Stub$Proxy.insetsControlChanged(IWindow.java:479)
05-07 05:49:31.211   988  1022 W WindowManager: 	at com.android.server.wm.WindowState.notifyInsetsControlChanged(WindowState.java:3910)
05-07 05:49:31.211   988  1022 W WindowManager: 	at com.android.server.wm.InsetsStateController.lambda$notifyPendingInsetsControlChanged$3(InsetsStateController.java:343)
05-07 05:49:31.211   988  1022 W WindowManager: 	at com.android.server.wm.InsetsStateController.$r8$lambda$8yykPRG1GyNq_J17QvL9d5xANMc(InsetsStateController.java:0)
05-07 05:49:31.211   988  1022 W WindowManager: 	at com.android.server.wm.InsetsStateController$$ExternalSyntheticLambda2.run(R8$$SyntheticClass:0)
05-07 05:49:31.211   988  1022 W WindowManager: 	at com.android.server.wm.WindowAnimator.executeAfterPrepareSurfacesRunnables(WindowAnimator.java:294)
05-07 05:49:31.211   988  1022 W WindowManager: 	at com.android.server.wm.RootWindowContainer.performSurfacePlacementNoTrace(RootWindowContainer.java:846)
05-07 05:49:31.211   988  1022 W WindowManager: 	at com.android.server.wm.RootWindowContainer.performSurfacePlacement(RootWindowContainer.java:791)
05-07 05:49:31.211   988  1022 W WindowManager: 	at com.android.server.wm.WindowSurfacePlacer.performSurfacePlacementLoop(WindowSurfacePlacer.java:187)
05-07 05:49:31.211   988  1022 W WindowManager: 	at com.android.server.wm.WindowSurfacePlacer.performSurfacePlacement(WindowSurfacePlacer.java:128)
05-07 05:49:31.211   988  1022 W WindowManager: 	at com.android.server.wm.WindowSurfacePlacer.performSurfacePlacement(WindowSurfacePlacer.java:117)
05-07 05:49:31.211   988  1022 W WindowManager: 	at com.android.server.wm.WindowSurfacePlacer$Traverser.run(WindowSurfacePlacer.java:59)
05-07 05:49:31.211   988  1022 W WindowManager: 	at android.os.Handler.handleCallback(Handler.java:958)
05-07 05:49:31.211   988  1022 W WindowManager: 	at android.os.Handler.dispatchMessage(Handler.java:99)
05-07 05:49:31.211   988  1022 W WindowManager: 	at android.os.Looper.loopOnce(Looper.java:205)
05-07 05:49:31.211   988  1022 W WindowManager: 	at android.os.Looper.loop(Looper.java:294)
05-07 05:49:31.211   988  1022 W WindowManager: 	at android.os.HandlerThread.run(HandlerThread.java:67)
05-07 05:49:31.211   988  1022 W WindowManager: 	at com.android.server.ServiceThread.run(ServiceThread.java:46)
05-07 05:49:31.215 26393 26460 I ServiceLiveData: Not exempting com.openai.chatgpt - not an active VoiceInteractionService for u0
05-07 05:49:31.216 26393 26460 I ServiceLiveData: Detected VoiceInteractionServices: [com.google.android.googlequicksearchbox]
05-07 05:49:31.231   578  2224 D SPRDHWComposer: HWC Range:1, HWC_Transfer:4
05-07 05:49:31.243  9239 31537 D BatteryEntry: PackageManager failed to retrieve ApplicationInfo for: wcn_chr
05-07 05:49:31.258   988  1168 D WifiStaIfaceHidlImpl: getCachedScanData is not implemented by HIDL
05-07 05:49:31.260   988  1168 D ActivityManager: Skip enqueue broadcast because no receiver with Intent { act=android.net.wifi.RSSI_CHANGED flg=0x4000010 (has extras) }
05-07 05:49:31.264   578  2224 D SPRDHWComposer: HWC Range:1, HWC_Transfer:4
05-07 05:49:31.264   578  2224 D mali_gralloc: register: id=2410000054e, handle=0xb40000734894a230, importpid=635, gRegisteredHandles=12
05-07 05:49:31.271  1793  1793 I MagicTether: (REDACTED) [ActiveNetworkTracker] setActiveNetwork: %s
05-07 05:49:31.271  1793  1793 I MagicTether: (REDACTED) [TetherService] onActiveNetworkChanged: network=%s isLost=%s
05-07 05:49:31.272  1793 31283 I MagicTether: [WifiConnectionHandler] Ignoring getWifiConfigurationByNetworkId when checking connected state [CONTEXT service_id=276 ]
05-07 05:49:31.272  1793 31283 I MagicTether: [WifiConnectionHandler] No networkId set, can't be connected. [CONTEXT service_id=276 ]
05-07 05:49:31.273  1793 31283 I MagicTether: (REDACTED) [TetherService] TRANSPORT_CELLULAR [%s], TRANSPORT_ETHERNET [%s], TRANSPORT_WIFI [%s]
05-07 05:49:31.274  1793 31283 I MagicTether: (REDACTED) [TetherService] setRoles hasActiveNetworkConnection=%s canActiveNetworkBeTethered=%s isConnectedToInstantTether=%s isWifiEnabled=%s isHosting=%s
05-07 05:49:31.274   988  1168 I HalDevMgr: bestIfaceCreationProposal is null, requestIface=STA, existingIface=[name=wlan0 type=STA]
05-07 05:49:31.277  1285  1285 D WifiSignalController: connected : true, level : 3, isDefault : true, inetCondition : 1, statusLabel : null
05-07 05:49:31.277  1793  2561 I NullBinder: NullBinder for android.net.action.RECOMMEND_NETWORKS triggering remote TransactionTooLargeException due to Service without Chimera impl, calling uid: 1000, calling pid: 0
05-07 05:49:31.277  1793  2561 W .gms.persistent: Large reply transaction of 1056768 bytes, interface descriptor , code 1
05-07 05:49:31.280  1285  1359 D WifiSignalController: connected : true, level : 2, isDefault : true, inetCondition : 1, statusLabel : null
05-07 05:49:31.282  1285  1285 D StatusBarIconController: ignoring old pipeline callback because the new wifi icon is enabled
05-07 05:49:31.282  1285  1285 D StatusBarIconController: setIconVisibility: slot=wifi,visibility=true,tag=0
05-07 05:49:31.282  1793  1793 I MagicTether: (REDACTED) [LaunchUtils] Instant Wifi for status account: name: %s | type: %s | isLaunched: %s
05-07 05:49:31.283  1793  1793 I MagicTether: (REDACTED) [TidepoolFeatureStatusManager] isInstantHotspotEnabled=%s
05-07 05:49:31.283  1793  1793 I MagicTether: (REDACTED) [TidepoolFeatureStatusManager] isInstantWifiEnabled=%s
05-07 05:49:31.283  1793  1793 I MagicTether: (REDACTED) [TetherService] startNearbyClientRole: start: %s isInstantHotspotEnabled: %s isInstantWifiEnabled: %s
05-07 05:49:31.283  1793  1793 I MagicTether: [TetherService] Stopping Nearby client role [CONTEXT service_id=276 ]
05-07 05:49:31.283  1793  1793 I MagicTether: [ClientTetherRole] Client role already stopped [CONTEXT service_id=276 ]
05-07 05:49:31.284  1285  1285 D StatusBarIconController: ignoring old pipeline callback because the new wifi icon is enabled
05-07 05:49:31.284  1285  1285 D StatusBarIconController: setIconVisibility: slot=wifi,visibility=true,tag=0
05-07 05:49:31.284  1793  1793 I MagicTether: (REDACTED) [LaunchUtils] Instant Wifi for status account: name: %s | type: %s | isLaunched: %s
05-07 05:49:31.285  1793  1793 I MagicTether: (REDACTED) [TidepoolFeatureStatusManager] isInstantHotspotEnabled=%s
05-07 05:49:31.285  1793  1793 I MagicTether: (REDACTED) [TidepoolFeatureStatusManager] isInstantWifiEnabled=%s
05-07 05:49:31.285  1793  1793 I MagicTether: (REDACTED) [TetherService] startNearbyHostRole: start: %s isInstantHotspotEnabled: %s isInstantWifiEnabled: %s
05-07 05:49:31.285  1793  1793 I MagicTether: (REDACTED) [TidepoolFeatureStatusManager] isInstantHotspotEnabled=%s
05-07 05:49:31.285  1793  1793 I MagicTether: [HostTetherRole] Nearby host role already started [CONTEXT service_id=276 ]
05-07 05:49:31.299   635   682 D mali_gralloc: register: id=2410000054d, handle=0xb400006f0f19a5d0, importpid=9239, gRegisteredHandles=15
05-07 05:49:31.308  9239 31537 D BatteryEntry: PackageManager failed to retrieve ApplicationInfo for: com.google.android.gms.persistent
05-07 05:49:31.314   578  2224 D mali_gralloc: register: id=2410000054d, handle=0xb40000734894b1f0, importpid=635, gRegisteredHandles=13
05-07 05:49:31.314   578  2224 D mali_gralloc: register: id=24100000542, handle=0xb400007348947d10, importpid=635, gRegisteredHandles=14
05-07 05:49:31.317  1285  1946 D BLASTBufferQueue: [VRI[StatusBar]#3](f:0,a:2) PendingRelease=1, PendingBuffersToHold=0, SyncedFrameNumbers=0, lacfnr:3070, lapfnr:3070
05-07 05:49:31.329  9239 31537 D BatteryEntry: PackageManager failed to retrieve ApplicationInfo for: android.process.media
05-07 05:49:31.330  9239 31537 D BatteryEntry: PackageManager failed to retrieve ApplicationInfo for: android.process.acore
05-07 05:49:31.331  9239 31537 D BatteryEntry: PackageManager failed to retrieve ApplicationInfo for: mediaserver
05-07 05:49:31.331   578  2224 D mali_gralloc: register: id=2410000054c, handle=0xb40000734894d3b0, importpid=635, gRegisteredHandles=15
05-07 05:49:31.333  9239 31537 D BatteryEntry: PackageManager failed to retrieve ApplicationInfo for: irq/78-spi4.0
05-07 05:49:31.334  9239 31537 W BatteryEntry: unknown attribute:AUDIO
05-07 05:49:31.334  9239 31537 W BatteryEntry: unknown attribute:VIDEO
05-07 05:49:31.334  9239 31537 W BatteryEntry: unknown attribute:SYSTEM_SERVICES
05-07 05:49:31.334  9239 31537 W BatteryEntry: unknown attribute:SENSORS
05-07 05:49:31.334  9239 31537 W BatteryEntry: unknown attribute:WAKELOCK
05-07 05:49:31.335  9239 31537 W BatteryEntry: unknown attribute:MEMORY
05-07 05:49:31.335  9239 31537 W BatteryEntry: unknown attribute:IDLE
05-07 05:49:31.335  9239 31537 W BatteryEntry: unknown attribute:REATTRIBUTED_TO_OTHER_CONSUMERS
05-07 05:49:31.376  9239 31537 D AppBatteryPresenter: loadBatteryDiffEntries():
05-07 05:49:31.376  9239 31537 D AppBatteryPresenter: null
05-07 05:49:31.481   635   635 D mali_gralloc: unregister: id=24100000549, handle=0xb400006f0f1a9570, base=0x0, importpid=635, count:0
05-07 05:49:31.481   635   635 D mali_gralloc: unregister: id=24100000547, handle=0xb400006f0f199850, base=0x0, importpid=635, count:0
05-07 05:49:31.481   578  2224 D mali_gralloc: unregister: id=24100000547, handle=0xb40000734894a470, base=0x0, importpid=578, count:0
05-07 05:49:31.483   578  2224 D mali_gralloc: unregister: id=24100000549, handle=0xb40000734894d830, base=0x0, importpid=578, count:0
05-07 05:49:31.484   578  2224 D mali_gralloc: unregister: id=24100000548, handle=0xb40000734894ae90, base=0x0, importpid=578, count:0
05-07 05:49:31.546   635   635 I Layer   : fillInputInfo layer:NavigationBar0#85, visible=0 (hasInputInfo:1, isHidden:0, alpha:0.000000, parent:9a0121 NavigationBar0#70,parenthidden:0, parentalpha:0.000000, mBuffer:1, mSidebandStream:0,hasSomethingToDraw:1, hasEffect:0, fillsColor:0, drawShadows:0, hasBlur:0)
05-07 05:49:31.546   635   635 I Layer   : fillInputInfo layer:StatusBar#89, visible=0 (hasInputInfo:1, isHidden:0, alpha:0.000000, parent:cfc62cb StatusBar#78,parenthidden:0, parentalpha:0.000000, mBuffer:1, mSidebandStream:0,hasSomethingToDraw:1, hasEffect:0, fillsColor:0, drawShadows:0, hasBlur:0)
05-07 05:49:31.547   578  2224 D mali_gralloc: unregister: id=24100000543, handle=0xb400007348949810, base=0x0, importpid=578, count:0
05-07 05:49:31.548   578  2224 D mali_gralloc: unregister: id=24100000546, handle=0xb40000734894e010, base=0x0, importpid=578, count:0
05-07 05:49:31.548   578  2224 D mali_gralloc: unregister: id=24100000542, handle=0xb400007348947d10, base=0x0, importpid=578, count:0
05-07 05:49:31.564   988  3134 V AlarmManager: set(PendingIntent{5915c0a: PendingIntentRecord{2cda98 com.google.android.gms/com.google.android.gms.container startService}}) : type=3 listener=null listenerTag=null workSource=null callingPackage=com.google.android.gms callingUid=10125 triggerAtTime=315390908986 win=3600000 tElapsed=315390908986 maxElapsed=315394508986 interval=0 flags=0x0
05-07 05:49:31.565   988  3134 D AlarmManagerService: set alarm to kernel: 31651.685000000, type=2 
05-07 05:49:31.565   988  3134 D AlarmManagerService: set alarm to kernel: 30936.840000000, type=3 
05-07 05:49:31.698  1285  1315 V WindowManagerShell: Transition animation finished (aborted=false), notifying core (#117)android.os.BinderProxy@fba70a8@0
05-07 05:49:31.699   988  1018 V WindowManager: Finish Transition #117: created at 05-07 05:49:31.039 collect-started=0.083ms request-sent=0.225ms started=12.576ms ready=127.283ms sent=141.605ms finished=660.082ms
05-07 05:49:31.701   988  3166 W WindowManager: Exception thrown during dispatchAppVisibility Window{639512d u0 com.gtaxi.rider/com.gtaxi.rider.MainActivity EXITING}, [type=1]-[Surface(name=*Title#1732)/@0xc86d329, shown=false, alpha=0.0, windowType=1]
05-07 05:49:31.701   988  3166 W WindowManager: android.os.DeadObjectException
05-07 05:49:31.701   988  3166 W WindowManager: 	at android.os.BinderProxy.transactNative(Native Method)
05-07 05:49:31.701   988  3166 W WindowManager: 	at android.os.BinderProxy.transact(BinderProxy.java:599)
05-07 05:49:31.701   988  3166 W WindowManager: 	at android.view.IWindow$Stub$Proxy.dispatchAppVisibility(IWindow.java:546)
05-07 05:49:31.701   988  3166 W WindowManager: 	at com.android.server.wm.WindowState.sendAppVisibilityToClients(WindowState.java:3375)
05-07 05:49:31.701   988  3166 W WindowManager: 	at com.android.server.wm.WindowContainer.sendAppVisibilityToClients(WindowContainer.java:1293)
05-07 05:49:31.701   988  3166 W WindowManager: 	at com.android.server.wm.WindowToken.setClientVisible(WindowToken.java:409)
05-07 05:49:31.701   988  3166 W WindowManager: 	at com.android.server.wm.ActivityRecord.setClientVisible(ActivityRecord.java:7185)
05-07 05:49:31.701   988  3166 W WindowManager: 	at com.android.server.wm.ActivityRecord.postApplyAnimation(ActivityRecord.java:5833)
05-07 05:49:31.701   988  3166 W WindowManager: 	at com.android.server.wm.ActivityRecord.commitVisibility(ActivityRecord.java:5776)
05-07 05:49:31.701   988  3166 W WindowManager: 	at com.android.server.wm.Transition.finishTransition(Transition.java:1200)
05-07 05:49:31.701   988  3166 W WindowManager: 	at com.android.server.wm.TransitionController.finishTransition(TransitionController.java:937)
05-07 05:49:31.701   988  3166 W WindowManager: 	at com.android.server.wm.WindowOrganizerController.finishTransition(WindowOrganizerController.java:396)
05-07 05:49:31.701   988  3166 W WindowManager: 	at android.window.IWindowOrganizerController$Stub.onTransact(IWindowOrganizerController.java:286)
05-07 05:49:31.701   988  3166 W WindowManager: 	at com.android.server.wm.WindowOrganizerController.onTransact(WindowOrganizerController.java:181)
05-07 05:49:31.701   988  3166 W WindowManager: 	at android.os.Binder.execTransactInternal(Binder.java:1339)
05-07 05:49:31.701   988  3166 W WindowManager: 	at android.os.Binder.execTransact(Binder.java:1275)
05-07 05:49:31.702   988  3166 W Process : Unable to open /proc/31448/status
05-07 05:49:31.702   988  3166 I Process : Sending signal. PID: 31448 SIG: 9
05-07 05:49:31.704   603   603 D PowerHAL: enter power::setMode
05-07 05:49:31.704   603   603 D PowerHAL: PowerSessionManager::updateHintMode: mode: LAUNCH, enabled: 1
05-07 05:49:31.704   603   603 D PowerHAL: PowerSessionManager::updateHintMode resValue = 0
05-07 05:49:31.704   603   603 D PowerHAL: ###Enter launch scene bgn###
05-07 05:49:31.704   603   603 D PowerHAL: Enter common_set: enable:1, duration: 0, /sys/devices/system/cpu/cpufreq/policy0/scaling_min_freq: 1820000
05-07 05:49:31.704   603   603 D PowerHAL: Enter set_cluster_freqs_max_min: 
05-07 05:49:31.705   603   603 D PowerHAL: Enter common_set: enable:1, duration: 0, /sys/devices/system/cpu/cpufreq/policy0/scaling_max_freq: 1820000
05-07 05:49:31.705   603   603 D PowerHAL: Enter set_cluster_freqs_max_min: 
05-07 05:49:31.705   603   603 D PowerHAL: Enter common_set: enable:1, duration: 0, /sys/devices/system/cpu/cpufreq/policy6/scaling_min_freq: 2028000
05-07 05:49:31.705   603   603 D PowerHAL: Enter set_cluster_freqs_max_min: 
05-07 05:49:31.705   603   603 D PowerHAL: Enter common_set: enable:1, duration: 0, /sys/devices/system/cpu/cpufreq/policy6/scaling_max_freq: 2028000
05-07 05:49:31.705   603   603 D PowerHAL: Enter set_cluster_freqs_max_min: 
05-07 05:49:31.705   603   603 D PowerHAL: Enter devfreq_ddr_set: enable:1, duration: 0, /sys/class/devfreq/scene-frequency/sprd-governor/scene_boost_dfs: max
05-07 05:49:31.705   603   603 D PowerHAL: ###Enter launch scene end###
05-07 05:49:31.707   988  1021 D DisplayManagerService: Ignore redundant display event 0/2 to 10123/28115
05-07 05:49:31.707   988  1021 D DisplayManagerService: Ignore redundant display event 0/2 to 10150/30066
05-07 05:49:31.708   988  3166 I ActivityTaskManager: Config changes=20000000{CONFIG_WINDOW_CONFIGURATION}, size=28, {1.0 ?mcc0mnc [en_US] ldltr sw711dp w711dp h1090dp 180dpi lrg port night finger -keyb/v/h -nav/h winConfig={ mBounds=Rect(0, 0 - 800, 1280) mAppBounds=Rect(0, 0 - 800, 1253) mMaxBounds=Rect(0, 0 - 800, 1280) mDisplayRotation=ROTATION_180 mWindowingMode=fullscreen mDisplayWindowingMode=fullscreen mActivityType=undefined mAlwaysOnTop=undefined mRotation=ROTATION_180} s.806 fontWeightAdjustment=0}
05-07 05:49:31.714   988  3166 I WindowManager: Override config changes=20000000 {1.0 ?mcc0mnc [en_US] ldltr sw711dp w711dp h1090dp 180dpi lrg port night finger -keyb/v/h -nav/h winConfig={ mBounds=Rect(0, 0 - 800, 1280) mAppBounds=Rect(0, 0 - 800, 1253) mMaxBounds=Rect(0, 0 - 800, 1280) mDisplayRotation=ROTATION_180 mWindowingMode=fullscreen mDisplayWindowingMode=fullscreen mActivityType=undefined mAlwaysOnTop=undefined mRotation=ROTATION_180} s.806 fontWeightAdjustment=0} for displayId=0
05-07 05:49:31.714   635   635 I Layer   : fillInputInfo layer:com.gtaxi.rider/com.gtaxi.rider.MainActivity#1732, visible=0 (hasInputInfo:1, isHidden:1, alpha:1.000000, parent:639512d com.gtaxi.rider/com.gtaxi.rider.MainActivity#1731,parenthidden:1, parentalpha:1.000000, mBuffer:1, mSidebandStream:0,hasSomethingToDraw:1, hasEffect:0, fillsColor:0, drawShadows:0, hasBlur:0)
05-07 05:49:31.714   635   635 I Layer   : fillInputInfo layer:e1a4bee ActivityRecordInputSink com.gtaxi.rider/.MainActivity#1729, visible=0 (hasInputInfo:1, isHidden:1, alpha:1.000000, parent:ActivityRecord{c69088f u0 com.gtaxi.rider/.MainActivity#1715,parenthidden:1, parentalpha:1.000000, mBuffer:0, mSidebandStream:0,hasSomethingToDraw:0, hasEffect:0, fillsColor:0, drawShadows:0, hasBlur:0)
05-07 05:49:31.718  1285  1285 D NavBarView: STATUS_BAR_DISABLE_HOME is 2097152, STATUS_BAR_DISABLE_BACK is 4194304, mNavBarMode is 2, mDisabledFlags is 0
05-07 05:49:31.718  1285  1285 D NavBarView: disableBack is true, disableHome is true, disableRecent is true, disableHomeHandle is false
05-07 05:49:31.720  1642  1642 D b/254119092: TaskbarManager#mComponentCallbacks.onConfigurationChanged: {1.0 ?mcc0mnc [en_US] ldltr sw711dp w711dp h1090dp 180dpi lrg port night finger -keyb/v/h -nav/h winConfig={ mBounds=Rect(0, 0 - 800, 1280) mAppBounds=Rect(0, 0 - 800, 1253) mMaxBounds=Rect(0, 0 - 800, 1280) mDisplayRotation=ROTATION_180 mWindowingMode=fullscreen mDisplayWindowingMode=fullscreen mActivityType=undefined mAlwaysOnTop=undefined mRotation=ROTATION_180} s.806 fontWeightAdjustment=0}
05-07 05:49:31.720  1642  1642 D b/254119092: mActivity and mContext agree taskbarIsPresent=false
05-07 05:49:31.720  1642  1642 D b/254119092: ComponentCallbacks#onConfigurationChanged() configDiffForRecreate={CONFIG_WINDOW_CONFIGURATION}
05-07 05:49:31.720  1642  1642 D b/254119092: mActivity and mContext agree taskbarIsPresent=false
05-07 05:49:31.722  1642  1642 D b/254119092: DisplayController#onConfigurationChanged: {1.0 ?mcc0mnc [en_US] ldltr sw711dp w711dp h1090dp 180dpi lrg port night finger -keyb/v/h -nav/h winConfig={ mBounds=Rect(0, 0 - 800, 1280) mAppBounds=Rect(0, 0 - 800, 1253) mMaxBounds=Rect(0, 0 - 800, 1280) mDisplayRotation=ROTATION_180 mWindowingMode=fullscreen mDisplayWindowingMode=fullscreen mActivityType=undefined mAlwaysOnTop=undefined mRotation=ROTATION_180} s.806 fontWeightAdjustment=0}
05-07 05:49:31.729  1285  1315 V WindowManagerShell: Track 0 became idle
05-07 05:49:31.729  1285  1315 V WindowManagerShell: All active transition animations finished
05-07 05:49:31.729  1285  1315 V WindowManagerShell: Transition requested: android.os.BinderProxy@60c511c TransitionRequestInfo { type = CHANGE, triggerTask = null, remoteTransition = null, displayChange = DisplayChange { displayId = 0, startAbsBounds = null, endAbsBounds = null, startRotation = 0, endRotation = 2, physicalDisplayChanged = false } }
05-07 05:49:31.729  1285  1315 D WindowManagerShell: PipTaskOrganizer: Skip onMovementBoundsChanged on rotation change InSwipePipToHomeTransition=false mWaitForFixedRotation=true getTransitionState=0
05-07 05:49:31.736  1285  1285 D UniNavigationBarViewImpl: rotation= 2
05-07 05:49:31.737   988  1021 V BroadcastQueue: Enqueuing BroadcastRecord{dabbedf android.intent.action.CONFIGURATION_CHANGED/u-1} from uid 1000 pid 988 for 10 receivers
05-07 05:49:31.738  1285  1315 D WindowManagerShell: onFixedRotationFinished: null, state=PipTransitionState(mState=undefined, mInSwipePipToHomeTransition=false)
05-07 05:49:31.738   988  1021 I InputManager-JNI: Viewport [0] to add: local:4619827259835644672, isActive: true
05-07 05:49:31.738  1285  1285 I NoBackGesture: Config changed: newConfig={1.0 ?mcc0mnc [en_US] ldltr sw711dp w711dp h1090dp 180dpi lrg port night finger -keyb/v/h -nav/h winConfig={ mBounds=Rect(0, 0 - 800, 1280) mAppBounds=Rect(0, 0 - 800, 1253) mMaxBounds=Rect(0, 0 - 800, 1280) mDisplayRotation=ROTATION_180 mWindowingMode=fullscreen mDisplayWindowingMode=fullscreen mActivityType=undefined mAlwaysOnTop=undefined mRotation=ROTATION_180} s.837 fontWeightAdjustment=0} lastReportedConfig={1.0 ?mcc0mnc [en_US] ldltr sw711dp w711dp h1090dp 180dpi lrg port night finger -keyb/v/h -nav/h winConfig={ mBounds=Rect(0, 0 - 800, 1280) mAppBounds=Rect(0, 0 - 800, 1253) mMaxBounds=Rect(0, 0 - 800, 1280) mDisplayRotation=ROTATION_0 mWindowingMode=fullscreen mDisplayWindowingMode=fullscreen mActivityType=undefined mAlwaysOnTop=undefined mRotation=ROTATION_0} s.801 fontWeightAdjustment=0}
05-07 05:49:31.739  1285  1315 V WindowManagerShell: Display changed: 0
05-07 05:49:31.740   988  1124 I InputReader: Reconfiguring input devices, changes=DISPLAY_INFO
05-07 05:49:31.742  1285  1375 D mali_gralloc: unregister: id=24100000540, handle=0xb4000071cb6aff50, base=0x0, importpid=1285, count:0
05-07 05:49:31.745   577   577 I mali_gralloc: allocate: id=24100000550, hal_format=RGBA8888, mali_format=RGBA8888, afbc=SPLIT, usage=GPU_RW|HWC, size=800x54(208896), stride=800, name=VRI[NavigationBar0]#1(BLAST Consumer)1
05-07 05:49:31.746  1285  1375 D mali_gralloc: register: id=24100000550, handle=0xb4000071cb6aff50, importpid=-1, gRegisteredHandles=107
05-07 05:49:31.746   635   635 I BpBinder: onLastStrongRef automatically unlinking death recipients: 
05-07 05:49:31.749  1642  1642 D b/254119092: DisplayInfoChangeListener#CHANGE_ROTATION
05-07 05:49:31.749  1642  1642 D b/254119092: mActivity and mContext agree taskbarIsPresent=false
05-07 05:49:31.753   635   682 D mali_gralloc: register: id=24100000550, handle=0xb400006f0f19fd90, importpid=1285, gRegisteredHandles=14
05-07 05:49:31.753   635   684 D mali_gralloc: unregister: id=24100000540, handle=0xb400006f0f1a4230, base=0x0, importpid=635, count:0
05-07 05:49:31.762  1285  1285 D wjt     : PackageName = com.android.systemuigetFakeText old text antutu=35%
05-07 05:49:31.762   988  1018 V WindowManager: Sent Transition #118 createdAt=05-07 05:49:31.703 via request=TransitionRequestInfo { type = CHANGE, triggerTask = null, remoteTransition = null, displayChange = DisplayChange { displayId = 0, startAbsBounds = null, endAbsBounds = null, startRotation = 0, endRotation = 2, physicalDisplayChanged = false } }
05-07 05:49:31.762   988  1018 V WindowManager:     startWCT=WindowContainerTransaction { changes = {} hops = [] errorCallbackToken=null taskFragmentOrganizer=null }
05-07 05:49:31.762   988  1018 V WindowManager:     info={id=118 t=CHANGE f=0x0 trk=0 r=[0@Point(0, 0)] c=[{WCT{RemoteToken{101fdbd Task{3253f9b #266 type=standard A=1000:com.android.settings}}} m=CHANGE f=NONE p=WCT{RemoteToken{f9df4d8 DefaultTaskDisplayArea@176165308}} leash=Surface(name=Task=266#1405)/@0x60d2668 sb=Rect(0, 0 - 800, 1280) eb=Rect(0, 0 - 800, 1280) d=0 r=0->2:0},{WCT{RemoteToken{f9df4d8 DefaultTaskDisplayArea@176165308}} m=CHANGE f=NONE p=WCT{RemoteToken{a8cba2a Display{#0 state=ON size=800x1280 ROTATION_180}}} leash=Surface(name=DefaultTaskDisplayArea#9)/@0xe8a66e3 sb=Rect(0, 0 - 800, 1280) eb=Rect(0, 0 - 800, 1280) d=0 r=0->2:-1},{WCT{RemoteToken{a8cba2a Display{#0 state=ON size=800x1280 ROTATION_180}}} m=CHANGE f=IS_DISPLAY leash=Surface(name=WindowedMagnification:0:31#4)/@0x5796630 sb=Rect(0, 0 - 800, 1280) eb=Rect(0, 0 - 800, 1280) d=0 r=0->2:3}]}
05-07 05:49:31.763   988  1736 I WindowManager: finishDrawing of orientation change: Window{9a0121 u0 NavigationBar0}, [type=2019]-[Surface(name=*Title#85)/@0x5b5fbf0, shown=false, alpha=0.0, windowType=2019] 36ms
05-07 05:49:31.763   988  1736 D WindowManager: finishDrawingLocked: merge with mWin.mSyncTransaction!!! ,mWin = Window{9a0121 u0 NavigationBar0}, [type=2019]-[Surface(name=*Title#85)/@0x5b5fbf0, shown=false, alpha=0.0, windowType=2019] ,inputHandle = 9a0121 NavigationBar0, frame=[0,0,0,0], touchableRegion=SkRegion(), scaleFactor=1.0, transform=null, windowToken=android.os.BinderProxy@750c32b, displayId=0, isClone=false, packageName=com.android.systemui, ownerPid=1285, touchableRegionSurfaceControl=java.lang.ref.WeakReference@d0a47ec, replaceTouchableRegionWithCrop=false, changed=false
05-07 05:49:31.763  1285  1315 V WindowManagerShell: onTransitionReady android.os.BinderProxy@60c511c: {id=118 t=CHANGE f=0x0 trk=0 r=[0@Point(0, 0)] c=[{WCT{android.window.IWindowContainerToken$Stub$Proxy@9d18b20} m=CHANGE f=NONE p=WCT{android.window.IWindowContainerToken$Stub$Proxy@15c2cd9} leash=Surface(name=Task=266#1405)/@0xbba84c6 sb=Rect(0, 0 - 800, 1280) eb=Rect(0, 0 - 800, 1280) d=0 r=0->2:0},{WCT{android.window.IWindowContainerToken$Stub$Proxy@2bf669e} m=CHANGE f=NONE p=WCT{android.window.IWindowContainerToken$Stub$Proxy@8f7057f} leash=Surface(name=DefaultTaskDisplayArea#9)/@0xa030c87 sb=Rect(0, 0 - 800, 1280) eb=Rect(0, 0 - 800, 1280) d=0 r=0->2:-1},{WCT{android.window.IWindowContainerToken$Stub$Proxy@414394c} m=CHANGE f=IS_DISPLAY leash=Surface(name=WindowedMagnification:0:31#4)/@0x887a7b4 sb=Rect(0, 0 - 800, 1280) eb=Rect(0, 0 - 800, 1280) d=0 r=0->2:3}]}
05-07 05:49:31.764  1285  1315 V WindowManagerShell: Playing animation for (#118)android.os.BinderProxy@60c511c@0
05-07 05:49:31.764  1285  1315 V WindowManagerShell:  try handler com.android.wm.shell.transition.DefaultMixedHandler@32c573b
05-07 05:49:31.764  1285  1315 V WindowManagerShell:  try handler com.android.wm.shell.keyguard.KeyguardTransitionHandler@f174e58
05-07 05:49:31.764  1285  1315 V WindowManagerShell:  try handler com.android.wm.shell.activityembedding.ActivityEmbeddingController@6db5bb1
05-07 05:49:31.764  1285  1315 V WindowManagerShell:  try handler com.android.wm.shell.recents.RecentsTransitionHandler@d3c2896
05-07 05:49:31.764  1285  1315 V ShellRecents: RecentsTransitionHandler.startAnimation: no controller found
05-07 05:49:31.764  1285  1315 V WindowManagerShell:  try handler com.android.wm.shell.pip.PipTransition@ff2c17
05-07 05:49:31.764  1285  1315 V WindowManagerShell:  try handler com.android.wm.shell.splitscreen.StageCoordinator@cdef804
05-07 05:49:31.764  1285  1315 V WindowManagerShell:  try handler com.android.wm.shell.transition.RemoteTransitionHandler@19901ed
05-07 05:49:31.764  1285  1315 V WindowManagerShell:  try handler com.android.wm.shell.transition.DefaultTransitionHandler@70a3822
05-07 05:49:31.764  1285  1315 V WindowManagerShell: start default transition animation, info = {id=118 t=CHANGE f=0x0 trk=0 r=[0@Point(0, 0)] c=[{WCT{android.window.IWindowContainerToken$Stub$Proxy@9d18b20} m=CHANGE f=NONE p=WCT{android.window.IWindowContainerToken$Stub$Proxy@15c2cd9} leash=Surface(name=Task=266#1405)/@0xbba84c6 sb=Rect(0, 0 - 800, 1280) eb=Rect(0, 0 - 800, 1280) d=0 r=0->2:0},{WCT{android.window.IWindowContainerToken$Stub$Proxy@2bf669e} m=CHANGE f=NONE p=WCT{android.window.IWindowContainerToken$Stub$Proxy@8f7057f} leash=Surface(name=DefaultTaskDisplayArea#9)/@0xa030c87 sb=Rect(0, 0 - 800, 1280) eb=Rect(0, 0 - 800, 1280) d=0 r=0->2:-1},{WCT{android.window.IWindowContainerToken$Stub$Proxy@414394c} m=CHANGE f=IS_DISPLAY leash=Surface(name=WindowedMagnification:0:31#4)/@0x887a7b4 sb=Rect(0, 0 - 800, 1280) eb=Rect(0, 0 - 800, 1280) d=0 r=0->2:3}]}
05-07 05:49:31.765  1285  1315 V WindowManagerShell: Display is changing, resolve the animation hint.
05-07 05:49:31.765  1285  1315 V WindowManagerShell:   display requests explicit seamless
05-07 05:49:31.767  1285  1315 V WindowManagerShell: Transition animation finished (aborted=false), notifying core (#118)android.os.BinderProxy@60c511c@0
05-07 05:49:31.767  1285  1827 D BLASTBufferQueue: [VRI[NavigationBar0]#1](f:0,a:2) PendingRelease=1, PendingBuffersToHold=0, SyncedFrameNumbers=0, lacfnr:98, lapfnr:98
05-07 05:49:31.767  1285  1827 D mali_gralloc: unregister: id=24100000543, handle=0xb4000071cb652050, base=0x0, importpid=1285, count:0
05-07 05:49:31.770  1793 31466 I NearbySharing: Network state changed: NetworkState(isRestricted=false, isOnline=true, isCongested=false, isMetered=false, isWifiConnected=true)
05-07 05:49:31.771  1285  1375 D mali_gralloc: unregister: id=24100000544, handle=0xb4000071cb6e2dd0, base=0x0, importpid=1285, count:0
05-07 05:49:31.771  1285  1375 D mali_gralloc: unregister: id=24100000546, handle=0xb4000071cb63c4b0, base=0x0, importpid=1285, count:0
05-07 05:49:31.771   635   684 D mali_gralloc: unregister: id=24100000543, handle=0xb400006f0f18b3f0, base=0x0, importpid=635, count:0
05-07 05:49:31.772   635   684 D mali_gralloc: unregister: id=24100000544, handle=0xb400006f0f1a0330, base=0x0, importpid=635, count:0
05-07 05:49:31.772   603   603 D PowerHAL: enter power::setMode
05-07 05:49:31.772   603   603 D PowerHAL: PowerSessionManager::updateHintMode: mode: LAUNCH, enabled: 0
05-07 05:49:31.772   603   603 D PowerHAL: PowerSessionManager::updateHintMode resValue = 0
05-07 05:49:31.772   603   603 D PowerHAL: ###Exit launch scene bgn###
05-07 05:49:31.772   603   603 D PowerHAL: Enter common_set: enable:0, duration: 0, /sys/devices/system/cpu/cpufreq/policy0/scaling_min_freq: 1820000
05-07 05:49:31.772   603   603 D PowerHAL: Enter set_cluster_freqs_max_min: 
05-07 05:49:31.772   603   603 D PowerHAL: Enter common_clear: 
05-07 05:49:31.773   635   684 D mali_gralloc: unregister: id=24100000546, handle=0xb400006f0f1a3270, base=0x0, importpid=635, count:0
05-07 05:49:31.773   603   603 D PowerHAL: Enter common_set: enable:0, duration: 0, /sys/devices/system/cpu/cpufreq/policy0/scaling_max_freq: 1820000
05-07 05:49:31.773   603   603 D PowerHAL: Enter set_cluster_freqs_max_min: 
05-07 05:49:31.773   603   603 D PowerHAL: Enter common_clear: 
05-07 05:49:31.773   988  1018 V WindowManager: Finish Transition #118: created at 05-07 05:49:31.703 collect-started=0.063ms request-sent=0.162ms started=33.097ms ready=34.005ms sent=56.167ms finished=69.224ms
05-07 05:49:31.773   603   603 D PowerHAL: Enter common_set: enable:0, duration: 0, /sys/devices/system/cpu/cpufreq/policy6/scaling_min_freq: 2028000
05-07 05:49:31.773   603   603 D PowerHAL: Enter set_cluster_freqs_max_min: 
05-07 05:49:31.773   603   603 D PowerHAL: Enter common_clear: 
05-07 05:49:31.773   603   603 D PowerHAL: Enter common_set: enable:0, duration: 0, /sys/devices/system/cpu/cpufreq/policy6/scaling_max_freq: 2028000
05-07 05:49:31.773   603   603 D PowerHAL: Enter set_cluster_freqs_max_min: 
05-07 05:49:31.773   603   603 D PowerHAL: Enter common_clear: 
05-07 05:49:31.773   603   603 D PowerHAL: Enter devfreq_ddr_set: enable:0, duration: 0, /sys/class/devfreq/scene-frequency/sprd-governor/scene_boost_dfs: max
05-07 05:49:31.774   603   603 D PowerHAL: ###Exit launch scene end###
05-07 05:49:31.775   577   577 I mali_gralloc: allocate: id=24100000551, hal_format=RGBA8888, mali_format=RGBA8888, afbc=SPLIT, usage=GPU_RW|HWC, size=800x27(104448), stride=800, name=VRI[StatusBar]#3(BLAST Consumer)3
05-07 05:49:31.775  1285  1375 D mali_gralloc: register: id=24100000551, handle=0xb4000071cb63c4b0, importpid=-1, gRegisteredHandles=105
05-07 05:49:31.777   988  1021 W ActivityManager: setHasOverlayUi called on unknown pid: 31448
05-07 05:49:31.781   635   683 D mali_gralloc: register: id=24100000551, handle=0xb400006f0f1a4fb0, importpid=1285, gRegisteredHandles=11
05-07 05:49:31.783  1285  1315 V WindowManagerShell: Track 0 became idle
05-07 05:49:31.783  1285  1315 V WindowManagerShell: All active transition animations finished
05-07 05:49:31.783  1285  1315 V WindowManagerShell:  animated by com.android.wm.shell.transition.DefaultTransitionHandler@70a3822
05-07 05:49:31.783  1285  1315 V WindowManagerShell: Track 0 became idle
05-07 05:49:31.783  1285  1315 V WindowManagerShell: All active transition animations finished
05-07 05:49:31.787   577   577 I mali_gralloc: allocate: id=24100000552, hal_format=RGBA8888, mali_format=RGBA8888, afbc=SPLIT, usage=GPU_RW|HWC, size=800x54(208896), stride=800, name=VRI[NavigationBar0]#1(BLAST Consumer)1
05-07 05:49:31.788  1285  1375 D mali_gralloc: register: id=24100000552, handle=0xb4000071cb6e2dd0, importpid=-1, gRegisteredHandles=106
05-07 05:49:31.791   635   683 D mali_gralloc: register: id=24100000552, handle=0xb400006f0f1a2bb0, importpid=1285, gRegisteredHandles=12
05-07 05:49:31.791   577   577 I mali_gralloc: allocate: id=24100000553, hal_format=RGBA8888, mali_format=RGBA8888, afbc=SPLIT, usage=GPU_RW|HWC, size=800x27(104448), stride=800, name=VRI[StatusBar]#3(BLAST Consumer)3
05-07 05:49:31.792  1285  1375 D mali_gralloc: register: id=24100000553, handle=0xb4000071cb6bc670, importpid=-1, gRegisteredHandles=107
05-07 05:49:31.797   635   683 D mali_gralloc: register: id=24100000553, handle=0xb400006f0f19c670, importpid=1285, gRegisteredHandles=13
05-07 05:49:31.798   577   577 I mali_gralloc: allocate: id=24100000554, hal_format=RGBA8888, mali_format=RGBA8888, afbc=SPLIT, usage=GPU_RW|HWC, size=800x27(104448), stride=800, name=VRI[StatusBar]#3(BLAST Consumer)3
05-07 05:49:31.798  1285  1375 D mali_gralloc: register: id=24100000554, handle=0xb4000071cb6c99f0, importpid=-1, gRegisteredHandles=108
05-07 05:49:31.798   988  3134 I WindowManager: finishDrawing of orientation change: Window{cfc62cb u0 StatusBar}, [type=2000]-[Surface(name=*Title#89)/@0x4d90bb0, shown=false, alpha=0.0, windowType=2000] 72ms
05-07 05:49:31.800  1285  1827 D BLASTBufferQueue: [VRI[NavigationBar0]#1](f:0,a:2) PendingRelease=1, PendingBuffersToHold=0, SyncedFrameNumbers=0, lacfnr:99, lapfnr:99
05-07 05:49:31.800  1285  1827 D BLASTBufferQueue: [VRI[StatusBar]#3](f:0,a:3) PendingRelease=1, PendingBuffersToHold=0, SyncedFrameNumbers=0, lacfnr:3072, lapfnr:3072
05-07 05:49:31.801  1285  1827 D mali_gralloc: unregister: id=24100000542, handle=0xb4000071cb6aad30, base=0x0, importpid=1285, count:0
05-07 05:49:31.803   635   683 D mali_gralloc: register: id=24100000554, handle=0xb400006f0f1a50d0, importpid=1285, gRegisteredHandles=14
05-07 05:49:31.803   635   684 D mali_gralloc: unregister: id=24100000542, handle=0xb400006f0f1a1650, base=0x0, importpid=635, count:0
05-07 05:49:31.812   635   635 E BpTransactionCompletedListener: Failed to transact (-32)
05-07 05:49:31.817  1285  1827 D BLASTBufferQueue: [VRI[StatusBar]#3](f:0,a:3) PendingRelease=1, PendingBuffersToHold=0, SyncedFrameNumbers=0, lacfnr:3073, lapfnr:3073
05-07 05:49:31.833  1285  1827 D BLASTBufferQueue: [VRI[StatusBar]#3](f:0,a:3) PendingRelease=1, PendingBuffersToHold=0, SyncedFrameNumbers=0, lacfnr:3074, lapfnr:3074
05-07 05:49:31.846   635   635 I Layer   : fillInputInfo layer:NavigationBar0#85, visible=1 (hasInputInfo:1, isHidden:0, alpha:0.066833, parent:9a0121 NavigationBar0#70,parenthidden:0, parentalpha:0.066833, mBuffer:1, mSidebandStream:0,hasSomethingToDraw:1, hasEffect:0, fillsColor:0, drawShadows:0, hasBlur:0)
05-07 05:49:31.847   635   635 I Layer   : fillInputInfo layer:StatusBar#89, visible=1 (hasInputInfo:1, isHidden:0, alpha:0.066833, parent:cfc62cb StatusBar#78,parenthidden:0, parentalpha:0.066833, mBuffer:1, mSidebandStream:0,hasSomethingToDraw:1, hasEffect:0, fillsColor:0, drawShadows:0, hasBlur:0)
05-07 05:49:31.848   578  2224 D SPRDHWComposer: HWC Range:1, HWC_Transfer:4
05-07 05:49:31.849   578  2224 D mali_gralloc: register: id=24100000551, handle=0xb40000734894e010, importpid=635, gRegisteredHandles=10
05-07 05:49:31.849   578  2224 D SPRDHWComposer: HWC Range:1, HWC_Transfer:4
05-07 05:49:31.849   578  2224 D mali_gralloc: register: id=24100000552, handle=0xb400007348947d10, importpid=635, gRegisteredHandles=11
05-07 05:49:31.852  1285  1827 D BLASTBufferQueue: [VRI[StatusBar]#3](f:0,a:3) PendingRelease=1, PendingBuffersToHold=0, SyncedFrameNumbers=0, lacfnr:3075, lapfnr:3075
05-07 05:49:31.864   578  2224 D mali_gralloc: register: id=24100000553, handle=0xb400007348949810, importpid=635, gRegisteredHandles=12
05-07 05:49:31.867  1285  1827 D BLASTBufferQueue: [VRI[StatusBar]#3](f:0,a:3) PendingRelease=1, PendingBuffersToHold=0, SyncedFrameNumbers=0, lacfnr:3076, lapfnr:3076
05-07 05:49:31.872   635   684 D mali_gralloc: unregister: id=24100000548, handle=0xb400006f0f1a3030, base=0x0, importpid=635, count:0
05-07 05:49:31.881   578  2224 D mali_gralloc: register: id=24100000554, handle=0xb40000734894ae90, importpid=635, gRegisteredHandles=13
05-07 05:49:31.885  1285  1827 D BLASTBufferQueue: [VRI[StatusBar]#3](f:0,a:3) PendingRelease=1, PendingBuffersToHold=0, SyncedFrameNumbers=0, lacfnr:3077, lapfnr:3077
05-07 05:49:31.901  1285  1827 D BLASTBufferQueue: [VRI[StatusBar]#3](f:0,a:3) PendingRelease=1, PendingBuffersToHold=0, SyncedFrameNumbers=0, lacfnr:3078, lapfnr:3078
05-07 05:49:31.918  1285  1827 D BLASTBufferQueue: [VRI[StatusBar]#3](f:0,a:3) PendingRelease=1, PendingBuffersToHold=0, SyncedFrameNumbers=0, lacfnr:3079, lapfnr:3079
05-07 05:49:31.935  1285  1827 D BLASTBufferQueue: [VRI[StatusBar]#3](f:0,a:3) PendingRelease=1, PendingBuffersToHold=0, SyncedFrameNumbers=0, lacfnr:3080, lapfnr:3080
05-07 05:49:31.952  1285  1827 D BLASTBufferQueue: [VRI[StatusBar]#3](f:0,a:3) PendingRelease=1, PendingBuffersToHold=0, SyncedFrameNumbers=0, lacfnr:3081, lapfnr:3081
05-07 05:49:31.969  1285  1827 D BLASTBufferQueue: [VRI[StatusBar]#3](f:0,a:3) PendingRelease=1, PendingBuffersToHold=0, SyncedFrameNumbers=0, lacfnr:3082, lapfnr:3082
05-07 05:49:31.986  1285  1827 D BLASTBufferQueue: [VRI[StatusBar]#3](f:0,a:3) PendingRelease=1, PendingBuffersToHold=0, SyncedFrameNumbers=0, lacfnr:3083, lapfnr:3083
05-07 05:49:32.002  1285  1827 D BLASTBufferQueue: [VRI[StatusBar]#3](f:0,a:2) PendingRelease=1, PendingBuffersToHold=0, SyncedFrameNumbers=0, lacfnr:3083, lapfnr:3083
05-07 05:49:32.029   988  1024 E UnisocWatchdog: UnisocWatchdogImpl sendMessage:0
05-07 05:49:32.030   988  1089 E UnisocWatchdog: UNISOCWATCHDOG_MESSAGE_TIMER30 trigger
05-07 05:49:32.150   988  1165 D ActivityManager: Skip enqueue broadcast because no receiver with Intent { act=com.android.server.action.NETWORK_STATS_UPDATED flg=0x40000010 }
05-07 05:49:34.170   571  1726 D bt_vendor: op for BT_VND_OP_LPM_WAKE_SET_STATE
05-07 05:49:34.281   988  1168 D WifiStaIfaceHidlImpl: getCachedScanData is not implemented by HIDL
05-07 05:49:34.290   988  1168 I HalDevMgr: bestIfaceCreationProposal is null, requestIface=STA, existingIface=[name=wlan0 type=STA]
05-07 05:49:34.292  1285  1285 D WifiSignalController: connected : true, level : 2, isDefault : true, inetCondition : 1, statusLabel : null
05-07 05:49:34.294  1285  1285 D StatusBarIconController: ignoring old pipeline callback because the new wifi icon is enabled
05-07 05:49:34.294  1285  1285 D StatusBarIconController: setIconVisibility: slot=wifi,visibility=true,tag=0
05-07 05:49:34.320  1285  1827 D BLASTBufferQueue: [VRI[StatusBar]#3](f:0,a:2) PendingRelease=1, PendingBuffersToHold=0, SyncedFrameNumbers=0, lacfnr:3084, lapfnr:3084
05-07 05:49:36.228  1381  1713 D IpClient/wlan0: interfaceLinkStateChanged: ifindex 28 up
05-07 05:49:37.297   988  1168 D WifiStaIfaceHidlImpl: getCachedScanData is not implemented by HIDL
05-07 05:49:37.306   988  1168 I HalDevMgr: bestIfaceCreationProposal is null, requestIface=STA, existingIface=[name=wlan0 type=STA]
05-07 05:49:38.592   988  2630 D AlarmManagerService: set alarm to kernel: 31651.685000000, type=2 
05-07 05:49:38.592   988  2630 D AlarmManagerService: set alarm to kernel: 30936.840000000, type=3 
05-07 05:49:39.926   988  1109 D ActivityManager: freezing 30399 com.google.android.apps.youtube.music
05-07 05:49:39.930   988  1109 D ActivityManager: freezing 29789 com.google.android.apps.turbo
05-07 05:49:39.931   988  1109 D ActivityManager: freezing 31195 com.android.chrome
05-07 05:49:39.932   988  1109 D ActivityManager: freezing 28827 android.process.acore
05-07 05:49:39.933   988  1109 D ActivityManager: freezing 21340 com.google.android.apps.photos
05-07 05:49:39.935   988  1109 D ActivityManager: freezing 28802 com.google.process.gservices
05-07 05:49:39.936   988  1109 D ActivityManager: freezing 30410 com.google.android.googlequicksearchbox:search
05-07 05:49:39.938   988  1109 D ActivityManager: freezing 30118 com.google.android.apps.docs
05-07 05:49:39.940   988  1109 D ActivityManager: freezing 30020 com.android.keychain
05-07 05:49:39.940   988  1109 D ActivityManager: freezing 30066 com.google.android.videos
05-07 05:49:40.314   988  1168 D WifiStaIfaceHidlImpl: getCachedScanData is not implemented by HIDL
05-07 05:49:40.325   988  1168 I HalDevMgr: bestIfaceCreationProposal is null, requestIface=STA, existingIface=[name=wlan0 type=STA]
05-07 05:49:40.327  1793  1793 I MagicTether: (REDACTED) [ActiveNetworkTracker] setActiveNetwork: %s
05-07 05:49:40.327  1285  1359 D WifiSignalController: connected : true, level : 2, isDefault : true, inetCondition : 1, statusLabel : null
05-07 05:49:40.327  1793  1793 I MagicTether: (REDACTED) [TetherService] onActiveNetworkChanged: network=%s isLost=%s
05-07 05:49:40.328  1793 31467 I MagicTether: [WifiConnectionHandler] Ignoring getWifiConfigurationByNetworkId when checking connected state [CONTEXT service_id=276 ]
05-07 05:49:40.328  1793 31467 I MagicTether: [WifiConnectionHandler] No networkId set, can't be connected. [CONTEXT service_id=276 ]
05-07 05:49:40.328  1285  1285 D StatusBarIconController: ignoring old pipeline callback because the new wifi icon is enabled
05-07 05:49:40.328  1285  1285 D StatusBarIconController: setIconVisibility: slot=wifi,visibility=true,tag=0
05-07 05:49:40.329  1793 31467 I MagicTether: (REDACTED) [TetherService] TRANSPORT_CELLULAR [%s], TRANSPORT_ETHERNET [%s], TRANSPORT_WIFI [%s]
05-07 05:49:40.330  1793 31467 I MagicTether: (REDACTED) [TetherService] setRoles hasActiveNetworkConnection=%s canActiveNetworkBeTethered=%s isConnectedToInstantTether=%s isWifiEnabled=%s isHosting=%s
05-07 05:49:40.330  1793  3939 I NullBinder: NullBinder for android.net.action.RECOMMEND_NETWORKS triggering remote TransactionTooLargeException due to Service without Chimera impl, calling uid: 1000, calling pid: 0
05-07 05:49:40.330  1793  3939 W .gms.persistent: Large reply transaction of 1056768 bytes, interface descriptor , code 1
05-07 05:49:40.333  1793  1793 I MagicTether: (REDACTED) [LaunchUtils] Instant Wifi for status account: name: %s | type: %s | isLaunched: %s
05-07 05:49:40.334  1793  1793 I MagicTether: (REDACTED) [TidepoolFeatureStatusManager] isInstantHotspotEnabled=%s
05-07 05:49:40.334  1793  1793 I MagicTether: (REDACTED) [TidepoolFeatureStatusManager] isInstantWifiEnabled=%s
05-07 05:49:40.334  1793  1793 I MagicTether: (REDACTED) [TetherService] startNearbyClientRole: start: %s isInstantHotspotEnabled: %s isInstantWifiEnabled: %s
05-07 05:49:40.334  1793  1793 I MagicTether: [TetherService] Stopping Nearby client role [CONTEXT service_id=276 ]
05-07 05:49:40.334  1793  1793 I MagicTether: [ClientTetherRole] Client role already stopped [CONTEXT service_id=276 ]
05-07 05:49:40.336  1793  1793 I MagicTether: (REDACTED) [LaunchUtils] Instant Wifi for status account: name: %s | type: %s | isLaunched: %s
05-07 05:49:40.336  1793  1793 I MagicTether: (REDACTED) [TidepoolFeatureStatusManager] isInstantHotspotEnabled=%s
05-07 05:49:40.336  1793  1793 I MagicTether: (REDACTED) [TidepoolFeatureStatusManager] isInstantWifiEnabled=%s
05-07 05:49:40.336  1793  1793 I MagicTether: (REDACTED) [TetherService] startNearbyHostRole: start: %s isInstantHotspotEnabled: %s isInstantWifiEnabled: %s
05-07 05:49:40.336  1793  1793 I MagicTether: (REDACTED) [TidepoolFeatureStatusManager] isInstantHotspotEnabled=%s
05-07 05:49:40.336  1793  1793 I MagicTether: [HostTetherRole] Nearby host role already started [CONTEXT service_id=276 ]
05-07 05:49:40.828  1793 31432 I NearbySharing: Network state changed: NetworkState(isRestricted=false, isOnline=true, isCongested=false, isMetered=false, isWifiConnected=true)
05-07 05:49:40.866  1793 31432 I NearbyMediums: No BLE Fast/GATT advertisements found in the latest cycle.
05-07 05:49:40.867  1793 31432 I NearbyMediums: Current Tracked Scanning Clients are : {NearbyConnections.EnvironmentMonitor, NearbySharing, NearbyConnections.TxAdvertisement}
05-07 05:49:41.603 26393 26410 W ssioncontroller: ApkAssets: Deleting an ApkAssets object '<empty> and /system/framework/framework-res.apk' with 1 weak references
05-07 05:49:43.331   988  1168 D WifiStaIfaceHidlImpl: getCachedScanData is not implemented by HIDL
05-07 05:49:43.342   988  1168 I HalDevMgr: bestIfaceCreationProposal is null, requestIface=STA, existingIface=[name=wlan0 type=STA]
05-07 05:49:43.344  1793  1793 I MagicTether: (REDACTED) [ActiveNetworkTracker] setActiveNetwork: %s
05-07 05:49:43.344  1793  1793 I MagicTether: (REDACTED) [TetherService] onActiveNetworkChanged: network=%s isLost=%s
05-07 05:49:43.344  1793 31283 I MagicTether: [WifiConnectionHandler] Ignoring getWifiConfigurationByNetworkId when checking connected state [CONTEXT service_id=276 ]
05-07 05:49:43.344  1793 31283 I MagicTether: [WifiConnectionHandler] No networkId set, can't be connected. [CONTEXT service_id=276 ]
05-07 05:49:43.344  1793  2561 I NullBinder: NullBinder for android.net.action.RECOMMEND_NETWORKS triggering remote TransactionTooLargeException due to Service without Chimera impl, calling uid: 1000, calling pid: 0
05-07 05:49:43.345  1793  2561 W .gms.persistent: Large reply transaction of 1056768 bytes, interface descriptor , code 1
05-07 05:49:43.345  1793 31283 I MagicTether: (REDACTED) [TetherService] TRANSPORT_CELLULAR [%s], TRANSPORT_ETHERNET [%s], TRANSPORT_WIFI [%s]
05-07 05:49:43.345  1793 31283 I MagicTether: (REDACTED) [TetherService] setRoles hasActiveNetworkConnection=%s canActiveNetworkBeTethered=%s isConnectedToInstantTether=%s isWifiEnabled=%s isHosting=%s
05-07 05:49:43.350  1793  1793 I MagicTether: (REDACTED) [LaunchUtils] Instant Wifi for status account: name: %s | type: %s | isLaunched: %s
05-07 05:49:43.350  1793  1793 I MagicTether: (REDACTED) [TidepoolFeatureStatusManager] isInstantHotspotEnabled=%s
05-07 05:49:43.350  1793  1793 I MagicTether: (REDACTED) [TidepoolFeatureStatusManager] isInstantWifiEnabled=%s
05-07 05:49:43.350  1793  1793 I MagicTether: (REDACTED) [TetherService] startNearbyClientRole: start: %s isInstantHotspotEnabled: %s isInstantWifiEnabled: %s
05-07 05:49:43.350  1793  1793 I MagicTether: [TetherService] Stopping Nearby client role [CONTEXT service_id=276 ]
05-07 05:49:43.350  1793  1793 I MagicTether: [ClientTetherRole] Client role already stopped [CONTEXT service_id=276 ]
05-07 05:49:43.351  1793  1793 I MagicTether: (REDACTED) [LaunchUtils] Instant Wifi for status account: name: %s | type: %s | isLaunched: %s
05-07 05:49:43.351  1793  1793 I MagicTether: (REDACTED) [TidepoolFeatureStatusManager] isInstantHotspotEnabled=%s
05-07 05:49:43.351  1793  1793 I MagicTether: (REDACTED) [TidepoolFeatureStatusManager] isInstantWifiEnabled=%s
05-07 05:49:43.351  1793  1793 I MagicTether: (REDACTED) [TetherService] startNearbyHostRole: start: %s isInstantHotspotEnabled: %s isInstantWifiEnabled: %s
05-07 05:49:43.351  1793  1793 I MagicTether: (REDACTED) [TidepoolFeatureStatusManager] isInstantHotspotEnabled=%s
05-07 05:49:43.351  1793  1793 I MagicTether: [HostTetherRole] Nearby host role already started [CONTEXT service_id=276 ]
05-07 05:49:43.845  1793 31432 I NearbySharing: Network state changed: NetworkState(isRestricted=false, isOnline=true, isCongested=false, isMetered=false, isWifiConnected=true)
